category,product,source_url,observed_price_or_status,image_url,element_style,BtD_takeaway
服装-连衣裙,Rebel Romance Celestial Midi Stretch Smock Dress,https://www.rebelromance.co.uk/products/rebel-romance-celestial-midi-stretch-smock-dress,"£44.99 search result / metadata $62","http://www.rebelromance.co.uk/cdn/shop/files/celestialmid5-2_1200x1200.jpg?v=1769706192","black base with golden suns moons stars all-over print","Use lower-density placement and softer base colors to avoid witchy sameness"
服装-连衣裙,Redbubble Sun Moon Star Tarot A-Line Dress,https://www.redbubble.com/i/dress/Sun-Moon-Star-Tarot-by-phantastique/15322942.V4WQ8,"$60.28 search result","","tarot-style celestial all-over graphic","Avoid direct tarot framing unless BtD wants occult positioning"
服装-连衣裙,SHEIN Sun Moon Star Pattern Dress,https://m.shein.com/us/Skirt%2C-Faith%2C-Sun-Moon-Star-Pattern-Print-Casual-Vest-Dress%2C-Fashionable-And-Versatile-p-445605804.html,"$12.58 search result","","fast-fashion casual random celestial print","Compete through material story and original motif, not print alone"
服装-T恤,Pacsun OYSTER EXPEDITION The Sun Moon & Stars T-Shirt,https://www.pacsun.com/oyster-expedition/the-sun-moon-stars-t-shirt-0097519270135.html,"$28.69 search result","","vintage yellow tee with front/back graphics","Good structure: small chest mark plus larger back artwork"
服装-T恤,ZAFUL Celestial Sun Moon Star Graphic T-shirt,https://www.zaful.com/zaful-sun-moon-star-print-graphic-t-shirt-puid_4775299.html,"$17.99 metadata","https://gloimg.zafcdn.com/zaful/pdm-product-pic/Clothing/2021/04/26/goods-first-img/1623384683567768431.jpg?impolicy=high&imbypass=true","black tee, retro celestial print","Use as sameness benchmark; BtD should go lighter and more poetic"
服装-家居服,Target Sun Moon & Stars Women's Black Sleep Pajama Pants,https://www.target.com/p/-/A-1000118685,"$19.99 search result / out of stock","https://target.scene7.com/is/image/Target/GUEST_681575be-912d-4f1b-852b-6ce01fe591ee","sleepwear with celestial graphic","Sleep products naturally fit star/sun storytelling"
生活-眼镜,MiróShop Sunglasses L'Etoile matinale,https://miroshop.fmirobcn.org/en/glasses/1390-ulleres-de-sol-etoile-matinale.html,"€33 search result","","artwork-derived sunglasses from Miró Morning Star","Develop lens cloth, case, temple studs, not only printed frame"
生活-包袋,Solasta Co Sun Moon & Stars Tote Bag,https://solastacompany.com/products/sun-moon-stars-tote-bag,"$21 metadata","http://solastacompany.com/cdn/shop/files/all-over-print-tote-bag-yellow-15x15-front-6670d288b981a.jpg?v=1719694530","yellow tote with playful celestial all-over print","Yellow base can work if muted into cream/ochre"
生活-包袋,Shoporango Sun Moon & Stars Tote,https://www.shoporango.com/product-page/sun-moon-stars-tote,"£16 search result","","hand-painted cotton tote with burnt orange suns bronze moons olive stars","Strong reference for handmade warmth"
生活-包袋,ArtWow Sun Moon & Stars Cosmetic Bag,https://artwow.co/products/fashion/cosmetic-bag/inspiredimages/sun-moon-stars,"£14.99 search result","","linen zip cosmetic bag with cosmic artwork","Small pouches are low-risk print testing SKUs"
生活-包袋,TikTok Shop Sun Moon Stars Bag Search,https://shop.tiktok.com/us/k/sun-moon-stars-bag,"various low-price listings","","crossbody, backpack, beaded shoulder bag variations","Market is crowded; use hardware and silhouette for distinction"
生活-眼罩,Walmart PAYOHTO Kid Doodle Sun Moon Stars Sleep Mask,https://www.walmart.com/ip/6541469730,"$13.99 search result","","doodle sun moon stars sleep mask","Make adult, quiet, embroidered version"
生活-眼罩,Etsy Celestial Sun & Moon Sleep Mask,https://www.etsy.com/ca/listing/1704913882/celestial-galaxy-sleep-mask-eye-mask,"CA$13.87 search result","","handmade fleece/cotton sleep mask","Soft craft positioning fits giftable BtD"
生活-镜子,Piazza Pisano Sun and Moon Celestial Mirror,https://piazzapisano.com/en-ca/products/sun-and-moon-celestial-mirror,"$252 CAD search result","","handcrafted wood-carved sun face moon clouds stars","Humanized sun face works for warm home line"
生活-镜子,Tulup Decor Decorative Mirror Sun Moon Stars,https://tulupdecor.com/decorative-mirror-sun-moon-stars-00072637,"sizes 60x60 / 80x60 cm search result","","printed glass-frame mirror with celestial pattern","Mirror frame is a strong product surface for star/sun ring"
生活-镜子,Sticks Handmade Star Shaped Mirror,https://sticks.com/products/shaped-mirror-28,"$235 search result / sold out","","star-shaped mirror with sun and moon scene","Shape-as-symbol is more memorable than flat print"
生活-镜子,Zazzle Celestial Gold Sun And Moon Stars Compact Mirror,https://www.zazzle.com/celestial_gold_sun_and_moon_stars_green_compact_mirror-256962680864580598,"$18.07 search result","https://rlv.zcache.com/celestial_gold_sun_and_moon_stars_green_compact_mirror-r4b39a9c0fe3e49d7a1609d8a037636b5_z2h2u_630.jpg?rlvnet=1&view_padding=%5B285%2C0%2C285%2C0%5D","green base with gold celestial design","Compact mirrors can become portable talismans"
生活-收纳盒,Eric Francis Solunar Carved Sun Moon Stars Jewelry Box,https://www.ericfranciswoodworks.com/product-page/solunar-carved-sun-moon-stars-jewelry-box,"$65 metadata","https://static.wixstatic.com/media/a2b6cc_1ee7189b4638456db20350b388adfcaf~mv2.jpg/v1/fit/w_500,h_500,q_90/file.jpg","carved wooden box with pivoting lids","Put celestial motif into opening mechanism"
生活-收纳盒,The Picker Concept Sun Moon & Star Trinket Box,https://www.thepickerconcept.com/-homewares-/sun-moon-star-trinket-box,"A$15 / sold out metadata","http://static1.squarespace.com/static/5b0f9d628f5130da0a60d597/61b4982cf3c0e913479b7e95/62db64494844a91cb02465ff/1658590690242/1080D40F-046C-48C0-9FFA-EFA5FA6BACFD.jpg?format=1500w","vintage trinket box with sun lid and stars around side","Good 90s celestial benchmark"
生活-收纳盒,Gainsborough Ashcatcher Incense Burner Box Sun Moon Stars,https://www.gainsboroughgiftware.com/ashcatcher-incense-burner-box-sun-moon-stars/__64405,"wholesale login required","","wood incense storage box with gold sun moon star detail","Ritual goods can be made lighter and less occult"
生活-收纳盒,Atomic Wildflower Live By The Sun Love By The Moon Jewelry Box,https://www.atomicwildflower.com/products/live-by-the-sun-love-by-the-moon-embroidered-velvet-jewelry-box,"$36 metadata","http://www.atomicwildflower.com/cdn/shop/files/live-by-the-sun-love-by-the-moon-embroidered-velvet-jewelry-box-1.jpg?v=1774909389&width=1024","navy velvet embroidered celestial jewelry case","Embroidery plus soft storage fits BtD beautifully"
生活-收纳盒,Zazzle Sun Moon & Stars Keepsake Box,https://www.zazzle.com/sun_moon_stars_keepsake_box-246959444978387510,"$30.14 metadata","https://rlv.zcache.com/sun_moon_stars_keepsake_box-r0c23127e247a49dc817af6507ca124bf_a17ba_8byvr_630.jpg?view_padding=%5B285%2C0%2C285%2C0%5D","keepsake box with celestial graphic","Build story around storing a star or keeping sunlight"
生活-收纳盒,TikTok Shop Large Star Pattern Clothing Storage Box,https://shop.tiktok.com/us/pdp/large-star-pattern-clothing-storage-box-durable-non-woven/1732237650523361888,"search result listing","","non-woven clothing storage box with star/sun/moon pattern","Use sparse repeat for larger storage, avoid clutter"
