机会名称,人群,场景,核心需求,推荐价格带,产品形态,内容钩子,供应难度,竞争强度,平台优先级,风险备注,综合评分
新生开学文具/学习用品礼盒,初高中生/大学新生,开学/入学/班级分发,低客单、成套、省心、可批量分发且有开学仪式感,3-29元/件，19-59元/套,文具套装、笔筒、便签、书签、学习计划本、开学礼包,人均几元搞定新生礼物、班级/宿舍可复制清单,2,5,天猫/淘宝成交，小红书种草,同质化强，需要主题/IP/包装差异化,15.6
大学宿舍幸福感小件组合,大学生,返校/宿舍布置/室友互赠,宿舍空间改善、收纳、照明、舒适和自我照顾,19-99元,小夜灯、收纳、桌面风扇、插排、坐垫、保温杯组合,准大一宿舍好物、返校行李清单、寝室幸福感升级,3,4,小红书清单种草，天猫/淘宝转化,需避开学校电器功率限制,15.2
学生情侣低预算定制纪念礼,初高中生/大学生情侣,纪念日/520/生日/异地恋,不贵但显得用心、独一无二、可展示关系记忆,19-99元,照片定制、情侣书、刻字钥匙扣、拼图、手作材料包,百元内有仪式感、异地情侣礼物、送TA一本你们的书,3,3,小红书内容强，淘宝承接定制,交付周期和个性化售后要控好,16.0
3C配件礼盒化,大学生/高中生,开学装备/情侣实用礼/生日,学习娱乐高频使用，兼具实用和拿得出手,39-199元,蓝牙耳机、充电宝、手机壳、键盘鼠标、平板保护壳,学生党电子好物、男生角度想收到、开学数码补齐,4,5,天猫/淘宝成交，得物适合潮流款,品质/安全/售后要求高,13.2
平价饰品与情侣配件,初高中生/大学生情侣与同学,情侣礼物/同学生日/日常小惊喜,低预算表达关系，款式比材质更重要,5-59元,情侣手链、戒指、挂件、发夹、钥匙扣,学生党平价礼物、不会踩雷的小配饰、情侣同款,2,5,小红书选款，淘宝成交,低价竞争严重，需做审美和包装,15.6
个护香氛小礼盒,高中/大学女生、情侣,生日/同学互赠/情侣送礼,香味、精致、体面，价格不能太高,29-99元,护手霜、香水小样、润唇、头发香氛、洗护旅行装,送女生不踩雷、氛围感香味、精致但平价,3,4,小红书种草，天猫/得物礼盒转化,未成年人美妆个护表达要克制，避免成人化,15.2
IP潮玩/毛绒/盲盒礼物,初高中生/大学女生/同学朋友,生日/节日/交换礼物,可爱、情绪价值、拆礼物体验和收藏展示,9-99元,毛绒玩偶、盲盒、公仔、三丽鸥/热门IP周边,可爱小物、收到会开心、宿舍桌面治愈,3,4,小红书/得物看趋势，淘宝承接长尾,正版授权/IP侵权风险,15.2
毕业/升学纪念套装,初高中毕业生/大学毕业生,毕业季/高考后/中考后/同学互赠,留念、集体关系、可签名/可定制,19-199元,毕业拼图、同学录、照片书、签名相框、班级纪念礼包,毕业礼物准备好了吗、小众高级毕业礼、班级纪念,3,3,小红书灵感，淘宝定制成交,季节性强，需提前备战4-7月,16.0
班级奖励/教培小礼品供给,教师/家委会/教培机构，受礼人为学生,课堂奖励/积分兑换/期末表彰,极低单价、高颜值、不挑人、可批量采购,0.8-9.9元/件,小积木、捏捏乐、励志摆件、可爱文具、挂件,全班都抢着要、人均几元、奖励小礼物,2,5,淘宝批量成交，小红书教师内容引流,非学生自购核心，但能带来批量订单,15.6
得物式潮流礼盒/明星同款礼盒,大学生/95后00后情侣与朋友,520/情人节/生日/悦己,礼盒感、潮流背书、兴趣认同、社交展示,99-399元,珠宝配饰、美妆、家居潮流小件、明星同款礼盒,拿得出手又不贵、明星同款礼盒、礼盒拆开很精致,4,4,得物观察趋势，天猫/淘宝做平替或联名,需要品牌/IP/达人资源，不适合纯白牌硬仿,14.0
