sampleId,sourcePlatform,keyword,title,audience,scenario,categories,motives,likedCount,collectedCount,commentCount,sharedCount,engagementScore,hasDetail,descExcerpt,commentNeedSignals,suspectedCommercial,capturedAt
xhs_fc72cfd269,小红书,开学礼物 学生,📚研二学姐的开学好物分享🎒,泛学生/同学,开学/返校,其他礼物/综合,未显式,450,139,19,12,686,no,,,unknown,2026-06-12
xhs_e5ae010ddc,小红书,开学礼物 学生,全班都抢着要的高颜值奖品，低成本搞定！,边缘低龄/教师奖励,开学/返校,文具手账|饰品配件|IP潮玩/玩具|服饰鞋包,平价性价比|实用刚需|仪式感/情绪价值|颜值/可爱,934,618,1,175,2001,yes,班级奖品天花板来了！ 平价｜实用｜高颜值｜学生超爱 课堂小奖励、期末表彰都适配 几块钱就能拥有的快乐 孩子学习动力直接拉满💯 老师/班委闭眼抄作业！ ✅街景积木：男孩女孩都能玩，不挑人，当集体奖品、进步奖、优秀奖都合适。 ✅搞怪笔筒：可爱、沙雕、搞怪造型，学生看到就想要，比普通文具吸睛太多。 ✅变色烤鸭：遇阳光/紫外线就变“烤鸭色”，室内变回小白鸭，学生觉得超神奇。 ✅包子捏捏乐：白白胖胖超萌，软乎乎超回弹，捏下去像真包子，学习累了捏一,@C桶,yes,2026-06-12
xhs_05a6826df0,小红书,开学礼物 学生,小预算人均3.98r搞定新生开学礼物‼️,泛学生/同学,开学/返校,其他礼物/综合,平价性价比,178,106,4,66,422,no,,,unknown,2026-06-12
xhs_17fc89be7f,小红书,开学礼物 学生,,泛学生/同学,开学/返校,其他礼物/综合,未显式,72,25,1,5,113,no,,,unknown,2026-06-12
xhs_8635adebfb,小红书,开学礼物 学生,男孩送礼就选它！智能又暖心,边缘低龄/教师奖励,开学/返校,文具手账|IP潮玩/玩具,实用刚需|颜值/可爱,768,386,30,81,1450,yes,生活在十八线城市真的太难了 给孩子体验的项目太少 玩乐的地方更少😮‍💨 在家看电视📺出门又吵着要玩手机，不给就闹脾气 给了不仅伤👁️ 而且还容易上瘾 直到刷到这个汤姆猫随身AI，才发现带娃能这么省心！给哥哥买了一个 不仅能陪玩聊天 还可以英语口语跟练 里面有“魔力英语”和“魔力翻译官”的功能 给孩子训练口语能力简直是太好了 安排上之后，我们大宝真的不会偷偷看电视了 现在出门遛弯走哪儿挂哪儿，恨不得去学校也带着 已经成为了它形影不离的小伙,好想要呀 | 这个可以和爸妈联系吗？能爸妈说话吗 | 我家小典是个小话唠，真的需要一个汤姆猫ai来替我分担 哈哈 | 这个很好用，十万个为什么升级版,yes,2026-06-12
xhs_ec602d9b7f,小红书,开学礼物 学生,超详细高中生送礼指南（平价无广）,初高中生,开学/返校,食品零食|服饰鞋包,平价性价比|实用刚需,5852,2399,13,136,9200,yes,大家是不是经常不知道送朋友什么礼物？身为高中生又预算有限，害怕送不到朋友喜欢的礼物🎁 希望这份送礼指南可以帮助到你！包含送礼思路，送礼类型，还有如何包装[红色心形R]全程无广！ #平价生日礼物[话题]# #礼物送女生[话题]# #生日礼物推荐[话题]# #女生生日礼物[话题]# #平价实用好物分享[话题]# #高中[话题]# #礼物[话题]#,手工类的怎么选哇[哭惹R] | 猎罪图鉴！ | 这么全这么实用 | 想要那个巧克力的链接[害羞R][萌萌哒R],yes,2026-06-12
xhs_036b9f7cde,小红书,开学礼物 学生,,泛学生/同学,开学/返校,其他礼物/综合,未显式,0,0,0,0,0,no,,,unknown,2026-06-12
xhs_10a7d672f1,小红书,开学礼物 学生,准一年级小学生入学清单🧾精简必备版✅,边缘低龄/教师奖励,开学/返校,其他礼物/综合,实用刚需,123,83,23,8,288,no,,,unknown,2026-06-12
xhs_4f7e4954e5,小红书,开学礼物 学生,精简版.一年级开学用品‼️,边缘低龄/教师奖励,开学/返校,其他礼物/综合,未显式,124,56,16,8,240,no,,,unknown,2026-06-12
xhs_34a835f76a,小红书,开学礼物 学生,闭眼抄作业❗️9款玩不腻的益智玩具,边缘低龄/教师奖励,开学/返校,3C数码/配件|IP潮玩/玩具|服饰鞋包,未显式,638,473,3,106,1417,yes,开学啦，推荐几款3-7岁小朋友喜欢玩的益智玩具 🪀GAN智能魔方 扭转丝滑，打开蓝牙就可以和App连接，内含专业动画指导，实时练习与竞技，培养小朋友的逻辑思维能力和专注力记忆力，提升反应能力 🪀智能数独 2500道关卡，难度逐步递增，锻炼孩子的逻辑思维能力，好上手，说明清晰明了 🪀兔宝宝魔术箱 3个积木1个小兔子，由易到难，可以摆出几十种造型，培养孩子的空间想象能力逻辑思维能力 🪀智趣小火车 根据题卡按照形状将小火车串联起来，题型由易到,哪里有卖？什么价[哭惹R] | 不错 | 请问魔方型号,yes,2026-06-12
xhs_fb03f48b9f,小红书,开学礼物 学生,教培 学生礼物,泛学生/同学,开学/返校,定制纪念,定制纪念,655,438,28,129,1473,yes,百万教培礼物篇：送什么之给学生的转介绍礼物！———你的礼物我的礼物好像不一样！#独立教师[话题]# #教培[话题]# #加油教培人[话题]# #教育新机遇[话题]# #线上教学[话题]# #毕业季礼物[话题]# #开学礼物[话题]# #独立老师[话题]# #教师职业发展[话题]# #教培转型[话题]#,泡泡玛特还有卡啊 | 怎么进群啊 | 我要进群[哭惹R] | 不是，你怎么这么聪明的，怎么想出来的[哇R]马上去运用了,unknown,2026-06-12
xhs_96a239d3f7,小红书,开学礼物 学生,🧺开学必备｜准大一要买些什么,大学生,开学/返校,宿舍生活,平价性价比|实用刚需,969,378,5,76,1584,yes,还有什么需要准备的呢[萌萌哒R] #开学带这些[话题]# #大学宿舍好物[话题]# #开学好物[话题]# #生活必需用品[话题]# #学生党好物分享[话题]# #大学生好物[话题]# #好物分享[话题]# #宿舍必备[话题]# #宿舍平价好物[话题]# #新生开学[话题]#,那个床帘可以的，挺不错 | 都能用的上 | 都很实用哇😯 | 都是必备品,unknown,2026-06-12
xhs_7b9e990de7,小红书,开学礼物 学生,大一新生报道前必看！电子产品带哪些！,大学生,开学/返校,其他礼物/综合,未显式,480,230,34,23,881,no,,,unknown,2026-06-12
xhs_04afd66df7,小红书,开学礼物 学生,外甥女高考完要上大学了，送点什么好呢？,大学生,开学/返校,其他礼物/综合,未显式,7,2,61,0,131,no,,,unknown,2026-06-12
xhs_c49d15e15c,小红书,开学礼物 学生,长期主义｜考研党必备好物分享！🧸,大学生,开学/返校,3C数码/配件|文具手账|宿舍生活|饰品配件|服饰鞋包,平价性价比|实用刚需|仪式感/情绪价值,1403,475,7,54,2115,yes,本期是考研好物分享第二弹！ 看看有没有宝宝们需要的好物吧 #学生党平价好物[话题]# #翻包记[话题]# #考研[话题]# #考研好物[话题]# #学生党好物分享[话题]# #笔记本[话题]##大学生爱用[话题]# #年度幸福感好物[话题]# #护腰坐垫[话题]# #可调节腰靠[话题]#,托特包包和平板多少钱？ | 插排在哪买啊 识图没搜到[抽泣R] | 小风扇是充电款还是插电款 | 他们说到处评论评论就会有流量,unknown,2026-06-12
xhs_1a4c1c7af6,小红书,开学礼物 学生,教培老师送学生小礼物推荐！第二弹来咯,泛学生/同学,开学/返校,其他礼物/综合,未显式,62,25,6,8,118,no,,,yes,2026-06-12
xhs_036b9f7cde,小红书,开学礼物 学生,,泛学生/同学,开学/返校,其他礼物/综合,未显式,0,0,0,0,0,no,,,unknown,2026-06-12
xhs_57d0d969d9,小红书,开学礼物 学生,小学生自用好物清单🧾,边缘低龄/教师奖励,开学/返校,其他礼物/综合,实用刚需,64,23,0,2,96,no,,,unknown,2026-06-12
xhs_3df13ee4b1,小红书,开学礼物 学生,9岁女孩儿童节求推荐,边缘低龄/教师奖励,开学/返校,服饰鞋包,仪式感/情绪价值|颜值/可爱,356,132,84,46,764,yes,精致不肉疼的儿童节礼物，很需要！ 六一儿童节马上就快到了。倒计时20天精致仪式感必须到位。#小女孩生日礼物[话题]# #儿童节礼物[话题]# #小学生礼物[话题]# 但是送什么礼物呢？选了很多，还是纠结，不知道送什么。 姐妹们，你们都给宝宝选了什么礼物呢？ 发出来给我参考一下。,儿童喜不喜欢不知道。30➕的老阿姨可喜欢了[笑哭R] | 这个，没有小朋友不喜欢汪汪队！ | 想的脑壳疼，望远镜，labubu，化妆类首饰盒估计也会很爱 | 买个无人机或者平衡车,yes,2026-06-12
xhs_3041308823,小红书,开学礼物 学生,分享一些适合送给朋友的生日礼物78.0🎁,泛学生/同学,开学/返校,其他礼物/综合,平价性价比|仪式感/情绪价值|颜值/可爱,927,344,4,38,1439,yes,#平价生日礼物[话题]# #女生生日礼物[话题]# #可爱好物[话题]# #小众礼物[话题]# #高颜值礼物[话题]# #提升幸福感的小物[话题]# #创意礼物[话题]# #闺蜜礼物[话题]# #礼物送女生[话题]# #家中好物真心话小会[话题]#,我也在给闺闺找礼物，姐妹们有推荐的可以发我评论区吗[害羞R][害羞R] | 谁懂啊，把自己的经历写成歌，做成相框扫码就能听，每一句都很戳.心 5[飞吻R] | 我给我孩子买了这个手表，他真的很喜欢,yes,2026-06-12
xhs_10a7d672f1,小红书,入学礼物,准一年级小学生入学清单🧾精简必备版✅,边缘低龄/教师奖励,开学/返校,其他礼物/综合,实用刚需,123,83,23,8,288,no,,,unknown,2026-06-12
xhs_a4d111f57a,小红书,入学礼物,家有幼升小的宝贝看过来啦~,泛礼物/朋友,开学/返校,其他礼物/综合,未显式,264,293,1,55,728,no,,,unknown,2026-06-12
xhs_8e440017bb,小红书,入学礼物,实用好物｜送娃超体面的开学礼，仪式感拉满！,泛礼物/朋友,开学/返校,其他礼物/综合,实用刚需|仪式感/情绪价值|社交体面,206,63,16,28,361,no,,,unknown,2026-06-12
xhs_885ab65780,小红书,入学礼物,一年级新生近期收到的入学礼物🎁仪式感拉满,边缘低龄/教师奖励,开学/返校,其他礼物/综合,仪式感/情绪价值,19,5,6,2,40,no,,,unknown,2026-06-12
xhs_7c93013f1c,小红书,入学礼物,一年级新生爱用品,边缘低龄/教师奖励,开学/返校,其他礼物/综合,未显式,374,232,17,12,727,no,,,unknown,2026-06-12
xhs_c861da0c91,小红书,入学礼物,二年级每天在用的卷娃好物，便携好用,边缘低龄/教师奖励,开学/返校,3C数码/配件|文具手账,实用刚需,848,491,23,99,1680,yes,坐标北京，小学二年级，弟弟中班，今天给大家分享一下自用的学习好物！ 1.听力熊 2.AI拍学机 3.相机 4.录音机麦克风 5.口算宝 6.词典笔 7.单词机 8.耳麦 9.自律打卡机 #娃的兴趣养成记[话题]# #小学生礼物[话题]# #送给孩子的礼物[话题]# #激励孩子学习的动力[话题]# #儿童生日礼物[话题]# #适合小学生[话题]# #家有小学生[话题]# #便携[话题]# #省妈神器[话题]# #小红书校园日记[话题]#,词典笔什么牌子的 | 无限耳机什么牌子的哈 | 小相机是哪个牌子 | 这个ai拍学机是谁家的呀,unknown,2026-06-12
xhs_0c482a5dbb,小红书,入学礼物,,泛礼物/朋友,开学/返校,其他礼物/综合,未显式,0,0,0,0,0,no,,,unknown,2026-06-12
xhs_8635adebfb,小红书,入学礼物,男孩送礼就选它！智能又暖心,边缘低龄/教师奖励,开学/返校,文具手账|IP潮玩/玩具,实用刚需|颜值/可爱,768,386,30,81,1450,yes,生活在十八线城市真的太难了 给孩子体验的项目太少 玩乐的地方更少😮‍💨 在家看电视📺出门又吵着要玩手机，不给就闹脾气 给了不仅伤👁️ 而且还容易上瘾 直到刷到这个汤姆猫随身AI，才发现带娃能这么省心！给哥哥买了一个 不仅能陪玩聊天 还可以英语口语跟练 里面有“魔力英语”和“魔力翻译官”的功能 给孩子训练口语能力简直是太好了 安排上之后，我们大宝真的不会偷偷看电视了 现在出门遛弯走哪儿挂哪儿，恨不得去学校也带着 已经成为了它形影不离的小伙,好想要呀 | 这个可以和爸妈联系吗？能爸妈说话吗 | 我家小典是个小话唠，真的需要一个汤姆猫ai来替我分担 哈哈 | 这个很好用，十万个为什么升级版,yes,2026-06-12
xhs_fcfbef2801,小红书,入学礼物,幼儿园宝宝开学礼物，这6件好有意义呀！,边缘低龄/教师奖励,开学/返校,其他礼物/综合,未显式,175,137,7,18,394,no,,,unknown,2026-06-12
xhs_9085ec259a,小红书,入学礼物,一年级开学礼物大礼包🎁太值啦,边缘低龄/教师奖励,开学/返校,服饰鞋包,未显式,47,10,1,16,86,no,,,unknown,2026-06-12
xhs_67686746b6,小红书,入学礼物,一年级小男生最想要什么礼物呢？,边缘低龄/教师奖励,开学/返校,其他礼物/综合,未显式,65,38,41,13,215,no,,,unknown,2026-06-12
xhs_e2a46ae7d5,小红书,入学礼物,超详细的一年级入学好物清单！,边缘低龄/教师奖励,开学/返校,其他礼物/综合,实用刚需,179,157,25,4,439,no,,,unknown,2026-06-12
xhs_80be5156d8,小红书,入学礼物,小学生入学清单🧾｜学姐不踩雷分享,边缘低龄/教师奖励,开学/返校,其他礼物/综合,实用刚需,250,145,56,4,556,no,,,unknown,2026-06-12
xhs_16a80fa278,小红书,入学礼物,亲戚家小宝要上幼儿园了，我送啥🎁好一点,边缘低龄/教师奖励,开学/返校,其他礼物/综合,未显式,24,8,23,3,84,no,,,unknown,2026-06-12
xhs_98e4d4333c,小红书,入学礼物,儿童挑礼物，实用性价比两手抓,边缘低龄/教师奖励,开学/返校,3C数码/配件|IP潮玩/玩具|定制纪念,平价性价比|实用刚需|定制纪念,3846,1132,189,423,6329,yes,给0 - 15岁孩子选礼物可太难了，便宜的怕质量不行，贵的又肉疼，挑来选去，选择困难症都要犯了。选对礼物，不仅能让孩子开心，还能助力成长。要是选错，钱花了不说，孩子不喜欢，放家里还占地方。 别愁啦！今天就给大家分享那些性价比超高的礼物，绝对实用又不贵，不玩虚的，直接上干货，闭眼抄作业就行👇 #儿童节礼物[话题]# #儿童礼物[话题]# #618小红书买买节[话题]# #宝宝礼物[话题]# #益智玩具[话题]# #育儿经验分享[话题]# ,虽然我12岁，但是这里提供的10到15岁的礼物我都不喜欢[捂脸R] | 7岁不知道买什么了，0-15岁的礼物，除了头戴式耳机，另外全买过了[笑哭R]，怎么办，不知道送什么了[笑哭R] | 我想知道12岁女孩喜欢什么，小学毕业礼送什么好 | 显微镜是鸡肋吗,yes,2026-06-12
xhs_6178be39ab,小红书,入学礼物,一年级学习好物,边缘低龄/教师奖励,开学/返校,文具手账|宿舍生活,实用刚需|仪式感/情绪价值,692,595,45,30,1600,yes,每件都实用！给孩子满满的仪式感！#每秒都值得记录[话题]# #一年级[话题]# #好物分享[话题]# #学习好物[话题]#,请问图五和倾听者搭配的是什么教材啊？系统自带资源吗 | 请问图10的分层收纳有链接吗 | 13的阅读架是什么？ | 华容道适合多大孩子,yes,2026-06-12
xhs_0c482a5dbb,小红书,入学礼物,,泛礼物/朋友,开学/返校,其他礼物/综合,未显式,0,0,0,0,0,no,,,unknown,2026-06-12
xhs_364c2ed794,小红书,入学礼物,幼升小一年级入学清单，实用到朋友让甩🔗,边缘低龄/教师奖励,开学/返校,其他礼物/综合,实用刚需,64,43,1,7,131,no,,,unknown,2026-06-12
xhs_3df13ee4b1,小红书,入学礼物,9岁女孩儿童节求推荐,边缘低龄/教师奖励,开学/返校,服饰鞋包,仪式感/情绪价值|颜值/可爱,356,132,84,46,764,yes,精致不肉疼的儿童节礼物，很需要！ 六一儿童节马上就快到了。倒计时20天精致仪式感必须到位。#小女孩生日礼物[话题]# #儿童节礼物[话题]# #小学生礼物[话题]# 但是送什么礼物呢？选了很多，还是纠结，不知道送什么。 姐妹们，你们都给宝宝选了什么礼物呢？ 发出来给我参考一下。,儿童喜不喜欢不知道。30➕的老阿姨可喜欢了[笑哭R] | 这个，没有小朋友不喜欢汪汪队！ | 想的脑壳疼，望远镜，labubu，化妆类首饰盒估计也会很爱 | 买个无人机或者平衡车,yes,2026-06-12
xhs_4c9560063f,小红书,入学礼物,幼升小一年级入学清单👇妈妈们准备好了吗～,边缘低龄/教师奖励,开学/返校,文具手账|宿舍生活|服饰鞋包,实用刚需,1367,1191,46,201,3308,yes,一年级入学清单｜精简实用‼️快来抄作业。 女儿马上就上一年级，今天分享一些我给她准备 的刚需实用的幼升小开学好物，快来一起来看- 下吧❗️ 大部分都是幼小衔接这一年一直在用的 性欲价很高，很实用不踩雷❗ 选品原则： 🔅学习用品选择“不花哨”款，以免分心 🔅生活用品选择“实用”款，方便孩子收纳 书包:小学的书本低年级要带的还不是很多，所以选择轻便护脊的就行，不需要太大。 笔袋:简单轻便即可，太花会影响上课注意力 铅笔:选择粗三角或者六棱笔,一年级要这么多东西？！我家大宝9月份一年级。我除了书包铅笔橡皮一类的，别的都没准备[抓狂R] | 真的好齐全啊！ | 准备的真齐全[点赞R][玫瑰R] | 很实用,yes,2026-06-12
xhs_c6f56dc71f,小红书,返校好物 大学生,🎒大学生开学防忘带清单（完整版）,大学生,开学/返校,3C数码/配件|文具手账|宿舍生活|个护香氛|饰品配件|定制纪念|服饰鞋包,实用刚需|定制纪念,8757,5465,146,900,17503,yes,1.证件文件：身份证、学生证、钱包、复印件、社会实践报告、其他证件材料（全部放一个文件袋） 2.出发检查：车票（车站/时间）、宿舍钥匙/门卡（放随手拿得到的地方）、电动车/自行车钥匙、校园卡、电卡、水卡、饭卡、快递地址修改、教材 3.电子设备：电脑、电脑电源线、鼠标、键盘、鼠标垫、平板、电容笔、耳机（检查耳机仓）、备用机、U盘、充电宝、随身WiFi、各类设备充电器、手环、电动牙刷 4.日用消耗品：纸巾、湿巾、湿厕纸、洗脸巾、卫生巾、牙刷,开学焦虑熬通宵没睡着[哭惹R][哭惹R] | [害羞R][哇R]有没有同样是大一的同学一起，大学真的不能太摆烂，真的要学点真东西不至于毕业即失业[失望R]。本人07大一想找个同级（大一大二）的搭子一起相互督 | 好实用啊 姐妹 | 我身份证都放学校忘带回来了[doge],unknown,2026-06-12
xhs_7b9e990de7,小红书,返校好物 大学生,大一新生报道前必看！电子产品带哪些！,大学生,开学/返校,其他礼物/综合,未显式,480,230,34,23,881,no,,,unknown,2026-06-12
xhs_dba3067ed6,小红书,返校好物 大学生,女大寒假返校行李清单list,大学生,开学/返校,其他礼物/综合,实用刚需,257,138,16,13,487,no,,,unknown,2026-06-12
xhs_3903c9e021,小红书,返校好物 大学生,j人行李收纳｜又是一天返校日🏫🎒✨,大学生,开学/返校,3C数码/配件|宿舍生活|服饰鞋包,未显式,187049,32044,584,1199,231672,yes,看看我的带了些什么吧～ #行李收纳[话题]# #收纳[话题]# #沉浸式收纳[话题]# #返校大学生[话题]# #特种兵大学生[话题]# #j人[话题]# #cece[话题]# #行李箱[话题]# #cece行李箱[话题]#,不是，你电脑放行李箱不止，还放在底下，上面还有东西压着，是真猛阿[捂脸R] | j人是什么人啊？ | 你在大学不用穿衣服的吗？一件衣服都没带[笑哭R] | 不带书？,yes,2026-06-12
xhs_ad441bd07d,小红书,返校好物 大学生,大学生返校行李清单（超全版）,大学生,开学/返校,3C数码/配件|文具手账|宿舍生活|个护香氛|饰品配件|食品零食|服饰鞋包,实用刚需,1119,705,6,113,2216,yes,📦 返校行李清单#开学带这些[话题]# ❗最重要:宿舍/家里 钥匙、改网购收货地址、卫生巾应急 1️⃣证件🪪 身份证:实在忘记带了用支付宝电子身份证也可以乘高铁 学生证:高铁查学生票 校园卡 银行卡 + 少量现金:应急 2️⃣数码设备🖥️ 手机机器充电器 笔记本电脑及其充电器 平板及其充电器 蓝牙耳机 电脑鼠标（外设） 充电宝:高铁飞机需符合携带规定 3️⃣个护美妆🧊 洗面奶 + 洗脸巾 牙刷 + 牙膏 沐浴露 + 洗发露 洗衣液 爽肤,[惊恐R]我刚刚也列了个清单，总觉得少一项但想不起来是啥，看到你的笔记发现是证件 | 电脑！！我放着柜子差点忘记了！谢谢你！ | 到校了就推 | ❗❗❗最重要:宿舍/家里 钥匙、改网购收货地址、卫生巾应急,unknown,2026-06-12
xhs_fc72cfd269,小红书,返校好物 大学生,📚研二学姐的开学好物分享🎒,大学生,开学/返校,其他礼物/综合,未显式,450,139,19,12,686,no,,,unknown,2026-06-12
xhs_02a1eaa8c6,小红书,返校好物 大学生,大学生开学清单,大学生,开学/返校,宿舍生活|个护香氛,实用刚需,688,368,701,27,2608,yes,求拔草or推荐#大学生好物[话题]# #大学生必备[话题]# #好物推荐[话题]# #好物种草[话题]# #大学宿舍好物[话题]# #必买清单[话题]##购物清单[话题]# #开学季必备[话题]# #大学生的日常[话题]# #拔草种草[话题]#,有无好用的持久留香的东西呀，除了洗发水护发素[萌萌哒R] | 除螨喷雾要不要买啊[哭惹R] | 可以买粘毛器粘床上的头发什么的，然后配合除螨喷雾用。其实我不知道那个除螨喷雾究竟有没有用但是香香的有一个心灵安慰的作用 | 除了洗发水有没有可以让自己一天都香香的还很自然的好物[哭惹R],yes,2026-06-12
xhs_3c9094f382,小红书,返校好物 大学生,2026大一新生开学必备清单（超全女生版）,大学生,开学/返校,其他礼物/综合,实用刚需,80,62,7,5,181,no,,,unknown,2026-06-12
xhs_814a735294,小红书,返校好物 大学生,一篇说清26年大学生寒假返校必备清单‼️,大学生,开学/返校,3C数码/配件|文具手账|宿舍生活|个护香氛|定制纪念|食品零食|服饰鞋包,实用刚需|定制纪念,1237,948,20,154,2740,yes,2026寒假返校必备清单｜照着收拾，开学不慌！ 🎒 第一部分：返程随身包（路上必备） 这些物品单独装一个小包，放在手边，过安检、取用都方便。 🔹 证件类 身份证 学生证 + 校园卡 银行卡（带一张常用卡） 驾驶证（有的话带上，租车/备用证件） 🔹 电子设备 手机 + 充电线（备一根短的） 充电宝（充满电） 无线耳机 笔记本电脑 + 充电器（如果不放心托运） 🔹 随身物品 口罩（一包） 纸巾/湿巾 雨伞（折叠款，放包侧袋） 晕车药（如果需,更多大学生规划干货（竞赛，保研，考研，实习，就业），关注博主主页，干货多多[哇R] | [害羞R][哇R]有没有同样是大一的同学一起，大学真的不能太摆烂，真的要学点真东西不至于毕业即失业[失望R]。本人07大一想找个同级（大一大二）的搭子一起相互督 | 搓澡巾 | 好全，差点忘带腰带了[哭惹R],unknown,2026-06-12
xhs_d3c3c2f1bd,小红书,返校好物 大学生,大学生返校行李清单码住！文字版简介自取,大学生,开学/返校,其他礼物/综合,实用刚需,327,170,1,31,596,no,,,unknown,2026-06-12
xhs_735ba44247,小红书,返校好物 大学生,女大开学行李清单（超全直接照抄版）❗,大学生,开学/返校,其他礼物/综合,实用刚需,180,86,1,7,303,no,,,unknown,2026-06-12
xhs_9ab4d2fb38,小红书,返校好物 大学生,万物皆可howto丨大一新生入学前必购清单❗,大学生,开学/返校,其他礼物/综合,实用刚需,11,17,0,5,40,no,,,unknown,2026-06-12
xhs_9b36fef874,小红书,返校好物 大学生,🫧一期大学生必备的好物分享❗️附🔗版,大学生,开学/返校,3C数码/配件|宿舍生活,平价性价比|实用刚需,1336,599,64,21,2273,yes,感觉每一个东西都是咱们大学生几乎都会用到的，都是已经自己已经用了很久的东西了！#大学生必备[话题]# #开学好物[话题]##我的平价好物[话题]# #好用物分享[话题]# #宝藏好物[话题]# #无广告纯分享[话题]#,充电宝可以充几次电 | 耳机会漏音嘛宝宝[害羞R] | 行李箱怎么看着这么小啊[笑哭R] | 9.9的耳机现在卖完了[doge],yes,2026-06-12
xhs_ec8f61b07f,小红书,返校好物 大学生,🧸07女大丨在校提升幸福感好物,大学生,开学/返校,其他礼物/综合,仪式感/情绪价值,9,5,0,0,15,no,,,unknown,2026-06-12
xhs_3e2414d557,小红书,返校好物 大学生,大二｜返校下铺💕东西不一定要多 但要实用！,大学生,开学/返校,其他礼物/综合,实用刚需,237,34,5,5,298,no,,,unknown,2026-06-12
xhs_9400cb4933,小红书,返校好物 大学生,大学生返校必带清单！极简版！,大学生,开学/返校,其他礼物/综合,实用刚需,26,9,0,0,37,no,,,unknown,2026-06-12
xhs_8c7d071322,小红书,返校好物 大学生,大学生返校物品必备清单,大学生,开学/返校,其他礼物/综合,实用刚需,1,0,2,4,11,no,,,unknown,2026-06-12
xhs_3b87742eff,小红书,宿舍好物 大学生,大一开学了｜看看你还需要买些什么🧺,大学生,开学/返校,宿舍生活,实用刚需|颜值/可爱,2286,1240,21,105,4097,yes,看看还有没有要补充的生活用品呀#好物分享[话题]# #开学带这些[话题]# #大学生必备[话题]# #学生党好物分享[话题]# #开学好物[话题]# #宿舍必备[话题]# #大学生好物[话题]# #开学必备[话题]# #宿舍收纳好物[话题]# #大学宿舍好物[话题]#,都被种草了 | 这么多，学生党，没钱买 | 种草了 | 学生党有福了,yes,2026-06-12
xhs_273a61b874,小红书,宿舍好物 大学生,准大一码住！开学宿舍好物分享🛍️全员实用！！,大学生,开学/返校,3C数码/配件|宿舍生活|个护香氛,实用刚需,1446,571,32,25,2289,yes,来啦，考虑到好多宝宝饿快开学了，后面这个系列我也会给大家多测评多更新滴 1.小板凳 2.日抛隐形眼镜 3.💊箱 4.护肤品收纳 5.泡面碗 6.小风扇 7.洗脸巾 8.烧水壶 9.水杯 苏械广审(文)第300330-13363号 请仔细阅读产品说明书或在医务人员的指导下购买和使用，禁忌内容或者注意事项详见说明书，配戴本产品，应由眼视光专业人士进行验配 #好物分享[话题]# #宿舍好物[话题]# #大学生好物[话题]# #开学必备[话题],桌面收纳盒我也有！！！ | 卡皮巴拉也是送的吗[黄金薯R] | 这个凳子对气血不足的大学生来说刚刚好[斜眼R] | 小风扇很实用啊,yes,2026-06-12
xhs_0c68acce8f,小红书,宿舍好物 大学生,开学好物分享 真体验真反馈！,大学生,开学/返校,宿舍生活|服饰鞋包,平价性价比|实用刚需,3082,1221,59,89,4920,yes,#开学好物[话题]# #大学生好物分享[话题]# #宿舍必备[话题]# #好物安利[话题]# #无广告纯分享[话题]#,更新：冬天这个保温壶效果没那么好了 大家可以再看看别的 脏衣篓也是一直塌塌的 可以买个有支撑的[哭惹R] | 主包同款三件套，但是是在dy杏芙里买的[石化R]二百[石化R] | 结贴 学校不让按床帘，本人想把桌子和柜子的收纳空间改一下，变大且整齐一点[暗中观察R]，柜子本人目前打算买隔板隔开，桌子上还没有想法，桌子和后面墙也是有一定距离 | 三件套链接,yes,2026-06-12
xhs_7b9e990de7,小红书,宿舍好物 大学生,大一新生报道前必看！电子产品带哪些！,大学生,开学/返校,宿舍生活,未显式,480,230,34,23,881,no,,,unknown,2026-06-12
xhs_ec8e8af2c9,小红书,宿舍好物 大学生,高考后入学前必购清单！入学物品备忘录,大学生,开学/返校,宿舍生活|定制纪念,实用刚需|定制纪念,1258,1210,14,71,2965,yes,大一开学物品清单整理好了📦 从证件材料到床上用品，从学习工具到日常生活，再到军训必备，一次性帮你理清楚该带什么、怎么带。🧳 不用临时翻来翻去，也不用担心遗漏重要东西，照着准备就能直接出发🏫 开学行李按这份来整理，宿舍生活会顺很多，也更省心一点✨ #开学必备的清单[话题]# #高考不是结束而是新的开始[话题]# #开学季必备[话题]# #开学季好物[话题]# #准大学生必看[话题]# #开学带这些[话题]# #开学季[话题]# #开学轻装,盆子为什么要3个 | 有高考完准备学英语的吗[害羞R] | 收藏一波 | 已收藏,unknown,2026-06-12
xhs_fc72cfd269,小红书,宿舍好物 大学生,📚研二学姐的开学好物分享🎒,大学生,开学/返校,宿舍生活,未显式,450,139,19,12,686,no,,,unknown,2026-06-12
xhs_96a239d3f7,小红书,宿舍好物 大学生,🧺开学必备｜准大一要买些什么,大学生,开学/返校,宿舍生活,平价性价比|实用刚需,969,378,5,76,1584,yes,还有什么需要准备的呢[萌萌哒R] #开学带这些[话题]# #大学宿舍好物[话题]# #开学好物[话题]# #生活必需用品[话题]# #学生党好物分享[话题]# #大学生好物[话题]# #好物分享[话题]# #宿舍必备[话题]# #宿舍平价好物[话题]# #新生开学[话题]#,那个床帘可以的，挺不错 | 都能用的上 | 都很实用哇😯 | 都是必备品,unknown,2026-06-12
xhs_6d1bde5b01,小红书,宿舍好物 大学生,INTJ的大学生宿舍好物合集,大学生,开学/返校,宿舍生活,未显式,14,4,1,0,21,no,,,yes,2026-06-12
xhs_584ee8d658,小红书,宿舍好物 大学生,我爱Pdd之好物分享（第六弹）,大学生,开学/返校,宿舍生活|服饰鞋包,平价性价比|实用刚需,3621,1636,80,105,6064,yes,不知不觉 竟然买过 这么多东西 原来是一个很爱网购的小女孩 #大学生活分享篇[话题]##大学生好物分享[话题]##无广告纯分享[话题]##大学生平价好物[话题]##大一新生[话题]##我在宿舍搞装修[话题]##大学生必备[话题]# #自用好物分[话题]# #大学宿舍[话题]##pdd[话题]#,穿起来响么 有臭味么 | 这种平价好物真的不错[偷笑R] | 那个耳塞是假货吧 | 耳塞真的很好用(›´ω`‹),yes,2026-06-12
xhs_a14e7a22a1,小红书,宿舍好物 大学生,总结篇｜🧾长期主义万分满意的宿舍好物🫧,大学生,开学/返校,宿舍生活,未显式,415,218,4,18,733,no,,,unknown,2026-06-12
xhs_742fcb91df,小红书,宿舍好物 大学生,宿舍好物分享来啦 纯干货超实用！,大学生,开学/返校,宿舍生活,实用刚需,72,32,2,4,123,no,,,unknown,2026-06-12
xhs_bc369e9343,小红书,宿舍好物 大学生,准大一开学宿舍好物清单😛,大学生,开学/返校,宿舍生活,实用刚需,41,9,1,3,58,no,,,unknown,2026-06-12
xhs_37a88afd94,小红书,宿舍好物 大学生,06女大|宿舍好物分享,大学生,开学/返校,宿舍生活,未显式,37,9,11,5,77,no,,,unknown,2026-06-12
xhs_ee2205245c,小红书,宿舍好物 大学生,🛒女大学生宿舍爱用好物分享！无广！！,大学生,开学/返校,宿舍生活,未显式,287,87,17,17,459,no,,,yes,2026-06-12
xhs_c49d15e15c,小红书,宿舍好物 大学生,长期主义｜考研党必备好物分享！🧸,大学生,开学/返校,3C数码/配件|文具手账|宿舍生活|饰品配件|服饰鞋包,平价性价比|实用刚需|仪式感/情绪价值,1404,475,7,54,2116,yes,本期是考研好物分享第二弹！ 看看有没有宝宝们需要的好物吧 #学生党平价好物[话题]# #翻包记[话题]# #考研[话题]# #考研好物[话题]# #学生党好物分享[话题]# #笔记本[话题]##大学生爱用[话题]# #年度幸福感好物[话题]# #护腰坐垫[话题]# #可调节腰靠[话题]#,托特包包和平板多少钱？ | 插排在哪买啊 识图没搜到[抽泣R] | 小风扇是充电款还是插电款 | 他们说到处评论评论就会有流量,unknown,2026-06-12
xhs_8d234e8f7f,小红书,宿舍好物 大学生,大学寝室里买什么可以增加幸福感？,大学生,开学/返校,宿舍生活,实用刚需|仪式感/情绪价值,1676,603,734,250,4302,yes,#大学生[话题]# #大学生活[话题]# #大学宿舍好物[话题]# #理想的大学生活[话题]# #寝室[话题]# #大学生好物[话题]# #大学生精神支柱[话题]# #大学生必备[话题]# #宿舍必备[话题]# #提升幸福感好[话题]#,回家的车票[害羞R] | 幸福☺️ | 椅子啊啊啊啊真的巨舒服，比本来的硬椅子坐着得劲多了[心心眼R] | 下桌帘，最伟大的存在,unknown,2026-06-12
xhs_6e90c4b1b6,小红书,宿舍好物 大学生,女大学生长期主义好物分享来啦,大学生,开学/返校,宿舍生活,未显式,36,7,6,0,57,no,,,unknown,2026-06-12
xhs_49e2565ea2,小红书,学生党礼物,🇲🇾 身为老师的疑问,泛学生/同学,班级奖励/集体分发,其他礼物/综合,未显式,33,9,26,2,99,no,,,unknown,2026-06-12
xhs_c49d15e15c,小红书,学生党礼物,长期主义｜考研党必备好物分享！🧸,大学生,开学/返校,3C数码/配件|文具手账|宿舍生活|饰品配件|服饰鞋包,平价性价比|实用刚需|仪式感/情绪价值,1404,475,7,54,2116,yes,本期是考研好物分享第二弹！ 看看有没有宝宝们需要的好物吧 #学生党平价好物[话题]# #翻包记[话题]# #考研[话题]# #考研好物[话题]# #学生党好物分享[话题]# #笔记本[话题]##大学生爱用[话题]# #年度幸福感好物[话题]# #护腰坐垫[话题]# #可调节腰靠[话题]#,托特包包和平板多少钱？ | 插排在哪买啊 识图没搜到[抽泣R] | 小风扇是充电款还是插电款 | 他们说到处评论评论就会有流量,unknown,2026-06-12
xhs_3041308823,小红书,学生党礼物,分享一些适合送给朋友的生日礼物78.0🎁,泛学生/同学,同学/朋友日常,其他礼物/综合,平价性价比|仪式感/情绪价值|颜值/可爱,927,344,4,38,1439,yes,#平价生日礼物[话题]# #女生生日礼物[话题]# #可爱好物[话题]# #小众礼物[话题]# #高颜值礼物[话题]# #提升幸福感的小物[话题]# #创意礼物[话题]# #闺蜜礼物[话题]# #礼物送女生[话题]# #家中好物真心话小会[话题]#,我也在给闺闺找礼物，姐妹们有推荐的可以发我评论区吗[害羞R][害羞R] | 谁懂啊，把自己的经历写成歌，做成相框扫码就能听，每一句都很戳.心 5[飞吻R] | 我给我孩子买了这个手表，他真的很喜欢,yes,2026-06-12
xhs_c861da0c91,小红书,学生党礼物,二年级每天在用的卷娃好物，便携好用,边缘低龄/教师奖励,同学/朋友日常,3C数码/配件|文具手账,实用刚需,848,491,23,99,1680,yes,坐标北京，小学二年级，弟弟中班，今天给大家分享一下自用的学习好物！ 1.听力熊 2.AI拍学机 3.相机 4.录音机麦克风 5.口算宝 6.词典笔 7.单词机 8.耳麦 9.自律打卡机 #娃的兴趣养成记[话题]# #小学生礼物[话题]# #送给孩子的礼物[话题]# #激励孩子学习的动力[话题]# #儿童生日礼物[话题]# #适合小学生[话题]# #家有小学生[话题]# #便携[话题]# #省妈神器[话题]# #小红书校园日记[话题]#,词典笔什么牌子的 | 无限耳机什么牌子的哈 | 小相机是哪个牌子 | 这个ai拍学机是谁家的呀,unknown,2026-06-12
xhs_c9f4052896,小红书,学生党礼物,10岁小朋友生日礼物合集🦄必须送到心坎上,边缘低龄/教师奖励,同学/朋友日常,IP潮玩/玩具|食品零食|服饰鞋包,仪式感/情绪价值,8475,4500,108,1522,16824,yes,外甥女10岁啦！准备了10个礼物～（实际超了[偷笑R]） 平时家里娃娃玩偶太多了，这次娃娃类的都没有准备 10岁生日我们也准备了大红包🧧不过小孩子肯定还是喜欢实际的礼物哒！ 把10个礼物都包起来，装进大号的礼物盒🎁礼物盒也是特地挑的外甥女喜欢的粉粉三丽欧，一整个体验拆礼物的快感，情绪价值拉满[派对R] #小女孩生日礼物[话题]# #生日礼物推荐[话题]# #给孩子的仪式感[话题]# #小学生礼物[话题]##10岁生日[话题]#,这个可以给个店铺吗 | 求问同款尺寸[哭惹R][哭惹R] | 都觉得不错，有没有链接 | 巧克力是哪家呀,yes,2026-06-12
xhs_a5a6ec37ad,小红书,学生党礼物,🤲🏻Share｜一些让朋友平日能想起你的小礼物,泛学生/同学,同学/朋友日常,其他礼物/综合,未显式,562,366,9,19,1083,no,,,unknown,2026-06-12
xhs_4e68f716aa,小红书,学生党礼物,儿童节礼物2⃣️:小朋友们都喜欢的创意手工。,边缘低龄/教师奖励,同学/朋友日常,其他礼物/综合,未显式,666,463,28,30,1368,no,,,unknown,2026-06-12
xhs_3f6b12a4e7,小红书,学生党礼物,小朋友礼物🎁初中生礼物✅好用实用学生必备,初高中生,开学/返校,其他礼物/综合,实用刚需,126,49,5,10,214,no,,,unknown,2026-06-12
xhs_2cfd00e6b8,小红书,学生党礼物,小朋友的快乐很简单！便宜的奖励物品👍,边缘低龄/教师奖励,同学/朋友日常,其他礼物/综合,平价性价比,76,56,1,15,172,no,,,unknown,2026-06-12
xhs_949ebbcd53,小红书,学生党礼物,学生党电子产品好物合集⁺.*☆,边缘低龄/教师奖励,泛礼物灵感,3C数码/配件,实用刚需|仪式感/情绪价值|颜值/可爱,2667,615,16,103,3652,yes,#治愈[话题]# #可爱[话题]# #电子产品[话题]# #好物推荐[话题]# #上学[话题]# #学习[话题]# #古早[话题]# #拍立得[话题]# #好物分享[话题]# #学习好物[话题]#,二年级的女儿喜欢听歌，想买个IPOD，有推荐吗？或者MP3/MP4也可以 | 打印机是拍立得吗？还是要连接手机 | 打印机点买 | 打印机好用吗，楼主大大,yes,2026-06-12
xhs_07432b2b01,小红书,学生党礼物,小学生礼物推荐！ 200元内实用又可爱！,边缘低龄/教师奖励,泛礼物灵感,其他礼物/综合,实用刚需|颜值/可爱,665,398,17,111,1382,no,,,yes,2026-06-12
xhs_1e707f73aa,小红书,学生党礼物,礼物推荐 | 又是一些超适合送给男生的东西,泛学生/同学,情侣/暧昧送礼,3C数码/配件|服饰鞋包,实用刚需,1597,1293,11,182,3572,yes,之前分享了一些适合用来当礼物的数码设备 没想到收到了那么多人的喜欢和收藏 那这次就再分享一些适合送给男生的东西吧 - 我觉得男生大部分都会对数码科技感兴趣 所以不知道送什么的时候可以往这方面想想 比如机甲风格，或是一些带金属质感的 还可以送一些平时生活中经常会用到的东西 比如刮胡刀，电动牙刷或者鞋子之类的 我想有很多男生应该也都会对鞋子感兴趣 不过我觉得关键还是既要有新意又得实用 毕竟送出去的东西还是希望对方都能用得到 这次分享的我觉得,呜呜要是有100左右的好物就好了[哭惹R] | airpods可以连安卓手机嘛，他是安卓手机 | 想到筹码的这个人是天才 | 第一个充电器可以快充苹果手表吗,yes,2026-06-12
xhs_98e4d4333c,小红书,学生党礼物,儿童挑礼物，实用性价比两手抓,边缘低龄/教师奖励,毕业/升学,3C数码/配件|IP潮玩/玩具|定制纪念,平价性价比|实用刚需|定制纪念,3846,1132,189,423,6329,yes,给0 - 15岁孩子选礼物可太难了，便宜的怕质量不行，贵的又肉疼，挑来选去，选择困难症都要犯了。选对礼物，不仅能让孩子开心，还能助力成长。要是选错，钱花了不说，孩子不喜欢，放家里还占地方。 别愁啦！今天就给大家分享那些性价比超高的礼物，绝对实用又不贵，不玩虚的，直接上干货，闭眼抄作业就行👇 #儿童节礼物[话题]# #儿童礼物[话题]# #618小红书买买节[话题]# #宝宝礼物[话题]# #益智玩具[话题]# #育儿经验分享[话题]# ,虽然我12岁，但是这里提供的10到15岁的礼物我都不喜欢[捂脸R] | 7岁不知道买什么了，0-15岁的礼物，除了头戴式耳机，另外全买过了[笑哭R]，怎么办，不知道送什么了[笑哭R] | 我想知道12岁女孩喜欢什么，小学毕业礼送什么好 | 显微镜是鸡肋吗,yes,2026-06-12
xhs_534e349582,小红书,学生党礼物,儿童礼物你还不知道送什么？,边缘低龄/教师奖励,泛礼物灵感,文具手账|IP潮玩/玩具,实用刚需,3384,1149,30,373,5496,yes,如果你还不知道怎么发现孩子的爱好，不如从孩子的礼物入手，0-15岁儿童礼物列表让你帮助孩子找到他|她的潜力值。,分享你们的觉得有趣的玩具，让孩子的生活更有色彩。 | 买的显微镜，学习生物课也能用到，还是挺有意思的。 | 六年级男孩喜欢什么，想选礼物给外甥 | toy,yes,2026-06-12
xhs_c175babc05,小红书,学生党礼物,家人们谁懂啊！给初中生选礼物也太考验人了,初高中生,泛礼物灵感,其他礼物/综合,未显式,15,1,13,0,42,no,,,unknown,2026-06-12
xhs_66d67d0e38,小红书,学生党礼物,年度盘点｜小学生实用学习用品文具清单💁‍♀️,边缘低龄/教师奖励,开学/返校,文具手账,实用刚需,91,47,4,7,170,no,,,unknown,2026-06-12
xhs_ec602d9b7f,小红书,高中生送礼,超详细高中生送礼指南（平价无广）,初高中生,同学/朋友日常,食品零食|服饰鞋包,平价性价比|实用刚需,5852,2399,13,136,9200,yes,大家是不是经常不知道送朋友什么礼物？身为高中生又预算有限，害怕送不到朋友喜欢的礼物🎁 希望这份送礼指南可以帮助到你！包含送礼思路，送礼类型，还有如何包装[红色心形R]全程无广！ #平价生日礼物[话题]# #礼物送女生[话题]# #生日礼物推荐[话题]# #女生生日礼物[话题]# #平价实用好物分享[话题]# #高中[话题]# #礼物[话题]#,手工类的怎么选哇[哭惹R] | 猎罪图鉴！ | 这么全这么实用 | 想要那个巧克力的链接[害羞R][萌萌哒R],yes,2026-06-12
xhs_7427c246db,小红书,高中生送礼,高考礼物🎁 | 送给高考生的实用好寓意礼物,初高中生,毕业/升学,其他礼物/综合,实用刚需,39,14,1,6,68,no,,,unknown,2026-06-12
xhs_4ce4665906,小红书,高中生送礼,高二儿子给我一个艰巨任务😭买女同学礼物😂,初高中生,同学/朋友日常,3C数码/配件|文具手账|宿舍生活|饰品配件|IP潮玩/玩具|食品零食|服饰鞋包,颜值/可爱,2291,323,801,83,4436,yes,昨晚接儿子放学，上车后儿子说妈妈我想和你商量一件事情，我说嗯你说吧，什么事🤔 我那好朋友**要过生日了，我们几个人都要送礼物的，但是妈妈女生的礼物我不知道买什么😂你帮我买吧，我相信你的眼光，哎呀彩虹屁说来就来真的是[喝奶茶R]上次国庆去义乌，也让儿子给几个小伙伴都挑了礼物，儿子说他们都很喜欢😘 今天看了一下选了几个：图2的小包包，图3的手帐本，图4的笔记本，图5小挂件，图6拼图🧩我想选择其中2个，到底应该怎么选呢[喝奶茶R]我也真的不是,反正你选的这几个都不好看哈哈哈 | 我带的高中女学生很喜欢jelly cat 的玩偶[笑哭R] | 跟在下面问一下，给高一的男孩买生日礼物，应该送什么？替女孩问[汗颜R] | 以下是我的几个参考[飞吻R]little的企鹅很可爱,unknown,2026-06-12
xhs_455873d105,小红书,高中生送礼,1000块预算礼物挑选思路（已屏蔽好友）,初高中生,情侣/暧昧送礼,3C数码/配件|个护香氛|服饰鞋包,实用刚需|仪式感/情绪价值|颜值/可爱|社交体面,3910,1797,20,451,6962,yes,一、电子产品类 1.如果对方没有AirPods或者刚好弄丢了，可以送一个AirPods，简单又实用 2.小米音箱也是不错的选择，能提升幸福感 3.宝丽来的拍立得，比较文艺范儿或喜欢拍照的女生会很喜欢 4.喜欢打游戏的其实可以送键盘，但我对键盘没什么研究，懂的可以说说 二、大牌彩妆 1.海蓝之谜润唇膏绝对不会出错 2.香奈儿这个发香喷雾也很可，淡淡的香味 3.没有女生会不喜欢祖玛珑吧？很拿得出手了 4.不建议盲买护肤品、粉底液眼影、口红套,送正常女性朋友，企业高管，小清新一枚，1000元内[doge]，请帮忙推荐。 | 都是这种无聊的东西[哭惹R] | 给个链接 | 这种最有意思了,yes,2026-06-12
xhs_de6896e87b,小红书,高中生送礼,高考礼物🎁：家长篇,初高中生,毕业/升学,其他礼物/综合,未显式,8,4,1,1,16,no,,,unknown,2026-06-12
xhs_89f3cd80a2,小红书,高中生送礼,生日礼物推荐（已屏蔽本人）,初高中生,毕业/升学,3C数码/配件|文具手账|宿舍生活|个护香氛|饰品配件|IP潮玩/玩具|定制纪念|服饰鞋包|运动户外,平价性价比|实用刚需|定制纪念,2574,742,483,239,4862,yes,女高生日礼物推荐，关系特别特别好，我真的没招了[哭惹R]300以内的，便宜点的多买几个也行[哭惹R][哭惹R] 不要毛绒，她皮肤敏感。 不要摆件 ，手工制品，茶叶，盲盒，书籍，水晶类的 ，挂件，日程本，杯具 ，蝴蝶标本，干花 ，香薰，扩香石，护手霜，书签 ，台历，梳子，手链，项链，小夜灯，音响，耳机，相机，木梳。 树木花草也不要，有失败案例。 服饰箱包 运动类的不要， 针对性过强，很难称心，容易闲置，用处不大。定制歌曲不要，定制小人也不,直接给她转账211，就说祝你高考考上211，对于高中生来说寓意很不错吧（如果她成绩超级好的话就说“祝你考上985，我再送你一个211，你就两个都有啦！”）[大笑 | 你朋友怎么什么都不要[笑哭R] | 我送我好闺闺的 她很喜欢 | 花瓶呢？,yes,2026-06-12
xhs_7c6c03e3e1,小红书,高中生送礼,送礼指南｜敲有趣的古早味数码礼物🎁,初高中生,泛礼物灵感,3C数码/配件,未显式,224,146,7,13,446,no,,,unknown,2026-06-12
xhs_aa06c0df5f,小红书,高中生送礼,520“实用派”送礼好物清单（🈚️广）,初高中生,开学/返校,宿舍生活|个护香氛|服饰鞋包,实用刚需|颜值/可爱,691,320,21,67,1249,yes,一些自用和送礼都受到好评的产品 高颜值的同时也能让对方实实在在地用上 才是我觉得让人暖心的礼物 清单如下： · stanley水杯 · Tom Ford香水 ·chanel发丝喷雾 ·dyson吹风机 ·大疆pocket 4 ·dior墨镜 ·dior 高光盘 ·miumiu 帆布包 ·拉夫劳伦帽子 #礼物推荐[话题]# #让好物成为礼物[话题]# #好物分享[话题]# #年度好物推荐[话题]# #提升生活品质好物分享[话题]# #我的,太多同款了 发喷给到夯 | 这个帽子哪里买啊 | 帽子不错，好看 | 这个miumiu1000？ 不止吧,yes,2026-06-12
xhs_85b77a3b42,小红书,高中生送礼,高中生怎么给不缺钱的好朋友送礼物,初高中生,同学/朋友日常,文具手账|个护香氛|定制纪念|食品零食|运动户外,实用刚需|仪式感/情绪价值|颜值/可爱|定制纪念,3434,946,443,55,5631,yes,如题，为此纠结很久了。本人目前是一名贫穷高中生，没有很多的零花钱，目前单件礼物的预算在300及以下（可以略超预算） 朋友的家境非常好，好到什么都不缺，对很多东西都淡淡的，让我根本不知道送她什么礼物。 以下是她的个人喜好： 1.她喜欢的颜色是窃蓝和挼蓝（在p2）和湛蓝（她色感还挺好的，深一点浅一点都不行） 2.口味比较喜欢厚重浓烈的，喜欢吃豆干、千张等豆制品，还很喜欢巧克力及巧克力味的东西，也特别喜欢吃奥利奥（尤其是巧克力味的） 3.她很,首先非常感谢评论区大家的分享ヾ^_^♪但是我还是想说，这是一个求助帖。我送的礼物肯定有手工但绝对不只有手工。部分人觉得手工制品很廉价，那是因为每个人的消费观不同 | 300去买化妆品的圣诞限定吧 这么多牌子总有一个能碰上 买大牌的 就算颜色不适合 不用摆着也好看 送人礼物永远不能单送手工的 必须要搭着送 除非对方是很懂很喜欢 | 可以送52kikis的真丝发圈，这个牌子和克罗心的关系比较密切（好像是收购了还是在某个店里售卖了来着）但预算超的有点点多，我记得是388一组 | 其实我觉得如果她很有钱的话，可以送点有意义，对她来说是独一无二的东西，因为本人也比较有钱，也打羽毛球，所以不要送羽毛球那些，因为根本不缺，而且化妆品我猜她应该也,yes,2026-06-12
xhs_9b4f773f9f,小红书,高中生送礼,🎓毕业季送礼指南｜送给妹妹的千元满分好物,初高中生,毕业/升学,定制纪念,定制纪念,8,3,4,0,19,no,,,unknown,2026-06-12
xhs_451e425439,小红书,高中生送礼,🎁100个实用礼物(200r以内,初高中生,开学/返校,饰品配件|IP潮玩/玩具|服饰鞋包,平价性价比|实用刚需,10535,8032,26,705,22085,yes,手工整理200r以内的100个实用礼物‼️ 适合学生或者日常小礼物💝 欢迎补充哦🫶 #送礼指南[话题]# #学生党礼物[话题]# #日常礼物[话题]# #实用好物[话题]# #小惊喜[话题]# #购物清单[话题]# #平价实用好物分享[话题]# #开学好物[话题]# #生日礼物推荐[话题]# #节日礼物[话题]# @生活薯,小米的口袋打印机100多块钱哪里能买到 | 你好，想问一下送刚上初中的妹妹什么礼物，不要鞋，300以内或者左右的，最好能是牌子的，求推荐[哭惹R][害羞R] | 南京先锋书店盲盒在哪买 | 来了！[飞吻R],yes,2026-06-12
xhs_c377ea7013,小红书,高中生送礼,211准大一🥰｜高中生好物分享！！（无广版）,大学生,开学/返校,3C数码/配件|文具手账,实用刚需,1167,281,12,21,1587,yes,在享受超长假期的同时终于愿意发出这一期好物分享！ 😽 我发誓这一篇全部无广 全部是本人自己使用后的推荐！所以宝宝们可以放心浏览(^V^) 这一篇基本是比较小巧方便携带的好物推荐 其实我还有很多想分享的这一篇根本放不下🥹所以请期待接下来的 📌高中生文具推荐 📌高中生笔记本推荐 📌高中笔记翻翻看 #无广告纯分享[话题]# #好物安利[话题]# #开学必备的清单[话题]# #高中生好物推荐[话题]#,已经买了小小线圈本啦 | 宝宝特别喜欢你 想看大学学习日常[飞吻R] | ！姐姐看着你从初二到大一[哭惹R] | 好全啊，爱了爱了[飞吻R],yes,2026-06-12
xhs_a30df74760,小红书,高中生送礼,送给妹妹的高中毕业礼物🎁高考实用礼物清单,初高中生,开学/返校,定制纪念,实用刚需|定制纪念,645,283,26,212,1382,no,,,unknown,2026-06-12
xhs_39f4ff080f,小红书,高中生送礼,求求高中生礼物推荐,初高中生,情侣/暧昧送礼,文具手账|IP潮玩/玩具|服饰鞋包,平价性价比|仪式感/情绪价值,13233,5184,924,211,22136,yes,各种同学朋友，关系不错的，关系比较好的，关系很好的 有男有女 不限于生日礼物，有些节日也会送（一些些仪式感很强的同学） 还有亲人！！！ 二编:家人们咱就是说，从没这么火过☺️我把标题和之前的“同学”两个字改了一下 三编：评论区问的多礼物找到啦，右滑查看哟👉 #礼物[话题]# #走心礼物[话题]# #惊喜礼物[话题]# #高中生[话题]#,放假啦上线啦，把所有评论都赞了一遍[害羞R]前几天（五月三十一号）我生日，同学送的礼物我发新的笔记里啦，感兴趣可以看下主页（没有一点拍照技术，轻喷），后头还可能 | 爱踢足球的男朋友送什么 | 我是自个儿买的材料包做的小玩偶 附加一本治愈系漫画 不过这个小狐狸四个多小时看你有没有精力吧.[赞R] | 喜欢二次元，玩恋与深空，无推送什么啊,yes,2026-06-12
xhs_719a8a3334,小红书,高中生送礼,送礼指南｜胖东来礼品搭配指导书,初高中生,情侣/暧昧送礼,文具手账|服饰鞋包,实用刚需,4637,1912,27,564,8022,yes,在学习《胖东来服务思维100个细节》资料，发现了超实用的送礼场景解决方案，存下来，方便以后送礼可以查看！[赞R] 话说，前段时间就亲历一次送礼踩雷事件。跟朋友去看望一位长辈，朋友说AA买东西，由于我是第一次去且他对参加探望活动的人员等情况更熟知，所以基本上他说买什么就买什么了。后来才发现，买的水果和鲜花基本没有踩中要点： 1⃣️水果🍉🍍🫐虽然品质好（价格高），但是探望的长辈基本由于年纪大了身体问题都不能吃，且一起参与探望的人员基本就我们,没有探望男士，哈哈哈 | 探望产妇送鸡蛋礼盒？？？ | 火腿肠[点赞R] | 啥水果啊[笑哭R]盒马都是什么苹果梨桃，这种东西就是卖500也不适合送人,yes,2026-06-12
xhs_e32bd3de22,小红书,高中生送礼,礼物清单 给好朋友准备的21份礼物,初高中生,开学/返校,个护香氛|服饰鞋包,实用刚需|仪式感/情绪价值,4353,1752,29,107,6848,yes,因为她的生日是21号 所以准备了21份礼物 （懒癌晚期 11月的生日 现在才发出来） 在爱的五种语言里 其中一种语言是精心的礼物 感觉这是我最擅长的语言哈哈 从小到大都很喜欢给家人朋友以及身边的人准备礼物 在这个过程中自己也感到特别幸福 通过在日常相处中对对方喜好、需求的了解 以及自己的心意 准备相应的礼物 物化的时间是我最珍贵的礼物 因为不喜欢随着时间会流逝不见的东西（消耗品）所以每次送礼物一定会送可以保存下来的物品（信 书 或是亲手,宝宝，这个包装纸好特别好有质感呀[皱眉R][皱眉R]，可以问问在哪买的吗 | 信在哪儿能买到纸 | 主包主包，眼影盘和口红哪家店买的呀[喝奶茶R] | 做你的朋友好幸福[哭惹R],yes,2026-06-12
xhs_534e349582,小红书,初中生礼物,儿童礼物你还不知道送什么？,初高中生,泛礼物灵感,文具手账|IP潮玩/玩具,实用刚需,3384,1149,30,373,5496,yes,如果你还不知道怎么发现孩子的爱好，不如从孩子的礼物入手，0-15岁儿童礼物列表让你帮助孩子找到他|她的潜力值。,分享你们的觉得有趣的玩具，让孩子的生活更有色彩。 | 买的显微镜，学习生物课也能用到，还是挺有意思的。 | 六年级男孩喜欢什么，想选礼物给外甥 | toy,yes,2026-06-12
xhs_770522a98c,小红书,初中生礼物,7件❗️巨拿得出手✨中考毕业礼物送初三生,初高中生,毕业/升学,定制纪念,定制纪念|社交体面,68,31,2,16,136,no,,,unknown,2026-06-12
xhs_3041308823,小红书,初中生礼物,分享一些适合送给朋友的生日礼物78.0🎁,初高中生,同学/朋友日常,其他礼物/综合,平价性价比|仪式感/情绪价值|颜值/可爱,927,344,4,38,1439,yes,#平价生日礼物[话题]# #女生生日礼物[话题]# #可爱好物[话题]# #小众礼物[话题]# #高颜值礼物[话题]# #提升幸福感的小物[话题]# #创意礼物[话题]# #闺蜜礼物[话题]# #礼物送女生[话题]# #家中好物真心话小会[话题]#,我也在给闺闺找礼物，姐妹们有推荐的可以发我评论区吗[害羞R][害羞R] | 谁懂啊，把自己的经历写成歌，做成相框扫码就能听，每一句都很戳.心 5[飞吻R] | 我给我孩子买了这个手表，他真的很喜欢,yes,2026-06-12
xhs_3f6b12a4e7,小红书,初中生礼物,小朋友礼物🎁初中生礼物✅好用实用学生必备,初高中生,开学/返校,其他礼物/综合,实用刚需,126,49,5,10,214,no,,,unknown,2026-06-12
xhs_ab1a6f5649,小红书,初中生礼物,初中一年级的男孩子一般会喜欢什么礼物🎁？,初高中生,泛礼物灵感,其他礼物/综合,未显式,24,5,48,10,141,no,,,unknown,2026-06-12
xhs_9dd80df872,小红书,初中生礼物,给初中朋友送礼物,初高中生,同学/朋友日常,其他礼物/综合,未显式,309,37,334,4,1031,no,,,unknown,2026-06-12
xhs_451e425439,小红书,初中生礼物,🎁100个实用礼物(200r以内,初高中生,开学/返校,饰品配件|IP潮玩/玩具|服饰鞋包,平价性价比|实用刚需,10535,8032,26,705,22085,yes,手工整理200r以内的100个实用礼物‼️ 适合学生或者日常小礼物💝 欢迎补充哦🫶 #送礼指南[话题]# #学生党礼物[话题]# #日常礼物[话题]# #实用好物[话题]# #小惊喜[话题]# #购物清单[话题]# #平价实用好物分享[话题]# #开学好物[话题]# #生日礼物推荐[话题]# #节日礼物[话题]# @生活薯,小米的口袋打印机100多块钱哪里能买到 | 你好，想问一下送刚上初中的妹妹什么礼物，不要鞋，300以内或者左右的，最好能是牌子的，求推荐[哭惹R][害羞R] | 南京先锋书店盲盒在哪买 | 来了！[飞吻R],yes,2026-06-12
xhs_98e4d4333c,小红书,初中生礼物,儿童挑礼物，实用性价比两手抓,初高中生,毕业/升学,3C数码/配件|IP潮玩/玩具|定制纪念,平价性价比|实用刚需|定制纪念,3846,1132,189,423,6329,yes,给0 - 15岁孩子选礼物可太难了，便宜的怕质量不行，贵的又肉疼，挑来选去，选择困难症都要犯了。选对礼物，不仅能让孩子开心，还能助力成长。要是选错，钱花了不说，孩子不喜欢，放家里还占地方。 别愁啦！今天就给大家分享那些性价比超高的礼物，绝对实用又不贵，不玩虚的，直接上干货，闭眼抄作业就行👇 #儿童节礼物[话题]# #儿童礼物[话题]# #618小红书买买节[话题]# #宝宝礼物[话题]# #益智玩具[话题]# #育儿经验分享[话题]# ,虽然我12岁，但是这里提供的10到15岁的礼物我都不喜欢[捂脸R] | 7岁不知道买什么了，0-15岁的礼物，除了头戴式耳机，另外全买过了[笑哭R]，怎么办，不知道送什么了[笑哭R] | 我想知道12岁女孩喜欢什么，小学毕业礼送什么好 | 显微镜是鸡肋吗,yes,2026-06-12
xhs_1e707f73aa,小红书,初中生礼物,礼物推荐 | 又是一些超适合送给男生的东西,初高中生,情侣/暧昧送礼,3C数码/配件|服饰鞋包,实用刚需,1597,1293,11,182,3572,yes,之前分享了一些适合用来当礼物的数码设备 没想到收到了那么多人的喜欢和收藏 那这次就再分享一些适合送给男生的东西吧 - 我觉得男生大部分都会对数码科技感兴趣 所以不知道送什么的时候可以往这方面想想 比如机甲风格，或是一些带金属质感的 还可以送一些平时生活中经常会用到的东西 比如刮胡刀，电动牙刷或者鞋子之类的 我想有很多男生应该也都会对鞋子感兴趣 不过我觉得关键还是既要有新意又得实用 毕竟送出去的东西还是希望对方都能用得到 这次分享的我觉得,呜呜要是有100左右的好物就好了[哭惹R] | airpods可以连安卓手机嘛，他是安卓手机 | 想到筹码的这个人是天才 | 第一个充电器可以快充苹果手表吗,yes,2026-06-12
xhs_414148dabc,小红书,初中生礼物,六一送孩子的礼物合集来啦！,初高中生,泛礼物灵感,其他礼物/综合,未显式,651,181,3,55,974,no,,,yes,2026-06-12
xhs_c4b01eb753,小红书,初中生礼物,初中生桌面好物推荐 👍,初高中生,泛礼物灵感,其他礼物/综合,未显式,124,140,9,4,330,no,,,yes,2026-06-12
xhs_949ebbcd53,小红书,初中生礼物,学生党电子产品好物合集⁺.*☆,初高中生,泛礼物灵感,3C数码/配件,实用刚需|仪式感/情绪价值|颜值/可爱,2667,615,16,103,3652,yes,#治愈[话题]# #可爱[话题]# #电子产品[话题]# #好物推荐[话题]# #上学[话题]# #学习[话题]# #古早[话题]# #拍立得[话题]# #好物分享[话题]# #学习好物[话题]#,二年级的女儿喜欢听歌，想买个IPOD，有推荐吗？或者MP3/MP4也可以 | 打印机是拍立得吗？还是要连接手机 | 打印机点买 | 打印机好用吗，楼主大大,yes,2026-06-12
xhs_4c625e3cff,小红书,初中生礼物,请教大家下，十五岁初中生女孩喜欢什么,初高中生,泛礼物灵感,其他礼物/综合,未显式,250,73,198,32,788,no,,,unknown,2026-06-12
xhs_2163b14024,小红书,初中生礼物,13岁初中生，六一送啥礼物🎁呢？？？,初高中生,泛礼物灵感,其他礼物/综合,未显式,224,100,469,9,1305,no,,,unknown,2026-06-12
xhs_1c5cfd3f88,小红书,学生情侣礼物,实用主义，适合情侣的 520 礼物🎁,泛学生/同学,情侣/暧昧送礼,其他礼物/综合,实用刚需,23,15,0,0,42,no,,,unknown,2026-06-12
xhs_28a939b16a,小红书,学生情侣礼物,📝对象送我的各种礼物～我都超级喜欢,泛学生/同学,情侣/暧昧送礼,其他礼物/综合,未显式,51,82,22,3,205,no,,,unknown,2026-06-12
xhs_7c2158332c,小红书,学生情侣礼物,🎁小礼物合集｜一些平价可爱的小东西们,泛学生/同学,情侣/暧昧送礼,其他礼物/综合,平价性价比|颜值/可爱,473,319,30,13,966,no,,,yes,2026-06-12
xhs_8f982d6eb3,小红书,学生情侣礼物,📝share｜情侣/朋友赠予的独一无二的礼物,泛学生/同学,情侣/暧昧送礼,定制纪念,实用刚需|仪式感/情绪价值|定制纪念|社交体面,9810,7229,184,372,20133,yes,日子怎么会跟谁过都一样 礼物是爱意的具象化呀 独一无二的礼物会记很久很久 #有意义的礼物[话题]# #手工礼物推荐[话题]# #情侣礼物[话题]# #生日礼物推荐[话题]# #纪念日礼物[话题]# #好物分享[话题]# #实用礼物[话题]# #DIY礼物[话题]# #走心礼物[话题]# #礼物是爱意的具象化[话题]#@薯条队长,报告！超用心整理的第二弹礼物合集来啦 📝share｜情侣/朋友互... | p7求店铺 | 别的不说，对我这个爱拍照发朋友圈的来说，这个我喜欢的要死 | 宝子，我也想问一哈那个灯怎么做～～,yes,2026-06-12
xhs_3620a46a76,小红书,学生情侣礼物,情侣送礼思路🎀情人节小预算实用仪式感篇,大学生,情侣/暧昧送礼,宿舍生活|饰品配件|IP潮玩/玩具|服饰鞋包,平价性价比|实用刚需|仪式感/情绪价值|颜值/可爱,1440,572,78,112,2507,yes,037期💕💕💕 情人节可爱创意礼物篇 具体指南🧭： 1️⃣如果想送对方可爱一点的礼物，可以多多考虑像ip联名这样的礼物，选择对方喜欢的ip这样更不容易出错，就比如像线条小狗、Pingu这样的ip就是送礼的好选择！ 2️⃣如果是预算低的学生情侣，就可以送一些实用的摆件，例如：小音响、小夜灯、情侣马克杯之类的，也可以当成日常小礼物，都可爱又实用！ 3️⃣如果是想送手链、项链之类的饰品当礼物，建议多准备一个特别的包装藏在里面，比如说玩偶或者摆,这个真的很用心！这是一个很.用心的礼物创意，把你们的故事写成歌发布到网易云，做成一碰就响的相框，很多人都很喜欢[红色心形R] | 萌萌哒[飞吻R] | 米米嘟[飞吻R] | 平安扣才一张,unknown,2026-06-12
xhs_e58c7231f1,小红书,学生情侣礼物,情侣互送礼物四送四不送,泛学生/同学,情侣/暧昧送礼,其他礼物/综合,未显式,141,71,12,17,282,no,,,unknown,2026-06-12
xhs_dc6931680a,小红书,学生情侣礼物,大学生情侣送礼物的100个小方案（8/100）,大学生,情侣/暧昧送礼,其他礼物/综合,未显式,461,228,13,24,819,no,,,unknown,2026-06-12
xhs_da6c05673a,小红书,学生情侣礼物,💕大学生情侣的100件走心礼物1️⃣,大学生,情侣/暧昧送礼,其他礼物/综合,未显式,35,6,3,0,48,no,,,unknown,2026-06-12
xhs_3645f3fd18,小红书,学生情侣礼物,大学生情侣 百元内礼物分享,大学生,情侣/暧昧送礼,3C数码/配件|文具手账|饰品配件|IP潮玩/玩具|定制纪念|服饰鞋包,平价性价比|实用刚需|仪式感/情绪价值|颜值/可爱|定制纪念,1660,474,29,55,2416,yes,马上要到双旦啦 给泽哥准备了一个抠抠乐 都是百元内的平价礼物 大家可以参考一下！男生女生都可以哦！ 🈚️广❕❕每个都是比较实用的！！ 1️⃣盲盒 60💰 首先这个盒子大小就特别适合！然后大家可以选择对方喜欢的动漫角色！现在基本上的一些IP都有盲盒！可以给他买未拆盒的确认款 让他感觉有种心想事成的感觉！🥰 2️⃣DIY定制挂件 40💰 刷到了一个做车载挂件之类滴胶的大哥 找他定做了一个挂件 哈哈哈哈哈又土又精致 非常喜欢 以后有车可以挂在,请问盲盒是哪家的 | 情侣项链哪家店的呀，好可爱 | p2的盒子有链接吗[皱眉R] | 可以问一下那个照片怎么弄的嘛[害羞R][害羞R],yes,2026-06-12
xhs_f11fa84fc9,小红书,学生情侣礼物,热恋期情侣互送的14个惊喜小礼物,泛学生/同学,情侣/暧昧送礼,其他礼物/综合,未显式,53,30,2,6,105,no,,,unknown,2026-06-12
xhs_086c2c0308,小红书,学生情侣礼物,增进情侣之间感情的50个小礼物🎁,泛学生/同学,情侣/暧昧送礼,其他礼物/综合,未显式,160,187,1,19,433,no,,,unknown,2026-06-12
xhs_aa06c0df5f,小红书,学生情侣礼物,520“实用派”送礼好物清单（🈚️广）,泛学生/同学,开学/返校,宿舍生活|个护香氛|服饰鞋包,实用刚需|颜值/可爱,691,320,21,67,1249,yes,一些自用和送礼都受到好评的产品 高颜值的同时也能让对方实实在在地用上 才是我觉得让人暖心的礼物 清单如下： · stanley水杯 · Tom Ford香水 ·chanel发丝喷雾 ·dyson吹风机 ·大疆pocket 4 ·dior墨镜 ·dior 高光盘 ·miumiu 帆布包 ·拉夫劳伦帽子 #礼物推荐[话题]# #让好物成为礼物[话题]# #好物分享[话题]# #年度好物推荐[话题]# #提升生活品质好物分享[话题]# #我的,太多同款了 发喷给到夯 | 这个帽子哪里买啊 | 帽子不错，好看 | 这个miumiu1000？ 不止吧,yes,2026-06-12
xhs_b6ce63e2d6,小红书,学生情侣礼物,拒绝烂大街！99%女生没收到过的小众礼物清单,泛学生/同学,开学/返校,其他礼物/综合,实用刚需|颜值/可爱,513,259,38,33,974,no,,,unknown,2026-06-12
xhs_8711ade041,小红书,学生情侣礼物,1000个异地情侣送礼物小思路（3）,泛学生/同学,情侣/暧昧送礼,IP潮玩/玩具|定制纪念|服饰鞋包,平价性价比|定制纪念,2864,2425,18,133,6251,yes,我会提供1000个异地送礼物小思路—巧用NFC 一个NFC芯片贴只需几毛钱，就可以收获不一样的快乐[哇R] [种草R]只需要将代码写入芯片，手机碰一碰NFC芯片，就可以播放音乐，视频… 思路[一R]：照片＋NFC+视频→会动的照片 NFC贴在照片背后，碰一碰照片，跟对象一起去玩拍的视频🥳就会跳出页面 瞬间照片动了起来，美好的回忆从脑海深处被唤醒[萌萌哒R] 毕竟随着时间的流逝，记忆可能慢慢模糊，照片附加视频更容易把美好的一刻[两颗心R],全网最全的NFC跳转页面教程，真滴没人看嘛[哭惹R]那我真会伤心 | b站的写入，无法跳转到视频啊[害羞R][害羞R][害羞R] | nfc芯片哪里买 | 这个只要是nfc都可以做出来吧，网上商家说不知道行不行，他们只会弄音乐进去,yes,2026-06-12
xhs_bffc990ff7,小红书,学生情侣礼物,并不是物质，是为了让爱留下痕迹,泛学生/同学,情侣/暧昧送礼,其他礼物/综合,未显式,225,61,9,13,341,no,,,unknown,2026-06-12
xhs_ad846d2a9a,小红书,学生情侣礼物,04女大｜生活费2k5自用好物分享,泛学生/同学,情侣/暧昧送礼,其他礼物/综合,未显式,183,63,14,13,311,no,,,unknown,2026-06-12
xhs_68f990e558,小红书,学生情侣礼物,情侣礼物🎁送他/她一本属于你们自己的书📖,泛学生/同学,情侣/暧昧送礼,文具手账|定制纪念|服饰鞋包,定制纪念,3801,2255,8,212,7066,yes,一个笑容、一句话、一个不经意的举动，看似琐碎的瞬间也是爱的理由、爱的见证。你们的爱❤️那么美好，理应被铭记和歌颂。 每一笔填写，都是一次见证； 每一次翻阅，都是一次爱的成长。 📖书名：《我爱你100个瞬间》 📝作者【美】卡拉·科瓦奇：情感达人，致力于帮助人们获取爱❤️、建立连接、接纳自我、开启🔛幸福人生 书中共包含100个爱情问题，读者只需作答即可，解决了想给对方写信却无从下笔的烦恼。而且在回答问题的过程中，会让你回忆起潜藏在大脑深处的,评论说问题有很多重复的 真的嘛[皱眉R] | 哪里购买 | @Page.No.1,yes,2026-06-12
xhs_1ee2f3e744,小红书,学生情侣礼物,实用➕平价的情人节送礼清单🎁,泛学生/同学,开学/返校,其他礼物/综合,平价性价比|实用刚需,28,26,3,2,70,no,,,unknown,2026-06-12
xhs_5629e4e1b5,小红书,男朋友礼物 学生党,男生角度最想收到的礼物,泛学生/同学,情侣/暧昧送礼,3C数码/配件|个护香氛|食品零食|服饰鞋包|运动户外,实用刚需|仪式感/情绪价值|颜值/可爱,2239,892,52,229,3845,yes,🎮 游戏机 男生心里都有一台属于自己的游戏机，它不只是打游戏的工具，更是和兄弟们联机的快乐。要是有人送，基本等于直接拿捏。 📷 运动相机 能记录旅途和运动瞬间的运动相机，男生收到一定超开心。尤其是拍到自己帅气的一面，那种满足感，谁懂谁懂。 🚗车载香薰 送男生礼物，香味是个很妙的选择。因为对男生来说，嗅觉记忆特别长久，一旦和你关联，就很难忘掉。如果觉得送他香水太招摇，可以送他一个车载香薰，金属海浪的造型，有顺风顺水的好寓意，香味是春雨清茶,要送就送这些 ROG 9pro 12+512 ROG 魔霸9X 亿堆我爱吃的零食 Xbox手柄 雷神手柄 ROG手柄 前行者鼠标+键盘 联想拯救者显示器 Ps5 | 有和三角洲适配的手柄吗，男友喜欢玩这个游戏但我不太了解 | 如果男生在这方面什么都不缺怎么办，男朋友家庭优沃[扶墙R] | 为什么男生会喜欢收到香水，我以为只有女生喜欢,yes,2026-06-12
xhs_894a404760,小红书,男朋友礼物 学生党,100种礼物清单🎁适合送男生的礼物,初高中生,开学/返校,3C数码/配件|服饰鞋包,平价性价比|实用刚需|颜值/可爱,6415,2189,62,482,10107,yes,#男生生日礼物[话题]# #实用礼品[话题]# #男生的兴趣爱好[话题]# #送男朋友的礼物[话题]# #愿望清单[话题]# #生日礼物推荐[话题]# #男士礼物[话题]# #实用礼物[话题]# #小众礼物[话题]# #送礼指南[话题]#,我对象打go打瓦的但我又不打电脑游戏这些也不了解，他再过几个月就19岁了今年就高考了，平时穿鞋穿衣也是nike的，他平时吃穿也不缺我想提前五个月筹划一下刚好单招 | 本人初中生，送一个关系还好的男同学这个生日礼物可以嘛，他去年送了我个娃娃[微笑R]不会太low吧[哭惹R][失望R][哭惹R] | 男朋友大我好几岁，而且已经工作，经济也挺好的，每天商务局应酬什么的，但是我还只是个学生，经济有限，在一起第一年他的生日，不知道送什么，因为感觉他什么也不缺，而且 | 送鞋子啊[捂脸R]而且我当时找人买的贼便宜,yes,2026-06-12
xhs_b4de987acd,小红书,男朋友礼物 学生党,🫶恋爱11年，他很满意的礼物分享。,泛学生/同学,开学/返校,3C数码/配件|个护香氛|定制纪念|服饰鞋包|运动户外,实用刚需|定制纪念,4774,3039,155,215,9356,yes,infj真的很会且很爱送礼物～ 给姐妹们一些男生送礼思路参考。 #淡人日记[话题]# #礼物是爱意的具象化[话题]##男生礼物[话题]# #新年礼物[话题]# #男朋友礼物[话题]# #千元礼物[话题]# #情人节礼物[话题]# #无广分享[话题]#,想看他这十一年给你送的满意礼物清单 | 怎么看礼物又刷到同担 | 拐姐双肩包有没有好背的，能放pad[害羞R] | 请问鸟家的包是什么型号,yes,2026-06-12
xhs_5853917294,小红书,男朋友礼物 学生党,情人节送男朋友礼物🎁,泛学生/同学,情侣/暧昧送礼,其他礼物/综合,未显式,120,22,37,22,255,no,,,unknown,2026-06-12
xhs_32ec19f927,小红书,男朋友礼物 学生党,实用主义者送给家属的礼物清单,泛学生/同学,开学/返校,3C数码/配件|个护香氛|服饰鞋包,实用刚需|颜值/可爱,3656,2046,44,146,6622,yes,前几天有电子姐妹建议我分享下送给家属的礼物，盘了一周，以下是本实用主义者精挑细选，能融入生活真正被用到，能用很久的东西，九宫格只能放这些就先这些吧 （不一定是这个品牌，但提供一些参考方向 ■Apple watch ■理光相机 胶片机 ■骨传导耳机 bose/韶音 ■ OW Lab Spring 键盘 ■Aesop空气香氛/perfume h woodland ■萨洛蒙鞋 ■孤独星球攻略 ■Bally钱包 ■Aesop洗手液 护手霜 #永,键盘怎么才能get | 孤独星球合集在哪买的呢 | 香水好闻吗 | 许愿成功，感谢波子采纳这个主题！这就挑挑看！,yes,2026-06-12
xhs_0412633f71,小红书,男朋友礼物 学生党,一岁一礼 给男朋友准备的礼物,大学生,情侣/暧昧送礼,服饰鞋包,仪式感/情绪价值,4603,3392,67,170,9401,yes,一岁一礼，一寸欢喜。 每长大一岁都是礼物，成长是上天赐予的礼物，每一年都应该过的快乐，怀着真诚的心，度过每一岁并与之共同成长。 给男友准备的一点点惊喜❤️ #一岁一礼[话题]# #生日[话题]# #男孩子也需要仪式感[话题]# #生日惊喜[话题]# #送给男票的礼物[话题]# #属于男生的浪漫[话题]#,自己整理的超级齐全，无偿 | 像这种3岁袜子套盒 11岁睡衣这种 应该是送他们那个年纪穿的码数还是说他现在这个年纪穿的码数 | 准备了这些[派对R] | 男朋友不抽烟不喝酒，我可以送什么呢？[微笑R],unknown,2026-06-12
xhs_843733a3b5,小红书,男朋友礼物 学生党,让男朋友开出红的事顺手就做了,泛学生/同学,情侣/暧昧送礼,其他礼物/综合,未显式,364,134,24,19,614,no,,,unknown,2026-06-12
xhs_3645f3fd18,小红书,男朋友礼物 学生党,大学生情侣 百元内礼物分享,大学生,情侣/暧昧送礼,3C数码/配件|文具手账|饰品配件|IP潮玩/玩具|定制纪念|服饰鞋包,平价性价比|实用刚需|仪式感/情绪价值|颜值/可爱|定制纪念,1660,474,29,55,2416,yes,马上要到双旦啦 给泽哥准备了一个抠抠乐 都是百元内的平价礼物 大家可以参考一下！男生女生都可以哦！ 🈚️广❕❕每个都是比较实用的！！ 1️⃣盲盒 60💰 首先这个盒子大小就特别适合！然后大家可以选择对方喜欢的动漫角色！现在基本上的一些IP都有盲盒！可以给他买未拆盒的确认款 让他感觉有种心想事成的感觉！🥰 2️⃣DIY定制挂件 40💰 刷到了一个做车载挂件之类滴胶的大哥 找他定做了一个挂件 哈哈哈哈哈又土又精致 非常喜欢 以后有车可以挂在,请问盲盒是哪家的 | 情侣项链哪家店的呀，好可爱 | p2的盒子有链接吗[皱眉R] | 可以问一下那个照片怎么弄的嘛[害羞R][害羞R],yes,2026-06-12
xhs_1d9b4d55c2,小红书,男朋友礼物 学生党,不是我说……应该没有男孩子能拒绝介个 吧！！,边缘低龄/教师奖励,情侣/暧昧送礼,3C数码/配件|IP潮玩/玩具|服饰鞋包,平价性价比|实用刚需|颜值/可爱,2620,960,50,180,4238,yes,漫威家这款耳机尊嘟太酷啦 是可以旋转的指尖陀螺耳机诶 转动的时候还自带氛围灯 好炫酷 音质和续航都还挺不错的 不用的时候可以当个解压小玩具 礼盒的包装 送礼也嘎嘎合适 #平价生日礼物[话题]# #每天都有值得记录的瞬间[话题]# #对小学生来说有点幼稚[话题]# #实用礼物[话题]# #漫威[话题]# #好物分享[话题]##耳机[话题]# #蓝牙耳机[话题]# #男生礼物[话题]# #新奇特玩具[话题]#,啊啊啊学生党太贵了[哭惹R] | 怎么买 | 在哪买？ | 哪里买啊,yes,2026-06-12
xhs_2c41472d56,小红书,男朋友礼物 学生党,女大学生送男朋友礼物合集分享🎁,大学生,情侣/暧昧送礼,其他礼物/综合,未显式,343,70,17,18,495,no,,,yes,2026-06-12
xhs_83d575ca65,小红书,男朋友礼物 学生党,送给男生会开心到原地起飞的礼物!!!🚧💡,泛学生/同学,情侣/暧昧送礼,宿舍生活|IP潮玩/玩具|服饰鞋包,实用刚需|颜值/可爱,3149,1149,47,364,5282,yes,挑了好久送给男生的礼物 终于找到满意的了 姐妹们可以直接抄作业！ 就是这个巴斯光年路障灯🚧 包装敲精致 送礼嘎嘎有排面！ 巴斯光年身上的细节都很还原✨ 放在家里看起来像个手办一样 实际上是个台灯！还能当夜灯使用 好看又实用的礼物真的很难拒绝哇🎁 #七夕礼物[话题]# #生日礼物[话题]# #礼物推荐[话题]# #男生礼物[话题]# #送男朋友礼物[话题]# #小众礼物[话题]# #巴斯光年[话题]# #巴斯光年路障灯[话题]# #玩具总,怎么买 | 价格侠[哭惹R] | 好有创意的台灯[偷笑R] | 好好好你是懂男生的[doge],yes,2026-06-12
xhs_0090ecf5c0,小红书,男朋友礼物 学生党,打篮球的男生无法拒绝的礼物🏀,泛学生/同学,开学/返校,3C数码/配件|宿舍生活|饰品配件|IP潮玩/玩具|服饰鞋包|运动户外,实用刚需|仪式感/情绪价值,1519,677,34,83,2591,yes,送爱打篮球的男生这样的礼物，就等着挨夸吧 【运动手环】-随时监测运动状态，可以按自己的预算选择 【篮球鞋】-球鞋这一类的话，可以按照他的喜好送他喜欢球星的同款球鞋 【运动护膝】-是很实用的运动护具 【篮球袜】-篮球袜可以说是日常消耗品了，送这个超实用 【运动水杯】-打球运动喝水也是必备，带着方便 适用于多种场景 【球队金章】-NBA联名的黄金挂件，谁能拒绝把喜欢的球队挂包上呢！做钥匙扣也不错！ 【篮球包】-大容量超实用 【NBA联名首饰,护膝有没有推荐的呀？ | 图二这个球鞋喜欢库里的男生一定喜欢吗？他一般是得分后卫 | 音速猫全能包可以看看，感觉挺适合运动男生 | 卧槽 推的好是时候,yes,2026-06-12
xhs_0b16453947,小红书,男朋友礼物 学生党,200左右❗送5-18岁男孩的生日礼物合集🎁,初高中生,开学/返校,3C数码/配件|文具手账|定制纪念|运动户外,实用刚需|仪式感/情绪价值|定制纪念,1410,433,112,167,2446,yes,生日礼物 📣来咯来咯❗200左右❗适合送5-18岁男孩的生日礼物合集大公开🎈 ✨99%的男孩无法拒绝的礼物🎁 ✨免费刻字，定制专属祝福，还可以刻上他的名字，整套帮您搭配好❗ —————🎀🎀🎀🎀————— 👧礼物合集清单： 🌻￥128熊有成竹礼盒🎁 🌻￥368熊有成竹长藤编礼盒🎁 🌻￥148抱抱鸭礼盒🎁 🌻￥258宫崎骏龙猫礼盒🎁 🌻￥208太空人礼盒🎁 🌻￥328熊有成竹方藤编礼盒🎁 🌻￥158宇航员礼盒🎁 🌻￥188月光灯塔礼盒🎁 🌻,你好 | 你好，所有礼物的链接分享下 | 宇航员那个都有些什么？ | 快乐狗链接发一下,yes,2026-06-12
xhs_38aab4abbc,小红书,男朋友礼物 学生党,不贵！但可以哄大猪蹄子开心…,泛学生/同学,情侣/暧昧送礼,其他礼物/综合,未显式,79,19,12,3,131,no,,,unknown,2026-06-12
xhs_011407b6e6,小红书,男朋友礼物 学生党,送男友礼物合集,泛学生/同学,情侣/暧昧送礼,3C数码/配件|宿舍生活|个护香氛|饰品配件|服饰鞋包,实用刚需,2859,889,49,168,4364,yes,又快过节啦 每一个都很实用 按需送🎁 1️⃣电子类：switch、ps5、手柄、鼠标、游戏卡带 耳机、备用手机、手表、吹风机（给米粉买全是小米） 2️⃣车载：小米无线车充399、车载香薰、冰垫、收纳箱 （p4的车载香薰颜值很高、非常有质感是他喜欢的雪松的香味，喜欢木质香的可以试试） 3️⃣穿搭：情侣装、防晒衣、睡衣、斜挎包、鞋子、冲锋衣 4️⃣其他：香水、戒指、水杯、鼻毛修剪器、四件套、电动车手套🧤、德州筹码（slowplay的质感在同,请问手柄买什么好呀？预算1000以内 | switch 2800？ | 问题是 他有ps5 switch也有，香水他都不怎么喷了，平时衣服裤子也是我买的，我们还没买车[失望R]真的不知道送啥了 | 这款小米的手环好用嘛[萌萌哒R]我也想给男朋友换个手环，但是不知道选哪款[捂脸R]也是米粉,yes,2026-06-12
xhs_4553b92019,小红书,男朋友礼物 学生党,我就是那个很会挑礼物的女朋友。,泛学生/同学,情侣/暧昧送礼,饰品配件|服饰鞋包,平价性价比|仪式感/情绪价值,2231,874,55,86,3606,yes,记录一下 这11年送家属的礼物们。 各价位都有 #男生礼物[话题]# #提高生活幸福感的好物[话题]# #男朋友礼物[话题]# #情人节礼物[话题]# #男生千元礼物[话题]# #百元礼物推荐[话题]# #520礼物[话题]#,我家大狗子的 | 鸟的包是在实体店买的吗 | 蹲蹲斜挎包型号 | 手表是哪款啊,yes,2026-06-12
xhs_1d8c4e81b4,小红书,男朋友礼物 学生党,能让男朋友主动发朋友圈🎁炫耀了三天三夜的,大学生,情侣/暧昧送礼,宿舍生活|饰品配件,仪式感/情绪价值|社交体面,2124,1135,25,75,3761,yes,还在为🎁发愁吗？ 看完这篇让你不再犯难 #备婚[话题]# #甜甜的恋爱[话题]# #情侣[话题]# #让男友瞬间上头[话题]# #男朋友也需要仪式感[话题]# #恋爱要有仪式感[话题]# #情侣礼物[话题]# #恋爱日常[话题]# #恋爱[话题]# #送男朋友的礼物[话题]# #礼物[话题]# #仪式感礼物[话题]# #情人节礼物大赏[话题]#,我打算给男朋友折一罐星星[偷笑R]他还有10多天生日。男生会喜欢这种吗 | 送戒指男生会喜欢吗？ | 博主，我男朋友是那种乖乖的，然后很腼腆，今年上大学，不知道送什么 | 这个创意太戳我了！把.故事写成歌，再.封装成可以扫码听的相框，这完全就是我的“老本行”。从沟通灵感到完成作品，整个过程就像在打造一件声音的珍宝。[玫瑰R],unknown,2026-06-12
xhs_ec602d9b7f,小红书,女朋友礼物 学生党,超详细高中生送礼指南（平价无广）,初高中生,情侣/暧昧送礼,食品零食|服饰鞋包,平价性价比|实用刚需,5852,2399,13,136,9200,yes,大家是不是经常不知道送朋友什么礼物？身为高中生又预算有限，害怕送不到朋友喜欢的礼物🎁 希望这份送礼指南可以帮助到你！包含送礼思路，送礼类型，还有如何包装[红色心形R]全程无广！ #平价生日礼物[话题]# #礼物送女生[话题]# #生日礼物推荐[话题]# #女生生日礼物[话题]# #平价实用好物分享[话题]# #高中[话题]# #礼物[话题]#,手工类的怎么选哇[哭惹R] | 猎罪图鉴！ | 这么全这么实用 | 想要那个巧克力的链接[害羞R][萌萌哒R],yes,2026-06-12
xhs_3620a46a76,小红书,女朋友礼物 学生党,情侣送礼思路🎀情人节小预算实用仪式感篇,大学生,情侣/暧昧送礼,宿舍生活|饰品配件|IP潮玩/玩具|服饰鞋包,平价性价比|实用刚需|仪式感/情绪价值|颜值/可爱,1440,572,78,112,2507,yes,037期💕💕💕 情人节可爱创意礼物篇 具体指南🧭： 1️⃣如果想送对方可爱一点的礼物，可以多多考虑像ip联名这样的礼物，选择对方喜欢的ip这样更不容易出错，就比如像线条小狗、Pingu这样的ip就是送礼的好选择！ 2️⃣如果是预算低的学生情侣，就可以送一些实用的摆件，例如：小音响、小夜灯、情侣马克杯之类的，也可以当成日常小礼物，都可爱又实用！ 3️⃣如果是想送手链、项链之类的饰品当礼物，建议多准备一个特别的包装藏在里面，比如说玩偶或者摆,这个真的很用心！这是一个很.用心的礼物创意，把你们的故事写成歌发布到网易云，做成一碰就响的相框，很多人都很喜欢[红色心形R] | 萌萌哒[飞吻R] | 米米嘟[飞吻R] | 平安扣才一张,unknown,2026-06-12
xhs_3041308823,小红书,女朋友礼物 学生党,分享一些适合送给朋友的生日礼物78.0🎁,泛学生/同学,情侣/暧昧送礼,其他礼物/综合,平价性价比|仪式感/情绪价值|颜值/可爱,927,344,4,38,1439,yes,#平价生日礼物[话题]# #女生生日礼物[话题]# #可爱好物[话题]# #小众礼物[话题]# #高颜值礼物[话题]# #提升幸福感的小物[话题]# #创意礼物[话题]# #闺蜜礼物[话题]# #礼物送女生[话题]# #家中好物真心话小会[话题]#,我也在给闺闺找礼物，姐妹们有推荐的可以发我评论区吗[害羞R][害羞R] | 谁懂啊，把自己的经历写成歌，做成相框扫码就能听，每一句都很戳.心 5[飞吻R] | 我给我孩子买了这个手表，他真的很喜欢,yes,2026-06-12
xhs_28a939b16a,小红书,女朋友礼物 学生党,📝对象送我的各种礼物～我都超级喜欢,泛学生/同学,情侣/暧昧送礼,其他礼物/综合,未显式,51,82,22,3,205,no,,,unknown,2026-06-12
xhs_7c2158332c,小红书,女朋友礼物 学生党,🎁小礼物合集｜一些平价可爱的小东西们,泛学生/同学,情侣/暧昧送礼,其他礼物/综合,平价性价比|颜值/可爱,473,319,30,13,966,no,,,yes,2026-06-12
xhs_1e719bcf86,小红书,女朋友礼物 学生党,18款超用心的diy礼物,泛学生/同学,情侣/暧昧送礼,文具手账|饰品配件|IP潮玩/玩具|定制纪念|食品零食,仪式感/情绪价值|定制纪念,742,331,6,63,1278,yes,谈了恋爱才发现，真正戳心的从来不是银行卡余额 而是那种「我懂你在想什么」的心有灵犀！ 我们家有个不成文的规定：惊喜不看价格，走心才是王道✨ 🌼可能是下班路上随手采的野花（小雏菊真的超治愈） 📝可能是熬夜写的手写信（字丑但情意重） 🍫甚至是我随口提过的零食，他默默记下然后某天突然变出来... 这些看似微不足道的小细节 反而让平凡的日常变得闪闪发光 现在觉得恋爱最好的状态大概是： 不用等到情人节纪念日，普通日子也能过成甜蜜日 毕竟最珍贵的从,给男朋友的[害羞R] | 请问一下手链哪里有啊 | 录音玩偶有链接吗 | CDD相机求一下,yes,2026-06-12
xhs_09778b50a3,小红书,女朋友礼物 学生党,女朋友礼物清单！,泛学生/同学,开学/返校,其他礼物/综合,实用刚需,643,413,11,26,1240,no,,,unknown,2026-06-12
xhs_59b81ae34b,小红书,女朋友礼物 学生党,异地恋一定要送的保鲜小礼物！让距离变甜,泛学生/同学,情侣/暧昧送礼,其他礼物/综合,未显式,563,235,7,22,915,no,,,unknown,2026-06-12
xhs_b6ce63e2d6,小红书,女朋友礼物 学生党,拒绝烂大街！99%女生没收到过的小众礼物清单,泛学生/同学,开学/返校,其他礼物/综合,实用刚需|颜值/可爱,513,259,38,33,974,no,,,unknown,2026-06-12
xhs_64fbbdf46b,小红书,女朋友礼物 学生党,送女生0-30岁生日礼物合集🎁【礼物&文案版】,边缘低龄/教师奖励,开学/返校,个护香氛,实用刚需,10192,4844,108,582,17578,yes,0-30岁礼物合集女生版来咯🎉 同样是既实用又有意义，但最重要的是送礼物的那份心意[害羞R][害羞R] 依然是给大家整理了礼物相对应的文案，直接抄作业不谢[偷笑R] 主页还有【0-30岁礼物男生版】快来看看吧👀 #宝宝生日礼物[话题]# #小女孩生日礼物[话题]# #女友生日礼物[话题]##闺蜜礼物[话题]# #愿望清单[话题]# #送给孩子的礼物[话题]# #创意礼物[话题]# #女生礼物[话题]# #小红书礼物季[话题]#,我姐25，马上生日，但是买个按摩椅真的感觉，莫名有点显老，是怎么回事？[doge]况且我也买不起呀~[哭惹R] | 礼物清单，男女都有，无偿分享 | 这是不是你自己想要的[偷笑R] | 那一天的心愿[害羞R],yes,2026-06-12
xhs_aa06c0df5f,小红书,女朋友礼物 学生党,520“实用派”送礼好物清单（🈚️广）,泛学生/同学,开学/返校,宿舍生活|个护香氛|服饰鞋包,实用刚需|颜值/可爱,691,320,21,67,1249,yes,一些自用和送礼都受到好评的产品 高颜值的同时也能让对方实实在在地用上 才是我觉得让人暖心的礼物 清单如下： · stanley水杯 · Tom Ford香水 ·chanel发丝喷雾 ·dyson吹风机 ·大疆pocket 4 ·dior墨镜 ·dior 高光盘 ·miumiu 帆布包 ·拉夫劳伦帽子 #礼物推荐[话题]# #让好物成为礼物[话题]# #好物分享[话题]# #年度好物推荐[话题]# #提升生活品质好物分享[话题]# #我的,太多同款了 发喷给到夯 | 这个帽子哪里买啊 | 帽子不错，好看 | 这个miumiu1000？ 不止吧,yes,2026-06-12
xhs_455873d105,小红书,女朋友礼物 学生党,1000块预算礼物挑选思路（已屏蔽好友）,泛学生/同学,情侣/暧昧送礼,3C数码/配件|个护香氛|服饰鞋包,实用刚需|仪式感/情绪价值|颜值/可爱|社交体面,3910,1797,20,451,6962,yes,一、电子产品类 1.如果对方没有AirPods或者刚好弄丢了，可以送一个AirPods，简单又实用 2.小米音箱也是不错的选择，能提升幸福感 3.宝丽来的拍立得，比较文艺范儿或喜欢拍照的女生会很喜欢 4.喜欢打游戏的其实可以送键盘，但我对键盘没什么研究，懂的可以说说 二、大牌彩妆 1.海蓝之谜润唇膏绝对不会出错 2.香奈儿这个发香喷雾也很可，淡淡的香味 3.没有女生会不喜欢祖玛珑吧？很拿得出手了 4.不建议盲买护肤品、粉底液眼影、口红套,送正常女性朋友，企业高管，小清新一枚，1000元内[doge]，请帮忙推荐。 | 都是这种无聊的东西[哭惹R] | 给个链接 | 这种最有意思了,yes,2026-06-12
xhs_337c8d0547,小红书,女朋友礼物 学生党,女朋友/闺蜜六一礼物推荐！包开心丨两百元内,泛学生/同学,情侣/暧昧送礼,服饰鞋包,平价性价比,287,113,0,15,455,no,,,yes,2026-06-12
xhs_4c625e3cff,小红书,女朋友礼物 学生党,请教大家下，十五岁初中生女孩喜欢什么,初高中生,情侣/暧昧送礼,其他礼物/综合,未显式,250,73,198,32,788,no,,,unknown,2026-06-12
xhs_086c2c0308,小红书,女朋友礼物 学生党,增进情侣之间感情的50个小礼物🎁,泛学生/同学,情侣/暧昧送礼,其他礼物/综合,未显式,160,187,1,19,433,no,,,unknown,2026-06-12
xhs_d4db8b1982,小红书,女朋友礼物 学生党,自存女友礼物清单,泛学生/同学,开学/返校,其他礼物/综合,实用刚需,271,155,16,17,529,no,,,unknown,2026-06-12
xhs_1ee2f3e744,小红书,女朋友礼物 学生党,实用➕平价的情人节送礼清单🎁,泛学生/同学,开学/返校,其他礼物/综合,平价性价比|实用刚需,28,26,3,2,70,no,,,unknown,2026-06-12
xhs_3498bb929f,小红书,女朋友礼物 学生党,更重要的是被惦记的真心，礼物是其次,泛学生/同学,情侣/暧昧送礼,其他礼物/综合,未显式,101,60,8,11,211,no,,,unknown,2026-06-12
xhs_5051608512,小红书,平价礼物 学生,学生党可以送的平价礼物（自用清单）,泛学生/同学,开学/返校,服饰鞋包,平价性价比|实用刚需|颜值/可爱,14131,8445,64,332,25735,yes,选了几件买过的礼物， 根据自己的审美选的，可能会偏复古和古典 但是送女生朋友 她们都超级喜欢 上面的这几件，算是比较平价的礼物，基本上都是百元以内。是一些好价又美丽的小物件🔮 #女生礼物合集[话题]# #平价生日礼物[话题]# #爱用物分享[话题]# #审美积累[话题]# #高颜值礼物[话题]# #,博主可以标价吗 | 有没有链接啊在哪买啊 | 感谢博主 都太好看啦 觉得给朋友送首饰盒很不错 小小的不占地方也很精美实用，店家还提供包装(≧ｗ≦) 不过南山草木染那款找不到了 应该是下架了吧 | 推荐盒子！给爱打扮的朋友可以放首饰，搞二次元的可以做谷美，给朋友送过反馈非常好,yes,2026-06-12
xhs_03224496fb,小红书,平价礼物 学生,学生党自存平价小众礼物day 4,泛学生/同学,泛礼物灵感,其他礼物/综合,平价性价比|颜值/可爱,27,16,0,0,47,no,,,unknown,2026-06-12
xhs_eee59f95f9,小红书,平价礼物 学生,低预算套圈活动奖励学生的小礼品分享,边缘低龄/教师奖励,同学/朋友日常,IP潮玩/玩具|服饰鞋包,平价性价比|实用刚需|颜值/可爱,626,462,16,142,1471,yes,最近策划了一场积分兑换套圈活动 所以买了一些小朋友们可能会喜欢的礼物 秉持着实用有趣低预算的原则 在网上挑了好久 想让大家以开盲袋的形式感受惊喜 所以很认真地选择和包装 很喜欢给别人制造惊喜！✨ #平价小礼物[话题]# #学生小礼品推荐[话题]# #有趣小礼物[话题]# #套圈奖品[话题]# #活动礼品[话题]# #活动礼物[话题]# #礼物推荐[话题]# #创意礼物[话题]# #送给小朋友礼物[话题]# #好看的礼物合集[话题]#,请问，拼装积木，好拼吗？ | 求链接 | 你好，积分兑换套圈怎么操作？ | 我们班的孩子最近迷上了明信片和贴纸[笑哭R],yes,2026-06-12
xhs_ec602d9b7f,小红书,平价礼物 学生,超详细高中生送礼指南（平价无广）,初高中生,同学/朋友日常,食品零食|服饰鞋包,平价性价比|实用刚需,5852,2399,13,136,9200,yes,大家是不是经常不知道送朋友什么礼物？身为高中生又预算有限，害怕送不到朋友喜欢的礼物🎁 希望这份送礼指南可以帮助到你！包含送礼思路，送礼类型，还有如何包装[红色心形R]全程无广！ #平价生日礼物[话题]# #礼物送女生[话题]# #生日礼物推荐[话题]# #女生生日礼物[话题]# #平价实用好物分享[话题]# #高中[话题]# #礼物[话题]#,手工类的怎么选哇[哭惹R] | 猎罪图鉴！ | 这么全这么实用 | 想要那个巧克力的链接[害羞R][萌萌哒R],yes,2026-06-12
xhs_3041308823,小红书,平价礼物 学生,分享一些适合送给朋友的生日礼物78.0🎁,泛学生/同学,同学/朋友日常,其他礼物/综合,平价性价比|仪式感/情绪价值|颜值/可爱,927,344,4,38,1439,yes,#平价生日礼物[话题]# #女生生日礼物[话题]# #可爱好物[话题]# #小众礼物[话题]# #高颜值礼物[话题]# #提升幸福感的小物[话题]# #创意礼物[话题]# #闺蜜礼物[话题]# #礼物送女生[话题]# #家中好物真心话小会[话题]#,我也在给闺闺找礼物，姐妹们有推荐的可以发我评论区吗[害羞R][害羞R] | 谁懂啊，把自己的经历写成歌，做成相框扫码就能听，每一句都很戳.心 5[飞吻R] | 我给我孩子买了这个手表，他真的很喜欢,yes,2026-06-12
xhs_c49d15e15c,小红书,平价礼物 学生,长期主义｜考研党必备好物分享！🧸,大学生,开学/返校,3C数码/配件|文具手账|宿舍生活|饰品配件|服饰鞋包,平价性价比|实用刚需|仪式感/情绪价值,1404,475,7,54,2116,yes,本期是考研好物分享第二弹！ 看看有没有宝宝们需要的好物吧 #学生党平价好物[话题]# #翻包记[话题]# #考研[话题]# #考研好物[话题]# #学生党好物分享[话题]# #笔记本[话题]##大学生爱用[话题]# #年度幸福感好物[话题]# #护腰坐垫[话题]# #可调节腰靠[话题]#,托特包包和平板多少钱？ | 插排在哪买啊 识图没搜到[抽泣R] | 小风扇是充电款还是插电款 | 他们说到处评论评论就会有流量,unknown,2026-06-12
xhs_79d89b23f7,小红书,平价礼物 学生,我也太会买班级奖励啦！,边缘低龄/教师奖励,班级奖励/集体分发,文具手账|IP潮玩/玩具|服饰鞋包,平价性价比|实用刚需|颜值/可爱,2852,2202,26,535,6568,yes,结合班级优化大师上的积分在每周班会课进行兑换，学生都很喜欢🎁 🔗大家自行甄别哈 #小学英语教师[话题]# #小学生礼物[话题]# #学生奖励[话题]# #小学班主任[话题]# #扭蛋机[话题]# #办公桌上有什么[话题]# #老师鼓励学生[话题]# #可爱小物件[话题]#,我有八个班级，自掏腰包，一学期换三次，要破产了 | 都是什么价格啊？ | 便利贴有链接吗 | 世界名校的积木不错，,yes,2026-06-12
xhs_5ca5d4460a,小红书,平价礼物 学生,预算百元｜小众设计礼物🎁彰显你的好品味,泛学生/同学,泛礼物灵感,其他礼物/综合,平价性价比|颜值/可爱,827,386,15,31,1404,no,,,unknown,2026-06-12
xhs_07432b2b01,小红书,平价礼物 学生,小学生礼物推荐！ 200元内实用又可爱！,边缘低龄/教师奖励,泛礼物灵感,其他礼物/综合,平价性价比|实用刚需|颜值/可爱,665,398,17,111,1382,no,,,yes,2026-06-12
xhs_7844acaa06,小红书,平价礼物 学生,🧸私藏|6⃣家小众有趣平价の礼物合集🧀,泛学生/同学,开学/返校,文具手账|宿舍生活,平价性价比|实用刚需|颜值/可爱,993,560,4,36,1783,yes,📣Hi！这里是橘汁 🔆宝藏创意有趣的礼🎁物合集来啦！！！ 周五快乐呀[大笑R]今天有什么收货呀～今天橘汁给大家搜罗了一些好看又实用的小物件✅送朋友、送自己都是很不错的选择🤣精致的香薰蜡烛、懒人沙发、早八必备水杯💕、蜡笔小新车载香薰…… 快来一起康[看R]康吧～ — 1⃣🍑Four meals Four seasons设计师店 2⃣🍑不想失业 3⃣🍑可爱日子 温柔杂货铺 4⃣🍑森女派对SNPD 5⃣🍑薏泰泰创意小铺 6⃣御壶茗香居家百货 ,@叫我小可爱 | 一件代发嘛,yes,2026-06-12
xhs_8c1c3c253d,小红书,平价礼物 学生,盘点小学生喜爱的年度小奖品，便宜又可爱☺️,边缘低龄/教师奖励,班级奖励/集体分发,文具手账|饰品配件|IP潮玩/玩具|食品零食|服饰鞋包,平价性价比|颜值/可爱|社交体面,5199,3445,92,846,11130,yes,散学典礼又要准备发一波小奖品啦，趁着这次机会盘点一下这一学年学生兑换率很高的奖品吧[飞吻R] 这些奖品绝大部分由班级经费购买，并且保证每个孩子都有机会兑换哦[害羞R] 1️⃣恐龙蛋！ 必须站c位！显眼包小奖品！花里胡哨但学生就是很爱[笑哭R]每次换完立刻去厕所用水泡“孵化”，然后开始炫耀自己获得了xxx龙…… 2️⃣牛奶盒橡皮擦 首先盒子很可爱很吸引人，其次橡皮擦让人有种想一直切开的欲望，跟黄油饼干似的…… （这个奖品我是不允许他们在课,六年级不知道准备啥，吃的用的都不感兴趣，麻了 | 我之前是小学生，我必须说话，我小时候不会很喜欢这种，就是可能我本来就获得成绩就简单地获得成绩的喜悦哈，但是这种奖励就有点土，然后不如送正版文具啥的 | 恐龙蛋，看着不错啊 | 那个牛奶盒橡皮我买过，很受学生欢迎[doge],yes,2026-06-12
xhs_2cfd00e6b8,小红书,平价礼物 学生,小朋友的快乐很简单！便宜的奖励物品👍,边缘低龄/教师奖励,同学/朋友日常,其他礼物/综合,平价性价比,76,56,1,15,172,no,,,unknown,2026-06-12
xhs_98e4d4333c,小红书,平价礼物 学生,儿童挑礼物，实用性价比两手抓,边缘低龄/教师奖励,毕业/升学,3C数码/配件|IP潮玩/玩具|定制纪念,平价性价比|实用刚需|定制纪念,3846,1132,189,423,6329,yes,给0 - 15岁孩子选礼物可太难了，便宜的怕质量不行，贵的又肉疼，挑来选去，选择困难症都要犯了。选对礼物，不仅能让孩子开心，还能助力成长。要是选错，钱花了不说，孩子不喜欢，放家里还占地方。 别愁啦！今天就给大家分享那些性价比超高的礼物，绝对实用又不贵，不玩虚的，直接上干货，闭眼抄作业就行👇 #儿童节礼物[话题]# #儿童礼物[话题]# #618小红书买买节[话题]# #宝宝礼物[话题]# #益智玩具[话题]# #育儿经验分享[话题]# ,虽然我12岁，但是这里提供的10到15岁的礼物我都不喜欢[捂脸R] | 7岁不知道买什么了，0-15岁的礼物，除了头戴式耳机，另外全买过了[笑哭R]，怎么办，不知道送什么了[笑哭R] | 我想知道12岁女孩喜欢什么，小学毕业礼送什么好 | 显微镜是鸡肋吗,yes,2026-06-12
xhs_534e349582,小红书,平价礼物 学生,儿童礼物你还不知道送什么？,边缘低龄/教师奖励,泛礼物灵感,文具手账|IP潮玩/玩具,平价性价比|实用刚需,3384,1149,30,373,5496,yes,如果你还不知道怎么发现孩子的爱好，不如从孩子的礼物入手，0-15岁儿童礼物列表让你帮助孩子找到他|她的潜力值。,分享你们的觉得有趣的玩具，让孩子的生活更有色彩。 | 买的显微镜，学习生物课也能用到，还是挺有意思的。 | 六年级男孩喜欢什么，想选礼物给外甥 | toy,yes,2026-06-12
xhs_f7895714d8,小红书,平价礼物 学生,六一送孩子礼物清单｜闭眼入不踩雷✨,泛学生/同学,开学/返校,其他礼物/综合,平价性价比|实用刚需,39,14,0,5,64,no,,,unknown,2026-06-12
xhs_6db5396b61,小红书,平价礼物 学生,🥳朋友收到超开心的礼物分享🧾(15/100),泛学生/同学,同学/朋友日常,其他礼物/综合,平价性价比,352,164,7,34,630,no,,,unknown,2026-06-12
xhs_e5ae010ddc,小红书,仪式感礼物 学生,全班都抢着要的高颜值奖品，低成本搞定！,边缘低龄/教师奖励,同学/朋友日常,文具手账|饰品配件|IP潮玩/玩具|服饰鞋包,平价性价比|实用刚需|仪式感/情绪价值|颜值/可爱,934,618,1,175,2001,yes,班级奖品天花板来了！ 平价｜实用｜高颜值｜学生超爱 课堂小奖励、期末表彰都适配 几块钱就能拥有的快乐 孩子学习动力直接拉满💯 老师/班委闭眼抄作业！ ✅街景积木：男孩女孩都能玩，不挑人，当集体奖品、进步奖、优秀奖都合适。 ✅搞怪笔筒：可爱、沙雕、搞怪造型，学生看到就想要，比普通文具吸睛太多。 ✅变色烤鸭：遇阳光/紫外线就变“烤鸭色”，室内变回小白鸭，学生觉得超神奇。 ✅包子捏捏乐：白白胖胖超萌，软乎乎超回弹，捏下去像真包子，学习累了捏一,@C桶,yes,2026-06-12
xhs_3041308823,小红书,仪式感礼物 学生,分享一些适合送给朋友的生日礼物78.0🎁,泛学生/同学,同学/朋友日常,其他礼物/综合,平价性价比|仪式感/情绪价值|颜值/可爱,927,344,4,38,1439,yes,#平价生日礼物[话题]# #女生生日礼物[话题]# #可爱好物[话题]# #小众礼物[话题]# #高颜值礼物[话题]# #提升幸福感的小物[话题]# #创意礼物[话题]# #闺蜜礼物[话题]# #礼物送女生[话题]# #家中好物真心话小会[话题]#,我也在给闺闺找礼物，姐妹们有推荐的可以发我评论区吗[害羞R][害羞R] | 谁懂啊，把自己的经历写成歌，做成相框扫码就能听，每一句都很戳.心 5[飞吻R] | 我给我孩子买了这个手表，他真的很喜欢,yes,2026-06-12
xhs_4e68f716aa,小红书,仪式感礼物 学生,儿童节礼物2⃣️:小朋友们都喜欢的创意手工。,边缘低龄/教师奖励,同学/朋友日常,其他礼物/综合,仪式感/情绪价值,666,463,28,30,1368,no,,,unknown,2026-06-12
xhs_1a4c1c7af6,小红书,仪式感礼物 学生,教培老师送学生小礼物推荐！第二弹来咯,泛学生/同学,班级奖励/集体分发,其他礼物/综合,仪式感/情绪价值,62,25,6,8,118,no,,,yes,2026-06-12
xhs_b1ec0d99e6,小红书,仪式感礼物 学生,送礼指南丨ins风满满💡创意实用礼物1️⃣3️⃣,泛学生/同学,泛礼物灵感,其他礼物/综合,实用刚需|仪式感/情绪价值,161,120,9,15,357,no,,,unknown,2026-06-12
xhs_c9f4052896,小红书,仪式感礼物 学生,10岁小朋友生日礼物合集🦄必须送到心坎上,边缘低龄/教师奖励,同学/朋友日常,IP潮玩/玩具|食品零食|服饰鞋包,仪式感/情绪价值,8475,4500,108,1522,16824,yes,外甥女10岁啦！准备了10个礼物～（实际超了[偷笑R]） 平时家里娃娃玩偶太多了，这次娃娃类的都没有准备 10岁生日我们也准备了大红包🧧不过小孩子肯定还是喜欢实际的礼物哒！ 把10个礼物都包起来，装进大号的礼物盒🎁礼物盒也是特地挑的外甥女喜欢的粉粉三丽欧，一整个体验拆礼物的快感，情绪价值拉满[派对R] #小女孩生日礼物[话题]# #生日礼物推荐[话题]# #给孩子的仪式感[话题]# #小学生礼物[话题]##10岁生日[话题]#,这个可以给个店铺吗 | 求问同款尺寸[哭惹R][哭惹R] | 都觉得不错，有没有链接 | 巧克力是哪家呀,yes,2026-06-12
xhs_a5a6ec37ad,小红书,仪式感礼物 学生,🤲🏻Share｜一些让朋友平日能想起你的小礼物,泛学生/同学,同学/朋友日常,其他礼物/综合,仪式感/情绪价值,562,366,9,19,1083,no,,,unknown,2026-06-12
xhs_f7895714d8,小红书,仪式感礼物 学生,六一送孩子礼物清单｜闭眼入不踩雷✨,泛学生/同学,开学/返校,其他礼物/综合,实用刚需|仪式感/情绪价值,39,14,0,5,64,no,,,unknown,2026-06-12
xhs_fb03f48b9f,小红书,仪式感礼物 学生,教培 学生礼物,泛学生/同学,开学/返校,定制纪念,仪式感/情绪价值|定制纪念,655,438,28,129,1473,yes,百万教培礼物篇：送什么之给学生的转介绍礼物！———你的礼物我的礼物好像不一样！#独立教师[话题]# #教培[话题]# #加油教培人[话题]# #教育新机遇[话题]# #线上教学[话题]# #毕业季礼物[话题]# #开学礼物[话题]# #独立老师[话题]# #教师职业发展[话题]# #教培转型[话题]#,泡泡玛特还有卡啊 | 怎么进群啊 | 我要进群[哭惹R] | 不是，你怎么这么聪明的，怎么想出来的[哇R]马上去运用了,unknown,2026-06-12
xhs_534e349582,小红书,仪式感礼物 学生,儿童礼物你还不知道送什么？,边缘低龄/教师奖励,泛礼物灵感,文具手账|IP潮玩/玩具,实用刚需|仪式感/情绪价值,3384,1149,30,373,5496,yes,如果你还不知道怎么发现孩子的爱好，不如从孩子的礼物入手，0-15岁儿童礼物列表让你帮助孩子找到他|她的潜力值。,分享你们的觉得有趣的玩具，让孩子的生活更有色彩。 | 买的显微镜，学习生物课也能用到，还是挺有意思的。 | 六年级男孩喜欢什么，想选礼物给外甥 | toy,yes,2026-06-12
xhs_7427c246db,小红书,仪式感礼物 学生,高考礼物🎁 | 送给高考生的实用好寓意礼物,泛学生/同学,毕业/升学,其他礼物/综合,实用刚需|仪式感/情绪价值,39,14,1,6,68,no,,,unknown,2026-06-12
xhs_c49d15e15c,小红书,仪式感礼物 学生,长期主义｜考研党必备好物分享！🧸,大学生,开学/返校,3C数码/配件|文具手账|宿舍生活|饰品配件|服饰鞋包,平价性价比|实用刚需|仪式感/情绪价值,1404,475,7,54,2116,yes,本期是考研好物分享第二弹！ 看看有没有宝宝们需要的好物吧 #学生党平价好物[话题]# #翻包记[话题]# #考研[话题]# #考研好物[话题]# #学生党好物分享[话题]# #笔记本[话题]##大学生爱用[话题]# #年度幸福感好物[话题]# #护腰坐垫[话题]# #可调节腰靠[话题]#,托特包包和平板多少钱？ | 插排在哪买啊 识图没搜到[抽泣R] | 小风扇是充电款还是插电款 | 他们说到处评论评论就会有流量,unknown,2026-06-12
xhs_07432b2b01,小红书,仪式感礼物 学生,小学生礼物推荐！ 200元内实用又可爱！,边缘低龄/教师奖励,泛礼物灵感,其他礼物/综合,实用刚需|仪式感/情绪价值|颜值/可爱,665,398,17,111,1382,no,,,yes,2026-06-12
xhs_61346cfaab,小红书,仪式感礼物 学生,存一些送朋友的可爱礼物,泛学生/同学,同学/朋友日常,其他礼物/综合,仪式感/情绪价值|颜值/可爱,1163,600,18,38,2036,yes,#可爱好物[话题]# #让心情美丽的小物件[话题]# #可爱小物[话题]# #有意义的礼物[话题]# #创意礼物[话题]# #生日礼物推荐[话题]# #我家的可爱怪东西[话题]# #礼物[话题]# #小众礼物[话题]#,请问下破壳鸡蛋冰箱贴有链接吗？ | 求第一个链接 | 第一个好有意思！ | 第一个怎么买呀,yes,2026-06-12
xhs_f93a48441d,小红书,仪式感礼物 学生,✨六一儿童节礼物清单｜孩子收到会尖叫,边缘低龄/教师奖励,开学/返校,其他礼物/综合,实用刚需|仪式感/情绪价值,434,291,9,62,923,no,,,unknown,2026-06-12
xhs_2b6fd48b67,小红书,仪式感礼物 学生,OMG这个毕业礼物我好爱！！！！,泛学生/同学,毕业/升学,定制纪念,仪式感/情绪价值|定制纪念,14,10,1,6,38,no,,,unknown,2026-06-12
xhs_3df13ee4b1,小红书,仪式感礼物 学生,9岁女孩儿童节求推荐,边缘低龄/教师奖励,同学/朋友日常,服饰鞋包,仪式感/情绪价值|颜值/可爱,356,132,84,46,764,yes,精致不肉疼的儿童节礼物，很需要！ 六一儿童节马上就快到了。倒计时20天精致仪式感必须到位。#小女孩生日礼物[话题]# #儿童节礼物[话题]# #小学生礼物[话题]# 但是送什么礼物呢？选了很多，还是纠结，不知道送什么。 姐妹们，你们都给宝宝选了什么礼物呢？ 发出来给我参考一下。,儿童喜不喜欢不知道。30➕的老阿姨可喜欢了[笑哭R] | 这个，没有小朋友不喜欢汪汪队！ | 想的脑壳疼，望远镜，labubu，化妆类首饰盒估计也会很爱 | 买个无人机或者平衡车,yes,2026-06-12
xhs_6bd355ffab,小红书,毕业礼物 学生,被我的中考加油礼物好看晕了,初高中生,毕业/升学,定制纪念,颜值/可爱|定制纪念,557,399,448,134,2172,yes,终于轮到我们大显身手了 考前一个月冲刺 大家都挺紧张 没想到收到了班主任发给大家的加油礼物 真的太有趣了 焦虑的情绪一下子变成大家开心的欢笑 收拾情绪，整装待发 祝我们都全力以赴，前程似锦✨ #毕业喜事[话题]# #中考加油[话题]# #中考加油礼物[话题]# #高考加油[话题]# #高考加油礼物[话题]# #中高考加油礼物[话题]# #考生礼物[话题]# #毕业班礼物[话题]# #毕业礼物[话题]# #毕业季[话题]#,怎么拍 | 怎么买？ | 怎么买 | 这个怎么买,unknown,2026-06-12
xhs_44927828bf,小红书,毕业礼物 学生,给第一届学生的毕业礼物🎓,泛学生/同学,毕业/升学,定制纪念,定制纪念,542,317,40,125,1221,no,,,unknown,2026-06-12
xhs_414e802811,小红书,毕业礼物 学生,毕业季给可爱的孩子们画副小卡头像,泛学生/同学,毕业/升学,定制纪念,颜值/可爱|定制纪念,152,96,6,17,313,no,,,unknown,2026-06-12
xhs_2cca07a975,小红书,毕业礼物 学生,毕业之礼物篇（二）,大学生,毕业/升学,文具手账|宿舍生活|个护香氛|IP潮玩/玩具|定制纪念|服饰鞋包,实用刚需|仪式感/情绪价值|颜值/可爱|定制纪念,830,162,185,43,1474,yes,又到毕业季，想起去年整理的礼物笔记还没发完，这里又找了一些平时朋友送的礼物，供大家参考。毕业快乐！[玫瑰R][玫瑰R][玫瑰R] p1：非遗的手工花朵相框，可以选择朋友喜欢或者有特别寓意的花。 p2：这个保温杯比较小巧，适合女生用，有绳子拿着很方便，里头有茶漏。 p3：超级心水的水杯！颜值很高，感觉没有拍出它的美，我记得有两三个颜色，都很好看！ p4：拍着突然发现这个日历也很不错，看着心情很好，另外这个大一点的也是朋友送的，款式不同，但,送过这个[萌萌哒R] | 之前送的香水，和我的同款想让他喷的时候就能想起我，当然这个适合送给比较好的朋友！ | 好用心！！ | 送这个~,unknown,2026-06-12
xhs_f4679249a3,小红书,毕业礼物 学生,均价不超10元！这些盲盒让课堂效率翻倍,泛学生/同学,毕业/升学,IP潮玩/玩具|定制纪念,实用刚需|定制纪念,203,206,9,35,540,no,,,unknown,2026-06-12
xhs_2b6fd48b67,小红书,毕业礼物 学生,OMG这个毕业礼物我好爱！！！！,泛学生/同学,毕业/升学,定制纪念,定制纪念,14,10,1,6,38,no,,,unknown,2026-06-12
xhs_6a9d000a69,小红书,毕业礼物 学生,家委会要开始准备礼物了🎁,边缘低龄/教师奖励,毕业/升学,定制纪念|服饰鞋包,颜值/可爱|定制纪念,621,665,571,75,2739,yes,有没有特别的送小学毕业生礼物推荐，50份左右#毕业礼物[话题]# #毕业季[话题]# #小学生礼物[话题]# #拜托各位了[话题]# #有意义的礼物[话题]#,只有我三月就已经订好了吗[笑哭R] | 这个 这个好看 | 我准备了这个给小孩，很可爱，自掏腰包也不心疼 | 那我就不得不拿出我去年的这个了[笑哭R][笑哭R][笑哭R],yes,2026-06-12
xhs_81ed87832e,小红书,毕业礼物 学生,我们毕业啦❗️,初高中生,毕业/升学,饰品配件|定制纪念|服饰鞋包,实用刚需|定制纪念,3944,3292,90,813,9622,yes,看到同事给孩子们定制了杯子，心痒难耐， 比较之后感觉帆布袋会更日常实用一些，耶耶期待收货[哇R] #我们毕业啦[话题]# #毕业快乐[话题]# #毕业礼物[话题]#,图片是怎么画的呀？ | 请问这个印出来后名字看得清吗 | 请问有链接吗[红色心形R] | 这个真不错哎 但是如何在学生不知情的情况下 骗他们画自己的样子呢 高三小孩不好骗呢,yes,2026-06-12
xhs_70ec9b0c8a,小红书,毕业礼物 学生,毕业礼物🎓准备好了吗,泛学生/同学,毕业/升学,定制纪念,定制纪念,1323,876,96,291,3089,yes,又到了一年一度的毕业季 分享最近高校们定制的毕业礼物 每个角度看都有彩虹般的颜色 这不就是五彩斑斓的青春吗 #毕业季[话题]# #毕业礼物[话题]# #毕业礼物定制[话题]#,感谢大家的喜爱[飞吻R][飞吻R][飞吻R] | 多少 | 怎么定制啊 | 问价,unknown,2026-06-12
xhs_27c8da0836,小红书,毕业礼物 学生,高三学生送什么毕业礼物,初高中生,毕业/升学,定制纪念,定制纪念,348,104,83,32,697,no,,,unknown,2026-06-12
xhs_0914ca998f,小红书,毕业礼物 学生,教师Plog｜拼图当礼物！特别！（附🔗）,边缘低龄/教师奖励,毕业/升学,文具手账|定制纪念,定制纪念,9294,9317,208,1883,24646,yes,#快门闪过毕业季[话题]# ▪️每一个毕业季都是学生们人生旅程中的一个转折点 因为自己觉得拼图有意思，去年刷到了一个老师给学生准备拼图礼物，就想好了也给他们准备拼图当毕业礼物。 ▪️准备材料： 1⃣️选照片和句子，把学生名字p上去（这一步我是直接找@李子老师～ 买的 ）比较省事了 2⃣️定制拼图（pxx） 趁着618活动在pxx定制的，质量还不错，不会掉渣 3⃣️单独买透明罐子，尺寸在图中了，放120片的拼图刚刚好。 4⃣️把拼图照片打,他们也配[笑哭R] | 第一届我会这么做，现在不会了[笑哭R] | 突然觉得我做的不香了[哭惹R][哭惹R][哭惹R] | 我的[偷笑R],yes,2026-06-12
xhs_e94081ef7f,小红书,毕业礼物 学生,辅导员给学生送毕业礼物送什么合适,泛学生/同学,毕业/升学,定制纪念,定制纪念,11,5,33,4,89,no,,,unknown,2026-06-12
xhs_35ac2c1b05,小红书,毕业礼物 学生,小众又高级的毕业礼物大全！🎓,泛学生/同学,毕业/升学,文具手账|饰品配件|定制纪念,颜值/可爱|定制纪念,1634,1373,70,250,3933,yes,1.水波纹名字钥匙扣 2.电影纪念票根 3.送别挂件 4.毕业朋友圈透卡 5.状元书签 6.水波纹纪念票根 7.照片电影票 8.镭射纪念卡 #毕业礼物送老师[话题]# #毕业礼物[话题]##礼物[话题]##班主任同学[话题]#,礼貌问价，水波纹名字钥匙扣，47人，什么价格 | 2和7怎么买呀 | 7还可以定制吗 | 还可以定制吗,unknown,2026-06-12
xhs_07432b2b01,小红书,毕业礼物 学生,小学生礼物推荐！ 200元内实用又可爱！,边缘低龄/教师奖励,毕业/升学,定制纪念,实用刚需|颜值/可爱|定制纪念,665,398,17,111,1382,no,,,yes,2026-06-12
xhs_adce25a818,小红书,毕业礼物 学生,作为导师，可以给本科毕业生送什么毕业礼物,泛学生/同学,毕业/升学,定制纪念,定制纪念,25,7,21,4,82,no,,,unknown,2026-06-12
xhs_1cd9d87799,小红书,毕业礼物 学生,救命‼️幼儿园毕业礼物直接把我看哭了😭,边缘低龄/教师奖励,毕业/升学,定制纪念,定制纪念,264,165,11,100,650,no,,,unknown,2026-06-12
xhs_a482e39f4a,小红书,毕业礼物 学生,毕业季收到最牛的礼物！,泛学生/同学,毕业/升学,定制纪念,定制纪念,24,11,5,7,58,no,,,unknown,2026-06-12
xhs_79d89b23f7,小红书,班级奖励 小礼物,我也太会买班级奖励啦！,边缘低龄/教师奖励,班级奖励/集体分发,文具手账|IP潮玩/玩具|服饰鞋包,实用刚需|颜值/可爱,2852,2202,26,535,6568,yes,结合班级优化大师上的积分在每周班会课进行兑换，学生都很喜欢🎁 🔗大家自行甄别哈 #小学英语教师[话题]# #小学生礼物[话题]# #学生奖励[话题]# #小学班主任[话题]# #扭蛋机[话题]# #办公桌上有什么[话题]# #老师鼓励学生[话题]# #可爱小物件[话题]#,我有八个班级，自掏腰包，一学期换三次，要破产了 | 都是什么价格啊？ | 便利贴有链接吗 | 世界名校的积木不错，,yes,2026-06-12
xhs_8c1c3c253d,小红书,班级奖励 小礼物,盘点小学生喜爱的年度小奖品，便宜又可爱☺️,边缘低龄/教师奖励,班级奖励/集体分发,文具手账|饰品配件|IP潮玩/玩具|食品零食|服饰鞋包,平价性价比|颜值/可爱|社交体面,5199,3445,92,846,11130,yes,散学典礼又要准备发一波小奖品啦，趁着这次机会盘点一下这一学年学生兑换率很高的奖品吧[飞吻R] 这些奖品绝大部分由班级经费购买，并且保证每个孩子都有机会兑换哦[害羞R] 1️⃣恐龙蛋！ 必须站c位！显眼包小奖品！花里胡哨但学生就是很爱[笑哭R]每次换完立刻去厕所用水泡“孵化”，然后开始炫耀自己获得了xxx龙…… 2️⃣牛奶盒橡皮擦 首先盒子很可爱很吸引人，其次橡皮擦让人有种想一直切开的欲望，跟黄油饼干似的…… （这个奖品我是不允许他们在课,六年级不知道准备啥，吃的用的都不感兴趣，麻了 | 我之前是小学生，我必须说话，我小时候不会很喜欢这种，就是可能我本来就获得成绩就简单地获得成绩的喜悦哈，但是这种奖励就有点土，然后不如送正版文具啥的 | 恐龙蛋，看着不错啊 | 那个牛奶盒橡皮我买过，很受学生欢迎[doge],yes,2026-06-12
xhs_e5ae010ddc,小红书,班级奖励 小礼物,全班都抢着要的高颜值奖品，低成本搞定！,边缘低龄/教师奖励,同学/朋友日常,文具手账|饰品配件|IP潮玩/玩具|服饰鞋包,平价性价比|实用刚需|仪式感/情绪价值|颜值/可爱,934,618,1,175,2001,yes,班级奖品天花板来了！ 平价｜实用｜高颜值｜学生超爱 课堂小奖励、期末表彰都适配 几块钱就能拥有的快乐 孩子学习动力直接拉满💯 老师/班委闭眼抄作业！ ✅街景积木：男孩女孩都能玩，不挑人，当集体奖品、进步奖、优秀奖都合适。 ✅搞怪笔筒：可爱、沙雕、搞怪造型，学生看到就想要，比普通文具吸睛太多。 ✅变色烤鸭：遇阳光/紫外线就变“烤鸭色”，室内变回小白鸭，学生觉得超神奇。 ✅包子捏捏乐：白白胖胖超萌，软乎乎超回弹，捏下去像真包子，学习累了捏一,@C桶,yes,2026-06-12
xhs_95964fe9e7,小红书,班级奖励 小礼物,积分兑换 | 春夏学生超喜欢的礼物清单🎁,泛学生/同学,开学/返校,其他礼物/综合,实用刚需,100,76,3,19,232,no,,,unknown,2026-06-12
xhs_2e449e451e,小红书,班级奖励 小礼物,美国小学｜奖励制度是怎么样的呢？,边缘低龄/教师奖励,开学/返校,文具手账|IP潮玩/玩具|食品零食|服饰鞋包,仪式感/情绪价值,1198,1434,17,146,3315,yes,美国小学和中国小学最不同的一点就是课堂管理体系。相比起中国孩子的听话，美国孩子更加自我一些。也正因为如此，美国的小学几乎每一间教室都有一套自己的学生行为管理系统。课堂系统能聊的其实很多，但今天就重点分享一下——我班级的奖励体系！✨ 👤个人奖励 1⃣ 行为颜色尺 + 宝箱： 我们学校要求低年级老师使用标记了不同颜色的一根码尺和学生姓名夹来追踪行为。 ⚪️ 表现好，往上走一步 ⚪️ 经过两次提醒后还是没做到，往下走一步 每天放学前，最终颜色,德州今年的新规定，不让老师给学生发没营养的零食了[笑哭R]从此告别零食奖励 | 想了解行为颜色尺，谢谢 | 有没有什么中文filler可以分享呀 | 颜色尺想了解下,yes,2026-06-12
xhs_f4679249a3,小红书,班级奖励 小礼物,均价不超10元！这些盲盒让课堂效率翻倍,泛学生/同学,班级奖励/集体分发,IP潮玩/玩具,实用刚需,203,206,9,35,540,no,,,unknown,2026-06-12
xhs_64f4ad08e5,小红书,班级奖励 小礼物,小学生最爱的奖品《第三弹》来了！,边缘低龄/教师奖励,班级奖励/集体分发,IP潮玩/玩具,实用刚需,6183,4429,231,1538,14709,yes,🍭🍭我的学生我来宠！！！ 上两篇展示的小奖品没想到这么多小伙伴喜欢😍。纷纷找我要连接。 ❤❤这一期也是我经过实践验证，学生都喜欢的，而且还非常实用，不仅实用，关键还很益智。这期的奖品是涵盖了实用性，益智性，和提高动手能力，观察能力等。 [彩虹R][彩虹R]当然，物质奖励只是辅助手段，精神鼓励才是王者版本。 🎊🎊不建议老师买过于贵重的奖品，因为这样会让他们觉得学习只是为了拿奖品，就会本末倒置。买点有趣实用实惠的小奖品可以激励一下他们学习的,能分享一下链接吗？谢谢 | 求链接 | 求分享链接 | 你好，可以分享链接吗？,yes,2026-06-12
xhs_35a57cae1e,小红书,班级奖励 小礼物,教师好物｜奖励小学生的小礼物【第三弹】🔥,边缘低龄/教师奖励,班级奖励/集体分发,其他礼物/综合,实用刚需|颜值/可爱,798,540,9,46,1587,yes,嗨！又来给大家分享适合奖励小学生的小礼物啦～ 这些都是我们班目前正在用的，学生超爱的一些物质类小奖品，不仅可爱，而且还很实用～ #小学生奖品[话题]##送给孩子的礼物[话题]# #教师好物[话题]# #奖励孩子[话题]# #小学生礼物[话题]# #学生奖品推荐[话题]# #积分兑换礼品[话题]# #适合小学生[话题]# #老师鼓励学生[话题]##浪漫生活的记录者[话题]#,哇塞哇塞 可以可以 | 你们班的学生太幸福了吧[派对R][派对R]记得来找我玩呀 | 每一件都好可爱，你们班孩子太幸福啦[赞R] | 姐妹你好 可以求p6小扇子链接吗,yes,2026-06-12
xhs_e21f35ef51,小红书,班级奖励 小礼物,教师好物｜奖励小学生的小礼物【第二弹】,边缘低龄/教师奖励,班级奖励/集体分发,IP潮玩/玩具,实用刚需,1627,1087,32,307,3564,yes,咱们班孩子又幸福啦[赞R] 奖品又添库存啦～ #浪漫生活的记录者[话题]# #小学生奖品[话题]# #送给孩子的礼物[话题]# #教师好物[话题]# #奖励孩子[话题]# #小学生礼物[话题]# #学生奖品推荐[话题]# #积分兑换礼品[话题]# #适合小学生[话题]# #老师鼓励学生[话题]#,哪家店铺呀分享一下 | 我女儿每次来我托管都要扫荡我的礼物柜[笑哭R] | 想要链接 | 几年级孩子,yes,2026-06-12
xhs_49e2565ea2,小红书,班级奖励 小礼物,🇲🇾 身为老师的疑问,泛学生/同学,班级奖励/集体分发,其他礼物/综合,未显式,33,9,26,2,99,no,,,unknown,2026-06-12
xhs_daa0a46be1,小红书,班级奖励 小礼物,发现一个宝藏幼儿园送礼～,边缘低龄/教师奖励,同学/朋友日常,文具手账|饰品配件|IP潮玩/玩具|服饰鞋包,颜值/可爱,5618,4025,63,918,12353,yes,预算10元内，宝宝生日伴手礼，动物华容道4元💰蜡笔🖍️➕本子=2元💰，贴纸1元💰包装📦1.24元 后面还加了泡泡水，鼓鼓的 #幼儿园生日伴手礼[话题]# #生日伴手礼[话题]#,新手妈妈提问🙋🏻‍♀️为什么幼儿园的时候要送出这么多伴手礼啊？！ | 这个袋子有链接吗？ | 捏捏 小奖品解压捏捏挂件小礼物 | 有链接嘛，急用,yes,2026-06-12
xhs_1171bec3ab,小红书,班级奖励 小礼物,教师好物｜奖励小学生的小礼物【第一弹】🔥,边缘低龄/教师奖励,班级奖励/集体分发,IP潮玩/玩具|服饰鞋包,未显式,5108,3247,113,718,10632,yes,大家好！我是tudour哇～ 今天给大家分享的是咱们班在用的一些，学生超爱的物质类小奖品。#浪漫生活的记录者[话题]# #小学生奖品[话题]# #送给孩子的礼物[话题]# #教师好物[话题]# #奖励孩子[话题]# #小学生礼物[话题]# #学生奖品推荐[话题]# #积分兑换礼品[话题]# #适合小学生[话题]##老师鼓励学生[话题]#,学生还蛮喜欢这个的 | 老师真的费心了[笑哭R] | 请问你是自费腰包买的吗[哭惹R][笑哭R] | 姐妹盲盒的链接可以给我发一下吗，搜不到这个店铺耶[大笑R],yes,2026-06-12
xhs_4f92771ae0,小红书,班级奖励 小礼物,🏆02教师|期末奖励好像在宴请小时候的自 己,泛学生/同学,班级奖励/集体分发,其他礼物/综合,未显式,59,42,3,13,138,no,,,unknown,2026-06-12
xhs_c8ab5f672f,小红书,班级奖励 小礼物,小学低年级奖励物品 让学生对你死心塌地,边缘低龄/教师奖励,同学/朋友日常,其他礼物/综合,未显式,1467,1342,19,77,3364,yes,别的不敢说 挑礼物绝对最走心[斜眼R] #给孩子不一样的奖励[话题]# #低年级奖励物品[话题]# #小学生礼物[话题]# #送小朋友的礼物[话题]# 第一篇帖子~如果喜欢可以点赞留言[飞吻R][飞吻R] 还有很多很多有意思的礼物 反响可以的话接着出第二弹[萌萌哒R],第三弹王炸版来喽 来看来看[玫瑰R] | 第二弹来啦 后续还会有很多期礼物分享 礼物兑换细则以及班级管理干货 需要的话点下关注不迷路哦[派对R] | 求小瓶子店铺名[害羞R] | 求链接,yes,2026-06-12
xhs_6153ab4463,小红书,班级奖励 小礼物,粤A教师｜低年级学生奖励 低至1️⃣毛钱,边缘低龄/教师奖励,班级奖励/集体分发,其他礼物/综合,未显式,176,124,7,40,411,no,,,unknown,2026-06-12
xhs_ed4106ec33,小红书,班级奖励 小礼物,班级奖励｜小朋友超爱的平价创意小礼物～,边缘低龄/教师奖励,同学/朋友日常,其他礼物/综合,平价性价比,594,385,14,173,1381,no,,,unknown,2026-06-12
xhs_687800f804,小红书,同学礼物,幼儿园生日伴手礼❤️乐高,边缘低龄/教师奖励,同学/朋友日常,其他礼物/综合,未显式,70,50,18,54,252,no,,,unknown,2026-06-12
xhs_3adb066ecb,小红书,同学礼物,孩子的社交，从一份礼物开始,泛学生/同学,同学/朋友日常,其他礼物/综合,未显式,55,23,26,6,145,no,,,unknown,2026-06-12
xhs_c9f4052896,小红书,同学礼物,10岁小朋友生日礼物合集🦄必须送到心坎上,边缘低龄/教师奖励,同学/朋友日常,IP潮玩/玩具|食品零食|服饰鞋包,仪式感/情绪价值,8475,4500,108,1522,16824,yes,外甥女10岁啦！准备了10个礼物～（实际超了[偷笑R]） 平时家里娃娃玩偶太多了，这次娃娃类的都没有准备 10岁生日我们也准备了大红包🧧不过小孩子肯定还是喜欢实际的礼物哒！ 把10个礼物都包起来，装进大号的礼物盒🎁礼物盒也是特地挑的外甥女喜欢的粉粉三丽欧，一整个体验拆礼物的快感，情绪价值拉满[派对R] #小女孩生日礼物[话题]# #生日礼物推荐[话题]# #给孩子的仪式感[话题]# #小学生礼物[话题]##10岁生日[话题]#,这个可以给个店铺吗 | 求问同款尺寸[哭惹R][哭惹R] | 都觉得不错，有没有链接 | 巧克力是哪家呀,yes,2026-06-12
xhs_aa27de90fd,小红书,同学礼物,100左右❗送5-18岁男孩的生日礼物合集🎁,边缘低龄/教师奖励,同学/朋友日常,其他礼物/综合,未显式,137,48,3,18,232,no,,,yes,2026-06-12
xhs_e5e3e67d84,小红书,同学礼物,幼儿园生日伴手礼（山姆&天猫超市版）,边缘低龄/教师奖励,同学/朋友日常,IP潮玩/玩具|食品零食|服饰鞋包,未显式,510,594,34,177,1615,yes,费用明细： - [x] 袋子 23 - [x] 按扣 17 - [x] 吊坠32 - [x] 蛋仔卡片18.5 - [x] 积木玩具46 - [x] 山姆山楂棒53.1 - [x] 山姆动物饼干53.3/百醇饼干棒 - [x] 山姆奶片22.5 - [x] 开市客四季宝饼干 50/旺旺燕麦饼干 - [x] 乳酸菌饮料14/伊犁QQ星 20 - [x] 面包13/香葱薄饼 牛奶饼 10 共36份 合计372.4 人均10.3 #幼儿园生日,不允许的 | 按扣自己装的？ | 求积木链接 | 我们这边一律禁止！！！！,yes,2026-06-12
xhs_7c2158332c,小红书,同学礼物,🎁小礼物合集｜一些平价可爱的小东西们,泛学生/同学,同学/朋友日常,其他礼物/综合,平价性价比|颜值/可爱,473,319,30,13,966,no,,,yes,2026-06-12
xhs_8635adebfb,小红书,同学礼物,男孩送礼就选它！智能又暖心,边缘低龄/教师奖励,开学/返校,文具手账|IP潮玩/玩具,实用刚需|颜值/可爱,768,386,30,81,1450,yes,生活在十八线城市真的太难了 给孩子体验的项目太少 玩乐的地方更少😮‍💨 在家看电视📺出门又吵着要玩手机，不给就闹脾气 给了不仅伤👁️ 而且还容易上瘾 直到刷到这个汤姆猫随身AI，才发现带娃能这么省心！给哥哥买了一个 不仅能陪玩聊天 还可以英语口语跟练 里面有“魔力英语”和“魔力翻译官”的功能 给孩子训练口语能力简直是太好了 安排上之后，我们大宝真的不会偷偷看电视了 现在出门遛弯走哪儿挂哪儿，恨不得去学校也带着 已经成为了它形影不离的小伙,好想要呀 | 这个可以和爸妈联系吗？能爸妈说话吗 | 我家小典是个小话唠，真的需要一个汤姆猫ai来替我分担 哈哈 | 这个很好用，十万个为什么升级版,yes,2026-06-12
xhs_3041308823,小红书,同学礼物,分享一些适合送给朋友的生日礼物78.0🎁,泛学生/同学,同学/朋友日常,其他礼物/综合,平价性价比|仪式感/情绪价值|颜值/可爱,927,344,4,38,1439,yes,#平价生日礼物[话题]# #女生生日礼物[话题]# #可爱好物[话题]# #小众礼物[话题]# #高颜值礼物[话题]# #提升幸福感的小物[话题]# #创意礼物[话题]# #闺蜜礼物[话题]# #礼物送女生[话题]# #家中好物真心话小会[话题]#,我也在给闺闺找礼物，姐妹们有推荐的可以发我评论区吗[害羞R][害羞R] | 谁懂啊，把自己的经历写成歌，做成相框扫码就能听，每一句都很戳.心 5[飞吻R] | 我给我孩子买了这个手表，他真的很喜欢,yes,2026-06-12
xhs_292b3f897c,小红书,同学礼物,最近收到的最打动我的礼物。,大学生,同学/朋友日常,文具手账|食品零食,仪式感/情绪价值|颜值/可爱,23841,9962,136,809,38276,yes,最近收到的最打动我的礼物，是我的一位女性朋友从英国为我带回来的伴手礼——一本小本子。 它来头不小，由英国出版社Flame Tree出版，封面灵感来源于牛津大学Bodleian图书馆的某个书架。根据封底的描述，这个书架上陈列着的是19世纪末至20世纪初儿童书籍，而它们的共同点在于它们都以女孩作为故事的主角。 - 𝘓𝘪𝘵𝘵𝘭𝘦 𝘔𝘪𝘴𝘴 𝘚𝘶𝘯𝘴𝘩𝘪𝘯𝘦 𝘈 𝘎𝘪𝘳𝘭 𝘰𝘧 𝘏𝘪𝘨𝘩 𝘈𝘥𝘷𝘦𝘯𝘵𝘶𝘳𝘦 𝘛𝘩𝘦 𝘏𝘦𝘳𝘰𝘪𝘯𝘦 𝘰𝘧 𝘵𝘩𝘦,哇！没点开的时候以为是巧克力！这个装帧设计真的很棒 | 我靠我也有！我当时逛街遇到了没有买回家后又后悔专门坐车回去买[哭惹R]买回来就搁置了，直到今天我搜生日礼物推荐看到这个帖子才注意到本子上是什么内容 | @请叫我速算高手 我想要这个[皱眉R] | 这样子的嘛？,yes,2026-06-12
xhs_07432b2b01,小红书,同学礼物,小学生礼物推荐！ 200元内实用又可爱！,边缘低龄/教师奖励,同学/朋友日常,其他礼物/综合,实用刚需|颜值/可爱,665,398,17,111,1382,no,,,yes,2026-06-12
xhs_a5a6ec37ad,小红书,同学礼物,🤲🏻Share｜一些让朋友平日能想起你的小礼物,泛学生/同学,同学/朋友日常,其他礼物/综合,未显式,562,366,9,19,1083,no,,,unknown,2026-06-12
xhs_1e707f73aa,小红书,同学礼物,礼物推荐 | 又是一些超适合送给男生的东西,泛学生/同学,情侣/暧昧送礼,3C数码/配件|服饰鞋包,实用刚需,1597,1293,11,182,3572,yes,之前分享了一些适合用来当礼物的数码设备 没想到收到了那么多人的喜欢和收藏 那这次就再分享一些适合送给男生的东西吧 - 我觉得男生大部分都会对数码科技感兴趣 所以不知道送什么的时候可以往这方面想想 比如机甲风格，或是一些带金属质感的 还可以送一些平时生活中经常会用到的东西 比如刮胡刀，电动牙刷或者鞋子之类的 我想有很多男生应该也都会对鞋子感兴趣 不过我觉得关键还是既要有新意又得实用 毕竟送出去的东西还是希望对方都能用得到 这次分享的我觉得,呜呜要是有100左右的好物就好了[哭惹R] | airpods可以连安卓手机嘛，他是安卓手机 | 想到筹码的这个人是天才 | 第一个充电器可以快充苹果手表吗,yes,2026-06-12
xhs_2cfd00e6b8,小红书,同学礼物,小朋友的快乐很简单！便宜的奖励物品👍,边缘低龄/教师奖励,同学/朋友日常,其他礼物/综合,平价性价比,76,56,1,15,172,no,,,unknown,2026-06-12
xhs_05396b59da,小红书,同学礼物,孩子六一儿童节最想收到的礼物....,边缘低龄/教师奖励,同学/朋友日常,其他礼物/综合,未显式,246,75,29,12,419,no,,,unknown,2026-06-12
xhs_455873d105,小红书,同学礼物,1000块预算礼物挑选思路（已屏蔽好友）,泛学生/同学,情侣/暧昧送礼,3C数码/配件|个护香氛|服饰鞋包,实用刚需|仪式感/情绪价值|颜值/可爱|社交体面,3910,1797,20,451,6962,yes,一、电子产品类 1.如果对方没有AirPods或者刚好弄丢了，可以送一个AirPods，简单又实用 2.小米音箱也是不错的选择，能提升幸福感 3.宝丽来的拍立得，比较文艺范儿或喜欢拍照的女生会很喜欢 4.喜欢打游戏的其实可以送键盘，但我对键盘没什么研究，懂的可以说说 二、大牌彩妆 1.海蓝之谜润唇膏绝对不会出错 2.香奈儿这个发香喷雾也很可，淡淡的香味 3.没有女生会不喜欢祖玛珑吧？很拿得出手了 4.不建议盲买护肤品、粉底液眼影、口红套,送正常女性朋友，企业高管，小清新一枚，1000元内[doge]，请帮忙推荐。 | 都是这种无聊的东西[哭惹R] | 给个链接 | 这种最有意思了,yes,2026-06-12
