rank,pic_id,total_likes,post_likes,comment_likes,post_like_source_count,comment_source_count,mention_post_count,source_note_count,label,label_notes,media_owner_user_id,media_owner_nickname,media_owner_verified_type,width,height,large_url,url,sample_note_url,sample_text,source_keywords,top_evidence,image_name
1,659ded68ly1fuudowp4qsj23gg2ayb2f,275,275,0,1,0,1,1,person,real person performance photo,1704848744,易川easy,-1,2048,1365,https://wx1.sinaimg.cn/mw2000/659ded68ly1fuudowp4qsj23gg2ayb2f.jpg,https://wx1.sinaimg.cn/orj360/659ded68ly1fuudowp4qsj23gg2ayb2f.jpg,https://m.weibo.cn/detail/4279560780164145,黄婷婷#黄婷婷0908生日快乐# 【180728 第五届年度总决选】返图9P 跳动的世界里找你的频率 @SNH48-黄婷婷,,[strict_post_ref_p9 275 strong_image_keyword] 黄婷婷#黄婷婷0908生日快乐# 【180728 第五届年度总决选】返图9P 跳动的世界里找你的频率 @SNH48-黄婷婷 https://m.weibo.cn/detail/4279560780164145,top01_659ded68ly1fuudowp4qsj23gg2ayb2f.jpg
2,91e4dd50gy1fjv0f4oreij20e50jvtan,192,192,0,1,0,1,1,person,real person body/legs photo,2447695184,下颌线请回家,-1,509,715,https://wx3.sinaimg.cn/mw2000/91e4dd50gy1fjv0f4oreij20e50jvtan.jpg,https://wx3.sinaimg.cn/orj360/91e4dd50gy1fjv0f4oreij20e50jvtan.jpg,https://m.weibo.cn/detail/4155629377536128,"借着上一条微博东风来瞎吹吹黄婷婷的腿吧，前天和朋友讨论黄婷婷的腿。说htt的腿不是一麻溜瘦下来然后大腿小腿分不清的竹竿那种。 她腿瘦，但是不是干瘦,是会觉得好看、纤细，但不会觉得不健康。 “htt的小腿纤细但往上到大腿又圆润有弧度” 然后为了看她到底是不是小腿比大腿长。。。我做了后三张图 ...全文",,"[strict_post_ref_p3 192 explicit_image+aesthetic_or_memory] 借着上一条微博东风来瞎吹吹黄婷婷的腿吧，前天和朋友讨论黄婷婷的腿。说htt的腿不是一麻溜瘦下来然后大腿小腿分不清的竹竿那种。 她腿瘦，但是不是干瘦,是会觉得好看、纤细，但不会觉得不健康。 “htt的小腿纤细但往上到大腿又圆润有弧度” 然后为了看她到底是不是小腿比大腿长。。。我做了后三张图 ...全文 https://m.weibo.cn/detail/4155629377536128",top02_91e4dd50gy1fjv0f4oreij20e50jvtan.jpg
3,006jCwZAly1g7wgj55z2pj30u00u0tco,180,180,0,1,0,1,1,person,polaroid real person,5786730666,思绪万千0908_,-1,1080,1080,https://wx4.sinaimg.cn/mw2000/006jCwZAly1g7wgj55z2pj30u00u0tco.jpg,https://wx4.sinaimg.cn/orj360/006jCwZAly1g7wgj55z2pj30u00u0tco.jpg,https://m.weibo.cn/detail/4426909028833832,黄婷婷 我：婷婷，你酷一点 TT:好 拍完之后，说了谢谢，然后婷婷给我很甜的说了声拜拜 啊，我死了，终于和你有了第一张合照，外地粉丝不容易呀,,[strict_single_image_post 180 strong_image_keyword] 黄婷婷 我：婷婷，你酷一点 TT:好 拍完之后，说了谢谢，然后婷婷给我很甜的说了声拜拜 啊，我死了，终于和你有了第一张合照，外地粉丝不容易呀 https://m.weibo.cn/detail/4426909028833832,top03_006jCwZAly1g7wgj55z2pj30u00u0tco.jpg
4,006zjVIaly1g5jba4aeumj31rh2js7wh,154,154,0,1,0,1,1,person,real person performance photo,6018718830,LeakyZero,-1,2048,2961,https://wx2.sinaimg.cn/mw2000/006zjVIaly1g5jba4aeumj31rh2js7wh.jpg,https://wx2.sinaimg.cn/orj360/006zjVIaly1g5jba4aeumj31rh2js7wh.jpg,https://m.weibo.cn/detail/4400219381183679,【总选返图】 黄婷婷 夏了夏天 学姐好 @SNH48-黄婷婷,,[strict_single_image_post 154 strong_image_keyword] 【总选返图】 黄婷婷 夏了夏天 学姐好 @SNH48-黄婷婷 https://m.weibo.cn/detail/4400219381183679,top04_006zjVIaly1g5jba4aeumj31rh2js7wh.jpg
5,006cv1DVly1g2vh8jw7g6j31ua39tu1a,137,137,0,1,0,1,1,person,real person airport photo,5681507511,光盛於璟,-1,2048,3640,https://wx1.sinaimg.cn/mw2000/006cv1DVly1g2vh8jw7g6j31ua39tu1a.jpg,https://wx1.sinaimg.cn/orj360/006cv1DVly1g2vh8jw7g6j31ua39tu1a.jpg,https://m.weibo.cn/detail/4370180647780529,黄婷婷 🙊 #黄婷婷我家那小子# 20190509.剧场返图6p 是酷帅的崽@SNH48-黄婷婷 @咸味胡萝北- 老父亲来康康【逐渐变红🙊,,[strict_post_ref_p6 137 strong_image_keyword] 黄婷婷 🙊 #黄婷婷我家那小子# 20190509.剧场返图6p 是酷帅的崽@SNH48-黄婷婷 @咸味胡萝北- 老父亲来康康【逐渐变红🙊 https://m.weibo.cn/detail/4370180647780529,top05_006cv1DVly1g2vh8jw7g6j31ua39tu1a.jpg
6,005URZvXgy1g5hqlw5xvfj32tc480e82,129,129,0,1,0,1,1,person,real person performance photo,5421006825,RYOHEY-09,-1,2048,3072,https://wx1.sinaimg.cn/mw2000/005URZvXgy1g5hqlw5xvfj32tc480e82.jpg,https://wx1.sinaimg.cn/orj360/005URZvXgy1g5hqlw5xvfj32tc480e82.jpg,https://m.weibo.cn/detail/4399725895344333,黄婷婷 190727 演唱会 返图3 #SNH48年度总决选##黄婷婷#,,[strict_post_ref_p3 129 strong_image_keyword] 黄婷婷 190727 演唱会 返图3 #SNH48年度总决选##黄婷婷# https://m.weibo.cn/detail/4399725895344333,top06_005URZvXgy1g5hqlw5xvfj32tc480e82.jpg
7,007Xg5Tsly1i78q740ml3j30jg0objuj,122,122,0,1,0,1,1,person,real person screenshot,7288569554,Bamboo-07,0,700,875,https://wx2.sinaimg.cn/mw2000/007Xg5Tsly1i78q740ml3j30jg0objuj.jpg,https://wx2.sinaimg.cn/orj360/007Xg5Tsly1i78q740ml3j30jg0objuj.jpg,https://m.weibo.cn/detail/5231949386091995,黄婷婷 考古看到这张笑了半天… 咋那么萌一只杵在那！！🥺😋,,[strict_single_image_post 122 explicit_image+aesthetic_or_memory] 黄婷婷 考古看到这张笑了半天… 咋那么萌一只杵在那！！🥺😋 https://m.weibo.cn/detail/5231949386091995,top07_007Xg5Tsly1i78q740ml3j30jg0objuj.jpg
8,005URZvXgy1g2aeixekbhj356o3ggkjm,120,120,0,1,0,1,1,person,real person event photo,5421006825,RYOHEY-09,-1,2048,1365,https://wx1.sinaimg.cn/mw2000/005URZvXgy1g2aeixekbhj356o3ggkjm.jpg,https://wx1.sinaimg.cn/orj360/005URZvXgy1g2aeixekbhj356o3ggkjm.jpg,https://m.weibo.cn/detail/4363573008024814,190413 偶像运动会 返图3 笑颜一番黄婷婷 @SNH48-黄婷婷 #SNH48偶像运动会#,,[strict_post_ref_p3 120 strong_image_keyword] 190413 偶像运动会 返图3 笑颜一番黄婷婷 @SNH48-黄婷婷 #SNH48偶像运动会# https://m.weibo.cn/detail/4363573008024814,top08_005URZvXgy1g2aeixekbhj356o3ggkjm.jpg
9,005ttkF7ly1ibmz1kdpbzj30zb0rb7ck,107,107,0,1,0,1,1,person,real person polaroid,5016168845,Halophile_,0,1271,983,https://wx1.sinaimg.cn/mw2000/005ttkF7ly1ibmz1kdpbzj30zb0rb7ck.jpg,https://wx1.sinaimg.cn/orj360/005ttkF7ly1ibmz1kdpbzj30zb0rb7ck.jpg,https://m.weibo.cn/detail/5281552599620178,黄婷婷 / #黄婷婷无限超越班# 拍立得修复 - 很美的上镜脸 大家多多去优酷视频支持新综艺吧～ @黄婷婷 @无限超越班,,[strict_single_image_post 107 explicit_image+aesthetic_or_memory] 黄婷婷 / #黄婷婷无限超越班# 拍立得修复 - 很美的上镜脸 大家多多去优酷视频支持新综艺吧～ @黄婷婷 @无限超越班 https://m.weibo.cn/detail/5281552599620178,top09_005ttkF7ly1ibmz1kdpbzj30zb0rb7ck.jpg
10,bcf06cf7gy1ftwz3g0a2xj20ku112npd,98,98,0,1,0,1,1,person,phone wallpaper with real person,3169873143,黄焖鸡不吃皮,-1,750,1334,https://wx1.sinaimg.cn/mw2000/bcf06cf7gy1ftwz3g0a2xj20ku112npd.jpg,https://wx1.sinaimg.cn/orj360/bcf06cf7gy1ftwz3g0a2xj20ku112npd.jpg,https://m.weibo.cn/detail/4269088027230415,黄婷婷 抄袭一下其他朋友，我们今天的mc话题是：你的手机壁纸是什么？,,[strict_single_image_post 98 strong_image_keyword] 黄婷婷 抄袭一下其他朋友，我们今天的mc话题是：你的手机壁纸是什么？ https://m.weibo.cn/detail/4269088027230415,top10_bcf06cf7gy1ftwz3g0a2xj20ku112npd.jpg
11,9dc56626ly1g2yhb1d352j21281k0qfa,98,98,0,1,0,1,1,person,real person photo,2646959654,邦邦吃椰糕,0,1376,2016,https://wx1.sinaimg.cn/mw2000/9dc56626ly1g2yhb1d352j21281k0qfa.jpg,https://wx1.sinaimg.cn/orj360/9dc56626ly1g2yhb1d352j21281k0qfa.jpg,https://m.weibo.cn/detail/4371120151219003,黄婷婷 时之卷@SNH48-黄婷婷 海报 今日美貌摄入（1/1）太好看啦,,[strict_single_image_post 98 explicit_image+aesthetic_or_memory] 黄婷婷 时之卷@SNH48-黄婷婷 海报 今日美貌摄入（1/1）太好看啦 https://m.weibo.cn/detail/4371120151219003,top11_9dc56626ly1g2yhb1d352j21281k0qfa.jpg
12,006PClEXgy1g7weycrc8cj33402c0000,97,97,0,1,0,1,1,person,real person group photo,6259529855,塌皮Eeyore,-1,2048,1536,https://wx3.sinaimg.cn/mw2000/006PClEXgy1g7weycrc8cj33402c0000.jpg,https://wx3.sinaimg.cn/orj360/006PClEXgy1g7weycrc8cj33402c0000.jpg,https://m.weibo.cn/detail/4426895279612457,黄婷婷 带着我的鸭鸭和阿黄合照 啦啦啦,,[strict_single_image_post 97 strong_image_keyword] 黄婷婷 带着我的鸭鸭和阿黄合照 啦啦啦 https://m.weibo.cn/detail/4426895279612457,top12_006PClEXgy1g7weycrc8cj33402c0000.jpg
13,005IlEDLly1fcs3t7b3tmj30ku112783,96,96,0,1,0,1,1,person,phone wallpaper with real person,5235984057,九三不是怪阿姨,-1,750,1334,https://wx2.sinaimg.cn/mw2000/005IlEDLly1fcs3t7b3tmj30ku112783.jpg,https://wx2.sinaimg.cn/orj360/005IlEDLly1fcs3t7b3tmj30ku112783.jpg,https://m.weibo.cn/detail/4075726359477035,#黄婷婷# 我就想看看你们的壁纸都是什么样子的，没有碰到心仪的，我短期内就不换壁纸了,,[strict_single_image_post 96 strong_image_keyword] #黄婷婷# 我就想看看你们的壁纸都是什么样子的，没有碰到心仪的，我短期内就不换壁纸了 https://m.weibo.cn/detail/4075726359477035,top13_005IlEDLly1fcs3t7b3tmj30ku112783.jpg
14,006oRmXOly1gebpkkbyzjj30h10gbaf6,94,94,0,1,0,1,1,person,real person close-up,5864148716,今天也想当妈了,-1,613,587,https://wx1.sinaimg.cn/mw2000/006oRmXOly1gebpkkbyzjj30h10gbaf6.jpg,https://wx1.sinaimg.cn/orj360/006oRmXOly1gebpkkbyzjj30h10gbaf6.jpg,https://m.weibo.cn/detail/4499395812712027,黄婷婷 看到自拍杆了,,[strict_single_image_post 94 strong_image_keyword] 黄婷婷 看到自拍杆了 https://m.weibo.cn/detail/4499395812712027,top14_006oRmXOly1gebpkkbyzjj30h10gbaf6.jpg
15,005BYwDdgy1gbo4zjcbz4j30rs1auncg,94,94,0,1,0,1,1,person,real person collage,5141813711,奶味小李饲养员,0,1000,1686,https://wx3.sinaimg.cn/mw2000/005BYwDdgy1gbo4zjcbz4j30rs1auncg.jpg,https://wx3.sinaimg.cn/orj360/005BYwDdgy1gbo4zjcbz4j30rs1auncg.jpg,https://m.weibo.cn/detail/4469438411188311,黄婷婷 魔鬼手速截了图就出来了 姐这套好好看大家快去看我是歌手 姐好久不见@titi黄_,,[strict_single_image_post 94 explicit_image+aesthetic_or_memory] 黄婷婷 魔鬼手速截了图就出来了 姐这套好好看大家快去看我是歌手 姐好久不见@titi黄_ https://m.weibo.cn/detail/4469438411188311,top15_005BYwDdgy1gbo4zjcbz4j30rs1auncg.jpg
16,008aCRUdgy1ibejxahyv2j32bu2wthdx,91,91,0,4,0,4,4,person,real person photo card,7486089697,那就先叫我小傅吧,-1,2048,2560,https://wx3.sinaimg.cn/mw2000/008aCRUdgy1ibejxahyv2j32bu2wthdx.jpg,https://wx3.sinaimg.cn/orj360/008aCRUdgy1ibejxahyv2j32bu2wthdx.jpg,https://m.weibo.cn/detail/5278913413780321,黄婷婷#黄婷婷# 自印了一张TiTi的拍立得～,,[strict_single_image_post 83 strong_image_keyword] 黄婷婷#黄婷婷# 自印了一张TiTi的拍立得～ https://m.weibo.cn/detail/5278913413780321 || [strict_single_image_post 4 strong_image_keyword] 黄婷婷 黄婷婷#黄婷婷# 自印了一张TiTi的拍立得～ https://m.weibo.cn/detail/5279057257175460 || [strict_single_image_post 2 strong_image_keyword] 黄婷婷 黄婷婷#黄婷婷# 自印了一张TiTi的拍立得～ https://m.weibo.cn/detail/5279209766260736 || [strict_single_image_post 2 strong_image_keyword] 黄婷婷#黄婷婷# 黄婷婷#黄婷婷# 自印了一张TiTi的拍立得～ https://m.weibo.cn/detail/5279048458831318,top16_008aCRUdgy1ibejxahyv2j32bu2wthdx.jpg
17,005URZvXgy1g5h8p7zpsrj33fu2ake82,90,90,0,1,0,1,1,person,real person performance photo,5421006825,RYOHEY-09,-1,2048,1365,https://wx1.sinaimg.cn/mw2000/005URZvXgy1g5h8p7zpsrj33fu2ake82.jpg,https://wx1.sinaimg.cn/orj360/005URZvXgy1g5h8p7zpsrj33fu2ake82.jpg,https://m.weibo.cn/detail/4399569670452618,黄婷婷 190727 演唱会 返图2 #SNH48年度总决选##黄婷婷#,,[strict_post_ref_p2 90 strong_image_keyword] 黄婷婷 190727 演唱会 返图2 #SNH48年度总决选##黄婷婷# https://m.weibo.cn/detail/4399569670452618,top17_005URZvXgy1g5h8p7zpsrj33fu2ake82.jpg
18,9dc56626ly1g7vk9t2yjuj22c0340kjl,89,89,0,1,0,1,1,person,real person photo,2646959654,邦邦吃椰糕,0,2048,2730,https://wx2.sinaimg.cn/mw2000/9dc56626ly1g7vk9t2yjuj22c0340kjl.jpg,https://wx2.sinaimg.cn/orj360/9dc56626ly1g7vk9t2yjuj22c0340kjl.jpg,https://m.weibo.cn/detail/4426628584730715,黄婷婷 一天的车程变成了一张加油包 & @SNH48-黄婷婷 的合照 @Mamonde梦妆 大丸百货打卡 柜姐也聊了一会儿 安利了一波后 柜姐说：我觉得她肯定是可爱 邻家少女型的 不然不会有那么多女孩子喜欢她 昨天到现在来的 基本全都是女孩子 （ 当然也有男孩子哒,,[strict_post_ref_p1 89 strong_image_keyword] 黄婷婷 一天的车程变成了一张加油包 & @SNH48-黄婷婷 的合照 @Mamonde梦妆 大丸百货打卡 柜姐也聊了一会儿 安利了一波后 柜姐说：我觉得她肯定是可爱 邻家少女型的 不然不会有那么多女孩子喜欢她 昨天到现在来的 基本全都是女孩子 （ 当然也有男孩子哒 https://m.weibo.cn/detail/4426628584730715,top18_9dc56626ly1g7vk9t2yjuj22c0340kjl.jpg
19,006mNFGKgy1i8wu3sl5v0j30po1gujus,88,88,0,2,0,2,2,person,real person partial/lockscreen,5833714710,喝水大王-咩咩,-1,924,1902,https://wx4.sinaimg.cn/mw2000/006mNFGKgy1i8wu3sl5v0j30po1gujus.jpg,https://wx4.sinaimg.cn/orj360/006mNFGKgy1i8wu3sl5v0j30po1gujus.jpg,https://m.weibo.cn/detail/5250790895653933,黄婷婷#黄婷婷被隐匿的真相# 很适合当壁纸其实已经用上,,[strict_single_image_post 86 strong_image_keyword] 黄婷婷#黄婷婷被隐匿的真相# 很适合当壁纸其实已经用上 https://m.weibo.cn/detail/5250790895653933 || [strict_single_image_post 2 strong_image_keyword] 黄婷婷 姐感好重 黄婷婷#黄婷婷被隐匿的真相# 很适合当壁纸其实已经用上 https://m.weibo.cn/detail/5252567765621262,top19_006mNFGKgy1i8wu3sl5v0j30po1gujus.jpg
20,006cqKL3gy1fubea8t9q2j30u01t01kx,86,86,0,1,0,1,1,person,real person wallpaper,5680489293,偷月亮的瞌睡猪,-1,1080,2340,https://wx3.sinaimg.cn/mw2000/006cqKL3gy1fubea8t9q2j30u01t01kx.jpg,https://wx3.sinaimg.cn/orj360/006cqKL3gy1fubea8t9q2j30u01t01kx.jpg,https://m.weibo.cn/detail/4273608769983895,#黄婷婷0908生日快乐# #节奏大师黄小推# 【今日MC】【分享一张壁纸】 当然是舞台上跳着限定季发光的崽了,,[strict_single_image_post 86 strong_image_keyword] #黄婷婷0908生日快乐# #节奏大师黄小推# 【今日MC】【分享一张壁纸】 当然是舞台上跳着限定季发光的崽了 https://m.weibo.cn/detail/4273608769983895,top20_006cqKL3gy1fubea8t9q2j30u01t01kx.jpg
21,005LXSWply1g2p53dw74pj30ku1121kx,78,78,0,1,0,1,1,person,real person card/photo,5289424501,不对自己投降,-1,750,1334,https://wx2.sinaimg.cn/mw2000/005LXSWply1g2p53dw74pj30ku1121kx.jpg,https://wx2.sinaimg.cn/orj360/005LXSWply1g2p53dw74pj30ku1121kx.jpg,https://m.weibo.cn/detail/4368192547690293,黄婷婷htt#黄婷婷我家那小子# 拿着四个口味让婷选一个 然后指着图三说要这个 太好看了！！！@SNH48-黄婷婷,,[strict_post_ref_p3 78 explicit_image+aesthetic_or_memory] 黄婷婷htt#黄婷婷我家那小子# 拿着四个口味让婷选一个 然后指着图三说要这个 太好看了！！！@SNH48-黄婷婷 https://m.weibo.cn/detail/4368192547690293,top21_005LXSWply1g2p53dw74pj30ku1121kx.jpg
22,005URZvXgy1g28a85ehnnj32i13r24qq,78,78,0,1,0,1,1,person,real person event photo,5421006825,RYOHEY-09,-1,2048,3072,https://wx4.sinaimg.cn/mw2000/005URZvXgy1g28a85ehnnj32i13r24qq.jpg,https://wx4.sinaimg.cn/orj360/005URZvXgy1g28a85ehnnj32i13r24qq.jpg,https://m.weibo.cn/detail/4362909875978444,190413 偶像运动会 返图2 @SNH48-黄婷婷 #SNH48偶像运动会#,,[strict_post_ref_p2 78 strong_image_keyword] 190413 偶像运动会 返图2 @SNH48-黄婷婷 #SNH48偶像运动会# https://m.weibo.cn/detail/4362909875978444,top22_005URZvXgy1g28a85ehnnj32i13r24qq.jpg
23,008FUc5mly1ia63usb3dmj30u01f4qdv,77,77,0,2,0,2,2,person,real person photo with child,7948285260,爱吃踢踢-,-1,1080,1840,https://wx2.sinaimg.cn/mw2000/008FUc5mly1ia63usb3dmj30u01f4qdv.jpg,https://wx2.sinaimg.cn/orj360/008FUc5mly1ia63usb3dmj30u01f4qdv.jpg,https://m.weibo.cn/detail/5264981457371984,黄婷婷 大小以沫都可爱捏（图源自小演员妈妈抖音）,,[strict_single_image_post 73 strong_image_keyword] 黄婷婷 大小以沫都可爱捏（图源自小演员妈妈抖音） https://m.weibo.cn/detail/5264981457371984 || [strict_single_image_post 4 strong_image_keyword] 黄婷婷好🉑🉑🉑爱💛💛💛💛#黄婷婷# 黄婷婷 大小以沫都可爱捏（图源自小演员妈妈抖音） https://m.weibo.cn/detail/5265593365174281,top23_008FUc5mly1ia63usb3dmj30u01f4qdv.jpg
24,62201833gy1h0uessilphj20u0140n0z,77,77,0,1,0,1,1,person,real person polaroid,1646270515,护花花,-1,1080,1440,https://wx4.sinaimg.cn/mw2000/62201833gy1h0uessilphj20u0140n0z.jpg,https://wx4.sinaimg.cn/orj360/62201833gy1h0uessilphj20u0140n0z.jpg,https://m.weibo.cn/detail/4753515568434668,黄婷婷 收到拍立得了，谢谢谢谢 ！@着录SOLO @黄婷婷 小踢好漂亮吖,,[strict_single_image_post 77 explicit_image+aesthetic_or_memory] 黄婷婷 收到拍立得了，谢谢谢谢 ！@着录SOLO @黄婷婷 小踢好漂亮吖 https://m.weibo.cn/detail/4753515568434668,top24_62201833gy1h0uessilphj20u0140n0z.jpg
25,006m3Yy2jw1f8xpb01pjpj31kw11xgua,75,75,0,1,0,1,1,person,real person phone wallpaper,5822824118,YETTOW,-1,2048,1365,https://ww4.sinaimg.cn/mw2000/006m3Yy2jw1f8xpb01pjpj31kw11xgua.jpg,https://ww4.sinaimg.cn/orj360/006m3Yy2jw1f8xpb01pjpj31kw11xgua.jpg,https://m.weibo.cn/detail/4032344732658130,#黄婷婷 壁纸# Share a picture .,,[strict_single_image_post 75 strong_image_keyword] #黄婷婷 壁纸# Share a picture . https://m.weibo.cn/detail/4032344732658130,top25_006m3Yy2jw1f8xpb01pjpj31kw11xgua.jpg
26,006w24jhgy1g83sgwgdgfj31b80zftc1,71,71,0,1,0,1,1,person,real person portrait/screenshot,5970132971,HTT0908_黄婷婷,0,1700,1275,https://wx2.sinaimg.cn/mw2000/006w24jhgy1g83sgwgdgfj31b80zftc1.jpg,https://wx2.sinaimg.cn/orj360/006w24jhgy1g83sgwgdgfj31b80zftc1.jpg,https://m.weibo.cn/detail/4429214570648362,黄婷婷🐰#初心不改黄婷婷# 她生而清婉，只看幼年照片，也能感觉到，在她身上，萦绕着父母的温馨与浪漫糅合出的皂角的香气。 一个人的精神气是最难伪装的，从环绕在他周围的气场可以看出他所处的环境。 骑着小马是许多人都有的童年，服饰也并不多么精致，但可以看的出这个小孩是习惯了开心， ...全文,,[strict_single_image_post 71 explicit_image+aesthetic_or_memory] 黄婷婷🐰#初心不改黄婷婷# 她生而清婉，只看幼年照片，也能感觉到，在她身上，萦绕着父母的温馨与浪漫糅合出的皂角的香气。 一个人的精神气是最难伪装的，从环绕在他周围的气场可以看出他所处的环境。 骑着小马是许多人都有的童年，服饰也并不多么精致，但可以看的出这个小孩是习惯了开心， ...全文 https://m.weibo.cn/detail/4429214570648362,top26_006w24jhgy1g83sgwgdgfj31b80zftc1.jpg
27,005URZvXgy1g2bqspi7plj32tc480kjm,69,69,0,1,0,1,1,person,real person event photo,5421006825,RYOHEY-09,-1,2048,3072,https://wx3.sinaimg.cn/mw2000/005URZvXgy1g2bqspi7plj32tc480kjm.jpg,https://wx3.sinaimg.cn/orj360/005URZvXgy1g2bqspi7plj32tc480kjm.jpg,https://m.weibo.cn/detail/4363993621376534,190413 偶像运动会 返图4 @SNH48-黄婷婷 #SNH48偶像运动会#,,[strict_post_ref_p4 69 strong_image_keyword] 190413 偶像运动会 返图4 @SNH48-黄婷婷 #SNH48偶像运动会# https://m.weibo.cn/detail/4363993621376534,top27_005URZvXgy1g2bqspi7plj32tc480kjm.jpg
28,009ZxebOgy1ic6h7gvchbj30u00h7wh8,68,68,0,1,0,1,1,person,real person portrait,9154471356,爱你也说不出口,-1,1080,619,https://wx4.sinaimg.cn/mw2000/009ZxebOgy1ic6h7gvchbj30u00h7wh8.jpg,https://wx4.sinaimg.cn/orj360/009ZxebOgy1ic6h7gvchbj30u00h7wh8.jpg,https://m.weibo.cn/detail/5287666434183937,黄婷婷 求求姐的这个头像原图好漂亮美疯了,,[strict_single_image_post 68 explicit_image+aesthetic_or_memory] 黄婷婷 求求姐的这个头像原图好漂亮美疯了 https://m.weibo.cn/detail/5287666434183937,top28_009ZxebOgy1ic6h7gvchbj30u00h7wh8.jpg
29,009cmdyEly1ia6an7k442j31jk2224as,68,68,0,1,0,1,1,person,real person portrait,8427806856,蓝浸浸,-1,2000,2666,https://wx1.sinaimg.cn/mw2000/009cmdyEly1ia6an7k442j31jk2224as.jpg,https://wx1.sinaimg.cn/orj360/009cmdyEly1ia6an7k442j31jk2224as.jpg,https://m.weibo.cn/detail/5265040529686641,黄婷婷 这张好美，有种人妻感（我是人，她是我妻子😋）,,[strict_single_image_post 68 explicit_image+aesthetic_or_memory] 黄婷婷 这张好美，有种人妻感（我是人，她是我妻子😋） https://m.weibo.cn/detail/5265040529686641,top29_009cmdyEly1ia6an7k442j31jk2224as.jpg
30,df1bc43agy1fwoyl4nkxrj20qo1kaqan,68,68,0,1,0,1,1,person,real person lockscreen,3743138874,卷毛太复杂了,-1,960,2026,https://wx1.sinaimg.cn/mw2000/df1bc43agy1fwoyl4nkxrj20qo1kaqan.jpg,https://wx1.sinaimg.cn/orj360/df1bc43agy1fwoyl4nkxrj20qo1kaqan.jpg,https://m.weibo.cn/detail/4300429233765877,黄婷婷 各位黄小推能给我一点锁屏壁纸吗？我的手机是这样的,,[strict_single_image_post 68 strong_image_keyword] 黄婷婷 各位黄小推能给我一点锁屏壁纸吗？我的手机是这样的 https://m.weibo.cn/detail/4300429233765877,top30_df1bc43agy1fwoyl4nkxrj20qo1kaqan.jpg
31,006FAtPjgy1g649a76h87j313y0u0jyy,68,68,0,1,0,1,1,person,real person portrait/photo,6111321233,zccc灿,-1,1438,1080,https://wx3.sinaimg.cn/mw2000/006FAtPjgy1g649a76h87j313y0u0jyy.jpg,https://wx3.sinaimg.cn/orj360/006FAtPjgy1g649a76h87j313y0u0jyy.jpg,https://m.weibo.cn/detail/4406784175802722,黄婷婷 四舍五入晃婷发自拍了？,,[strict_single_image_post 68 strong_image_keyword] 黄婷婷 四舍五入晃婷发自拍了？ https://m.weibo.cn/detail/4406784175802722,top31_006FAtPjgy1g649a76h87j313y0u0jyy.jpg
32,8715f019ly1iazb9k41e8j20xc1yk4hv,65,65,0,1,0,1,1,person,real person nostalgic photo,2266361881,一只夕丐丶,-1,1200,2540,https://wx4.sinaimg.cn/mw2000/8715f019ly1iazb9k41e8j20xc1yk4hv.jpg,https://wx4.sinaimg.cn/orj360/8715f019ly1iazb9k41e8j20xc1yk4hv.jpg,https://m.weibo.cn/detail/5274147946498890,黄婷婷 婷婷你好@黄婷婷 ，今天是喜欢你的第十年。 记得初见是在朋友的推荐下看了公演，你穿着红紫色的灾难裙子，因为连续跳舞流汗你的头发紧贴着脸没有什么妆造，可我还是一眼就注意到了你。那时候我对你什么都不了解，却莫名地有好感，就截图去问了朋友你是谁。 后来因为黄奉贤，一下就喜欢 ...全文,,[strict_single_image_post 65 explicit_image+aesthetic_or_memory] 黄婷婷 婷婷你好@黄婷婷 ，今天是喜欢你的第十年。 记得初见是在朋友的推荐下看了公演，你穿着红紫色的灾难裙子，因为连续跳舞流汗你的头发紧贴着脸没有什么妆造，可我还是一眼就注意到了你。那时候我对你什么都不了解，却莫名地有好感，就截图去问了朋友你是谁。 后来因为黄奉贤，一下就喜欢 ...全文 https://m.weibo.cn/detail/5274147946498890,top32_8715f019ly1iazb9k41e8j20xc1yk4hv.jpg
33,005LXSWply1i6f6vsivi7j32dc35s7wi,64,64,0,1,0,1,1,person,real person polaroids,5289424501,不对自己投降,-1,2048,2730,https://wx2.sinaimg.cn/mw2000/005LXSWply1i6f6vsivi7j32dc35s7wi.jpg,https://wx2.sinaimg.cn/orj360/005LXSWply1i6f6vsivi7j32dc35s7wi.jpg,https://m.weibo.cn/detail/5222691440952926,黄婷婷 htt#黄婷婷折月亮# 整理了一下拍立得，不是炫耀的意思爱你宝宝@黄婷婷,,[strict_single_image_post 64 strong_image_keyword] 黄婷婷 htt#黄婷婷折月亮# 整理了一下拍立得，不是炫耀的意思爱你宝宝@黄婷婷 https://m.weibo.cn/detail/5222691440952926,top33_005LXSWply1i6f6vsivi7j32dc35s7wi.jpg
34,005ttkF7ly1fzwjtbmsubj33282aoe82,64,64,0,1,0,1,1,person,real person polaroids,5016168845,Halophile_,0,2048,1536,https://wx1.sinaimg.cn/mw2000/005ttkF7ly1fzwjtbmsubj33282aoe82.jpg,https://wx1.sinaimg.cn/orj360/005ttkF7ly1fzwjtbmsubj33282aoe82.jpg,https://m.weibo.cn/detail/4336663452840391,黄婷婷 āāāāāāāāāāā─── 新年第二天 快递到啦！！ 印成拍立得效果好好ò！！（黑科技叭。 崽 新的一年要更更更爱你@SNH48-黄婷婷 ！！,,[strict_single_image_post 64 strong_image_keyword] 黄婷婷 āāāāāāāāāāā─── 新年第二天 快递到啦！！ 印成拍立得效果好好ò！！（黑科技叭。 崽 新的一年要更更更爱你@SNH48-黄婷婷 ！！ https://m.weibo.cn/detail/4336663452840391,top34_005ttkF7ly1fzwjtbmsubj33282aoe82.jpg
35,00775UGBgy1i9ioc6qu64j30k00ssduv,62,62,0,1,0,1,1,person,real person performance photo,6517773721,GnahzsTiKa,-1,720,1036,https://wx1.sinaimg.cn/mw2000/00775UGBgy1i9ioc6qu64j30k00ssduv.jpg,https://wx1.sinaimg.cn/orj360/00775UGBgy1i9ioc6qu64j30k00ssduv.jpg,https://m.weibo.cn/detail/5257636863543763,想问下titi这套造型是啥时候，能不能来几张这套造型的图。,,[strict_single_image_post 62 explicit_image+aesthetic_or_memory] 想问下titi这套造型是啥时候，能不能来几张这套造型的图。 https://m.weibo.cn/detail/5257636863543763,top35_00775UGBgy1i9ioc6qu64j30k00ssduv.jpg
36,008sEjjxly1ibx834fjzpj31400qo0ww,61,61,0,1,0,1,1,person,real person screenshot,7752407431,Voniev,-1,1440,960,https://wx4.sinaimg.cn/mw2000/008sEjjxly1ibx834fjzpj31400qo0ww.jpg,https://wx4.sinaimg.cn/orj360/008sEjjxly1ibx834fjzpj31400qo0ww.jpg,https://m.weibo.cn/detail/5284765934814394,黄婷婷 宝子们这个造型可以从哪里看到别的图片或视频啊？好喜欢这个造型！！！,,[strict_single_image_post 61 explicit_image+aesthetic_or_memory] 黄婷婷 宝子们这个造型可以从哪里看到别的图片或视频啊？好喜欢这个造型！！！ https://m.weibo.cn/detail/5284765934814394,top36_008sEjjxly1ibx834fjzpj31400qo0ww.jpg
37,005YRO6Ily1i4a01brgqmj30u00u10ut,60,60,0,1,0,1,1,person,real person performance photo,5480068320,一只小潞er,-1,1080,1081,https://wx3.sinaimg.cn/mw2000/005YRO6Ily1i4a01brgqmj30u00u10ut.jpg,https://wx3.sinaimg.cn/orj360/005YRO6Ily1i4a01brgqmj30u00u10ut.jpg,https://m.weibo.cn/detail/5198495455907207,黄婷婷 今天偶然考古翻到这张图，想问下各位t3这是哪次活动哇！好喜欢这个妆造,,[strict_single_image_post 60 explicit_image+aesthetic_or_memory] 黄婷婷 今天偶然考古翻到这张图，想问下各位t3这是哪次活动哇！好喜欢这个妆造 https://m.weibo.cn/detail/5198495455907207,top37_005YRO6Ily1i4a01brgqmj30u00u10ut.jpg
38,9dc56626ly1hio14qr5rnj20m90txtdk,59,59,0,1,0,1,1,person,real person ID-style photo,2646959654,邦邦吃椰糕,0,801,1077,https://wx2.sinaimg.cn/mw2000/9dc56626ly1hio14qr5rnj20m90txtdk.jpg,https://wx2.sinaimg.cn/orj360/9dc56626ly1hio14qr5rnj20m90txtdk.jpg,https://m.weibo.cn/detail/4954634542387055,黄婷婷 崽崽的证件照的变化史 看得出来审美一直再变 美貌却一直未变 ！！ 果然美貌是第一必杀技 好喜欢好喜欢 @黄婷婷 P1是说拍了证件照 但没看到图 所以自己抠了一张,,[strict_post_ref_p1 59 explicit_image+aesthetic_or_memory] 黄婷婷 崽崽的证件照的变化史 看得出来审美一直再变 美貌却一直未变 ！！ 果然美貌是第一必杀技 好喜欢好喜欢 @黄婷婷 P1是说拍了证件照 但没看到图 所以自己抠了一张 https://m.weibo.cn/detail/4954634542387055,top38_9dc56626ly1hio14qr5rnj20m90txtdk.jpg
39,008KAfnZgy1i6zbldcuj1j320i140e0b,57,57,0,1,0,1,1,person,real person wallpaper,8017413067,Higherthinking,-1,2048,1129,https://wx1.sinaimg.cn/mw2000/008KAfnZgy1i6zbldcuj1j320i140e0b.jpg,https://wx1.sinaimg.cn/orj360/008KAfnZgy1i6zbldcuj1j320i140e0b.jpg,https://m.weibo.cn/detail/5229001211909438,黄婷婷 做了电脑壁纸。 燃尽了 做的一般主要靠脸，别骂我,,[strict_single_image_post 57 explicit_image+aesthetic_or_memory] 黄婷婷 做了电脑壁纸。 燃尽了 做的一般主要靠脸，别骂我 https://m.weibo.cn/detail/5229001211909438,top39_008KAfnZgy1i6zbldcuj1j320i140e0b.jpg
40,008s8wnWgy1i8h587ig1qj30po11ytcy,54,54,0,2,0,2,2,person,real person cute photo,7744831180,snowwly,-1,924,1366,https://wx1.sinaimg.cn/mw2000/008s8wnWgy1i8h587ig1qj30po11ytcy.jpg,https://wx1.sinaimg.cn/orj360/008s8wnWgy1i8h587ig1qj30po11ytcy.jpg,https://m.weibo.cn/detail/5245872607596461,黄婷婷 考古到这组图真的萌晕了咋这么可爱！,,[strict_single_image_post 52 explicit_image+aesthetic_or_memory] 黄婷婷 考古到这组图真的萌晕了咋这么可爱！ https://m.weibo.cn/detail/5245872607596461 || [strict_single_image_post 2 explicit_image+aesthetic_or_memory] 黄婷婷 #黄婷婷怎么这么可爱# 黄婷婷 考古到这组图真的萌晕了咋这么可爱！ https://m.weibo.cn/detail/5245926345802953,top40_008s8wnWgy1i8h587ig1qj30po11ytcy.jpg
41,008Y1TvUgy1ibdpjvu5o0j30wi1ceacd,52,52,0,1,0,1,1,person,real person original-photo request,8216094542,企鹅全肯定,-1,1170,1742,https://wx1.sinaimg.cn/mw2000/008Y1TvUgy1ibdpjvu5o0j30wi1ceacd.jpg,https://wx1.sinaimg.cn/orj360/008Y1TvUgy1ibdpjvu5o0j30wi1ceacd.jpg,https://m.weibo.cn/detail/5278648821090447,黄婷婷 老师们有没有这张的原图啊好喜欢这张但是好糊求求求,,[strict_single_image_post 52 strong_image_keyword] 黄婷婷 老师们有没有这张的原图啊好喜欢这张但是好糊求求求 https://m.weibo.cn/detail/5278648821090447,top41_008Y1TvUgy1ibdpjvu5o0j30wi1ceacd.jpg
42,005yzDFhly1g5pnk1bbpuj30u01hc15k,51,51,0,1,0,1,1,person,real person selfie-related photo,5091553539,Corrini揪一口香菜,-1,1080,1920,https://wx3.sinaimg.cn/mw2000/005yzDFhly1g5pnk1bbpuj30u01hc15k.jpg,https://wx3.sinaimg.cn/orj360/005yzDFhly1g5pnk1bbpuj30u01hc15k.jpg,https://m.weibo.cn/detail/4402206629371786,黄婷婷距离婷姐上次自拍已经过去了27天,,[strict_single_image_post 51 strong_image_keyword] 黄婷婷距离婷姐上次自拍已经过去了27天 https://m.weibo.cn/detail/4402206629371786,top42_005yzDFhly1g5pnk1bbpuj30u01hc15k.jpg
43,005URZvXgy1g2iptquxrxj33j52ctb2a,50,50,0,1,0,1,1,person,real person event photo,5421006825,RYOHEY-09,-1,2048,1366,https://wx4.sinaimg.cn/mw2000/005URZvXgy1g2iptquxrxj33j52ctb2a.jpg,https://wx4.sinaimg.cn/orj360/005URZvXgy1g2iptquxrxj33j52ctb2a.jpg,https://m.weibo.cn/detail/4366179260727085,190413 偶像运动会 返图5 @SNH48-黄婷婷 #SNH48偶像运动会#,,[strict_post_ref_p5 50 strong_image_keyword] 190413 偶像运动会 返图5 @SNH48-黄婷婷 #SNH48偶像运动会# https://m.weibo.cn/detail/4366179260727085,top43_005URZvXgy1g2iptquxrxj33j52ctb2a.jpg
44,0071Gk57gy1i79tm9wr84j30xi20u47s,47,47,0,1,0,1,1,person,real person magazine styling,6437793133,柚多活了一天,0,1206,2622,https://wx2.sinaimg.cn/mw2000/0071Gk57gy1i79tm9wr84j30xi20u47s.jpg,https://wx2.sinaimg.cn/orj360/0071Gk57gy1i79tm9wr84j30xi20u47s.jpg,https://m.weibo.cn/detail/5232292861842979,黄婷婷 这一身是杂志妆造！小卡选图必须要有这套好吗🥹爱信等这个富江婷,,[strict_single_image_post 47 explicit_image+aesthetic_or_memory] 黄婷婷 这一身是杂志妆造！小卡选图必须要有这套好吗🥹爱信等这个富江婷 https://m.weibo.cn/detail/5232292861842979,top44_0071Gk57gy1i79tm9wr84j30xi20u47s.jpg
45,006IeTKsly1gutuezndgwj60u01hc4at02,46,46,0,1,0,1,1,person,real person airport photo,6150506668,素妗的妖精,-1,1080,1920,https://wx3.sinaimg.cn/mw2000/006IeTKsly1gutuezndgwj60u01hc4at02.jpg,https://wx3.sinaimg.cn/orj360/006IeTKsly1gutuezndgwj60u01hc4at02.jpg,https://m.weibo.cn/detail/4685631168711906,黄婷婷你心目中的机场图top1是哪个呢？我是这套,,[strict_single_image_post 46 strong_image_keyword] 黄婷婷你心目中的机场图top1是哪个呢？我是这套 https://m.weibo.cn/detail/4685631168711906,top45_006IeTKsly1gutuezndgwj60u01hc4at02.jpg
46,008b4OqYly1gid8ktgfn3j31c02dcnpd,44,44,0,1,0,1,1,person,real person costume/portrait,7492749536,濯濯照月渡,-1,1728,3072,https://wx4.sinaimg.cn/mw2000/008b4OqYly1gid8ktgfn3j31c02dcnpd.jpg,https://wx4.sinaimg.cn/orj360/008b4OqYly1gid8ktgfn3j31c02dcnpd.jpg,https://m.weibo.cn/detail/4545012702128813,黄婷婷htt#黄婷婷翠狐戏夫# 💫#黄婷婷0908生日快乐# 桃花迷人眼，躲在树上的人更让人挪不开眼睛@titi黄_ •修图9p •禁二改 涂抹水印,,[strict_post_ref_p9 44 strong_image_keyword] 黄婷婷htt#黄婷婷翠狐戏夫# 💫#黄婷婷0908生日快乐# 桃花迷人眼，躲在树上的人更让人挪不开眼睛@titi黄_ •修图9p •禁二改 涂抹水印 https://m.weibo.cn/detail/4545012702128813,top46_008b4OqYly1gid8ktgfn3j31c02dcnpd.jpg
47,008peTchly1i4d8ktsyp6j30js190wkv,43,43,0,1,0,1,1,person,real person phone wallpaper,7702019829,晚风吹过雨林,-1,712,1620,https://wx4.sinaimg.cn/mw2000/008peTchly1i4d8ktsyp6j30js190wkv.jpg,https://wx4.sinaimg.cn/orj360/008peTchly1i4d8ktsyp6j30js190wkv.jpg,https://m.weibo.cn/detail/5199509971011736,黄婷婷 做了两张踢踢的手机壁纸,,[strict_post_ref_p2 43 strong_image_keyword] 黄婷婷 做了两张踢踢的手机壁纸 https://m.weibo.cn/detail/5199509971011736,top47_008peTchly1i4d8ktsyp6j30js190wkv.jpg
48,007WlfXqly1i2xf7t4ofqj30sg1emwix,42,42,0,1,0,1,1,person,real person collage/wallpaper,7275023544,我没说愿意,-1,1024,1822,https://wx4.sinaimg.cn/mw2000/007WlfXqly1i2xf7t4ofqj30sg1emwix.jpg,https://wx4.sinaimg.cn/orj360/007WlfXqly1i2xf7t4ofqj30sg1emwix.jpg,https://m.weibo.cn/detail/5183268383097620,黄婷婷 做了几个titi的拼贴壁纸，再次感慨:好伟大的一张脸！#黄婷婷# @黄婷婷,,[strict_post_ref_p1 42 explicit_image+aesthetic_or_memory] 黄婷婷 做了几个titi的拼贴壁纸，再次感慨:好伟大的一张脸！#黄婷婷# @黄婷婷 https://m.weibo.cn/detail/5183268383097620,top48_007WlfXqly1i2xf7t4ofqj30sg1emwix.jpg
49,005PMHTyly1g8is5fco2hj30la0sdq86,42,42,0,1,0,1,1,person,real person retouched photo,5345865776,时汀-,-1,766,1021,https://wx3.sinaimg.cn/mw2000/005PMHTyly1g8is5fco2hj30la0sdq86.jpg,https://wx3.sinaimg.cn/orj360/005PMHTyly1g8is5fco2hj30la0sdq86.jpg,https://m.weibo.cn/detail/4433906143020599,黄婷婷. #黄婷婷脸蛋天才# 随手修两张美女 然而原图就很好看也不知道在调什么,,[strict_post_ref_p2 42 explicit_image+aesthetic_or_memory] 黄婷婷. #黄婷婷脸蛋天才# 随手修两张美女 然而原图就很好看也不知道在调什么 https://m.weibo.cn/detail/4433906143020599,top49_005PMHTyly1g8is5fco2hj30la0sdq86.jpg
50,007HtXcqgy1i5ft6v90h1j319q1tg183,41,41,0,1,0,1,1,person,real person face photo,7055451350,ZZYTXRRKK,-1,1646,2356,https://wx1.sinaimg.cn/mw2000/007HtXcqgy1i5ft6v90h1j319q1tg183.jpg,https://wx1.sinaimg.cn/orj360/007HtXcqgy1i5ft6v90h1j319q1tg183.jpg,https://m.weibo.cn/detail/5211600849472520,黄婷婷 这张脸爽死我了,,[strict_single_image_post 41 explicit_image+aesthetic_or_memory] 黄婷婷 这张脸爽死我了 https://m.weibo.cn/detail/5211600849472520,top50_007HtXcqgy1i5ft6v90h1j319q1tg183.jpg
