memory_point,total_likes,post_likes,comment_likes,post_count,comment_count,evidence_count,reading,top_samples
小星河与引力场守护,672779,670170,2609,1307,40,1347,小星河和引力场构成粉丝共同体的守护叙事，记忆点不只在两位艺人，也在粉丝如何一起维护这段关系。,[post 63523 粉丝点评/关系记忆表达明确] 桃桃爱吃桃HYY: #云旗郝熠然# 并肩同行，走过岁岁年年，往后的路，我们陪你们一起走@云熠引力场:云熠星河超话 得偿所愿亦无忧无虑 @云旗Yunqi @郝熠然 https://m.weibo.cn/detail/5293909880344666 || [post 17763 粉丝点评/关系记忆表达明确] 一枝翠竹出墙来: 我靠，我被引力场的维权看哭了，原来我们小星河也是有人撑腰的！！！！@云熠引力场 老大！！！除了爱云熠，我还爱你和光请出来解决问题！公平对待cp粉！重视cp粉诉求！给我们云熠清晰的双人规划 ​！！#云熠星河维权##请和光公平对待cp粉##云熠星河# ​ https://m.weibo.cn/detail/5289518622311665 || [post 9469 粉丝点评/关系记忆表达明确] Tina_vr: @云旗Yunqi @云熠引力场 小星河🌌 笑死云熠星河超话 演员云旗超话 云旗郝熠然超话 星澈引力场超话 https://m.weibo.cn/detail/5251388219327560 || [post 9234 粉丝点评/关系记忆表达明确] 旗熠光年paris: 云熠星河超话#永夜星河# #云熠星河# #小星河# 永夜星河超话 https://m.weibo.cn/detail/5251843599109349 || [post 9234 粉丝点评/关系记忆表达明确] 深爱已已知: 小星河们快来郝熠然超话云熠星河超话演员云旗超话 https://m.weibo.cn/detail/5252193641829111 || [post 8692 粉丝点评/关系记忆表达明确] 余生挚爱薛三岁-云熠99: 我真的哭死，你们真的有在认真聆听粉丝的声音，喜欢你们是我做的最浪漫的事@云熠引力场 @郝熠然 @云旗Yunqi https://m.weibo.cn/detail/5248867769783287 || [post 7746 粉丝点评/关系记忆表达明确] 爱吃红烧肉的刘小姐: 存了很多图，一四事件后双人合体，帅的帅美的美，他们之间的磁场也太甜了//@云熠引力场:云熠星河超话 同步机场情况——云旗/郝熠然已在相关部门的规范引导下，安全离开机场。感谢大家的支持与喜爱 https://m.weibo.cn/detail/5252526488424169 || [post 7331 粉丝点评/关系记忆表达明确] 可能我们太单纯: #云旗郝熠然52收官# 樊游的故事虽已结束，但云熠还会继续前行。舍不得52剧终，好在剧外有你们的甜蜜互动，有你们真诚相待。很庆幸在这个冬季，邂逅了你们，让我心甘情愿且满心欢喜的成为万千小星河中的一员，未来我们还会陪你们走很远很远，我们来日方长！云熠星河超话 @云旗Yunqi @郝熠然 查看图片 https://m.weibo.cn/detail/5251104153536824 || [post 7087 粉丝点评/关系记忆表达明确] _满分tiao条: 云熠星河超话 投下票呢！小星河们！ https://m.weibo.cn/detail/5252001501807590 || [post 6783 粉丝点评/关系记忆表达明确] 冰旗凌味儿的普洱茶: 哇哇哇哇哇 小星河们又有糖磕啦今晚在🍠云熠小世界 9：30有直播哦 @郝熠然 @云旗Yunqi @云熠引力场 郝熠然超话#云旗郝熠然# #云熠星河# #云旗# #郝熠然# https://m.weibo.cn/detail/5248837249665075 || [post 5572 粉丝点评/关系记忆表达明确] 人生总是甜美吗: 云熠星河超话家产的美貌，小星河的荣耀 https://m.weibo.cn/detail/5252489282851700 || [post 5353 粉丝点评/关系记忆表达明确] 云熠恋曲: 云熠星河超话 🌌#云熠星河# 1.8任//务C第一🛞盖楼，小星河们，都来参与📊任/务，和动力组一起搞🔥度 【目标🎯 2000➕】用以下文案盖楼🍎👇🏻“#云熠星河# 🌌#云旗郝熠然# ➕15字文案➕@云旗Yunqi @郝熠然 ”【在此博下，每人5🍎➕1外👍🏻➕4内👍🏻➕2🧱】【做完扩散】 https://m.weibo.cn/detail/5252948055032829
星河宇宙与引力文案,470660,469829,831,670,17,687,云熠粉圈不断复用星河、引力、轨迹、磁场等话术，形成一套稳定的文本记忆和情绪识别符号。,[post 17784 粉丝点评/关系记忆表达明确] 云熠引力场: 云熠星河超话 🌌#云旗郝熠然# 什么是星河是星星 是银河是云与熠的相遇将星河揉进花束，把爱意藏入星河。旗熠青，始终与你们相伴同行。@云旗Yunqi @郝熠然 前方或许风起路远，偶有泥泞坎坷，但不必慌张。就像你们说过的，对的选择，都在未来里。所有的爱都会发音，所有的爱都会筑成通往未来的路，今后我们熠旗并肩，携手奔赴。 https://m.weibo.cn/detail/5291733052555375 || [post 7331 粉丝点评/关系记忆表达明确] 普洱味的ice: 心中虽有万般不舍，但是我们小星河与云熠的故事还在继续，未来可期 https://m.weibo.cn/detail/5251116684280461 || [post 5672 粉丝点评/关系记忆表达明确] 墨汁炸毛啦_: 云熠星河超话 🌌#云旗眼里的郝熠然# 补档 视频一则现在才知道这套连体衣到底有何意义@云旗Yunqi @郝熠然 PS:[云熠星谕所]更名为 「Nebula星谕｜云熠」。未来将更专注于记录两位艺人老师的线下活动，用图文的方式保存每一个值得被记住的瞬间，在时间中持续陪伴，永恒相伴。 LNebula星谕丨云熠的微博视频 https://m.weibo.cn/detail/5252223035776910 || [post 5672 粉丝点评/关系记忆表达明确] 庭院开满茉莉Molly: 云熠星河超话 🌌#云旗眼里的郝熠然# 补档 视频一则现在才知道这套连体衣到底有何意义@云旗Yunqi @郝熠然 PS:[云熠星谕所]更名为 「Nebula星谕｜云熠」。未来将更专注于记录两位艺人老师的线下活动，用图文的方式保存每一个值得被记住的瞬间，在时间中持续陪伴，永恒相伴。 LNebula星谕丨云熠的微博视频 https://m.weibo.cn/detail/5252220998128669 || [post 5672 粉丝点评/关系记忆表达明确] 阿缨i: 云熠星河超话 🌌#云旗眼里的郝熠然# 补档 视频一则现在才知道这套连体衣到底有何意义@云旗Yunqi @郝熠然 PS:[云熠星谕所]更名为 「Nebula星谕｜云熠」。未来将更专注于记录两位艺人老师的线下活动，用图文的方式保存每一个值得被记住的瞬间，在时间中持续陪伴，永恒相伴。 LNebula星谕丨云熠的微博视频 https://m.weibo.cn/detail/5252216854153233 || [post 5672 粉丝点评/关系记忆表达明确] Sweet_lo19: 云熠星河超话 🌌#云旗眼里的郝熠然# 补档 视频一则现在才知道这套连体衣到底有何意义@云旗Yunqi @郝熠然 PS:[云熠星谕所]更名为 「Nebula星谕｜云熠」。未来将更专注于记录两位艺人老师的线下活动，用图文的方式保存每一个值得被记住的瞬间，在时间中持续陪伴，永恒相伴。 LNebula星谕丨云熠的微博视频 https://m.weibo.cn/detail/5252216810377238 || [post 5672 粉丝点评/关系记忆表达明确] Nebula星谕丨云熠: 云熠星河超话 🌌#云旗眼里的郝熠然# 补档 视频一则现在才知道这套连体衣到底有何意义@云旗Yunqi @郝熠然 PS:[云熠星谕所]更名为 「Nebula星谕｜云熠」。未来将更专注于记录两位艺人老师的线下活动，用图文的方式保存每一个值得被记住的瞬间，在时间中持续陪伴，永恒相伴。 LNebula星谕丨云熠的微博视频 https://m.weibo.cn/detail/5252149317472702 || [post 5436 粉丝点评/关系记忆表达明确] 一路同行云熠99: #云旗郝熠然# 🌌#云熠星河# 【四城五屏·光为你们留】以天为幕，以云为信，以熠为名。 这是粉丝的献礼 @云旗Yunqi @郝熠然 云携熠色垂落街巷，星河漫过长夜。当云最后一次为爱披上金边，熠光在天际写下——所有奔赴，终有回响。 风记得云的形状，夜记得熠的轨迹， 万里长空，皆为为你而亮的印记。 ✨ 此幕虽落，云熠长存 ✨ 我们以光相认，以永恒相续。 https://m.weibo.cn/detail/5249688710154604 || [post 5436 粉丝点评/关系记忆表达明确] 好运气的七月: #云旗郝熠然# 🌌#云熠星河# 【四城五屏·光为你们留】以天为幕，以云为信，以熠为名。 这是粉丝的献礼 @云旗Yunqi @郝熠然 云携熠色垂落街巷，星河漫过长夜。当云最后一次为爱披上金边，熠光在天际写下——所有奔赴，终有回响。 风记得云的形状，夜记得熠的轨迹， 万里长空，皆为为你而亮的印记。 ✨ 此幕虽落，云熠长存 ✨ 我们以光相认，以永恒相续。 https://m.weibo.cn/detail/5249685656961689 || [post 5436 粉丝点评/关系记忆表达明确] 嘟噜噜咕噜噜酱: #云旗郝熠然# 🌌#云熠星河# 【四城五屏·光为你们留】以天为幕，以云为信，以熠为名。 这是粉丝的献礼 @云旗Yunqi @郝熠然 云携熠色垂落街巷，星河漫过长夜。当云最后一次为爱披上金边，熠光在天际写下——所有奔赴，终有回响。 风记得云的形状，夜记得熠的轨迹， 万里长空，皆为为你而亮的印记。 ✨ 此幕虽落，云熠长存 ✨ 我们以光相认，以永恒相续。 https://m.weibo.cn/detail/5249685401113839 || [post 5436 粉丝点评/关系记忆表达明确] 与你熠旗-: #云旗郝熠然# 🌌#云熠星河# 【四城五屏·光为你们留】以天为幕，以云为信，以熠为名。 这是粉丝的献礼 @云旗Yunqi @郝熠然 云携熠色垂落街巷，星河漫过长夜。当云最后一次为爱披上金边，熠光在天际写下——所有奔赴，终有回响。 风记得云的形状，夜记得熠的轨迹， 万里长空，皆为为你而亮的印记。 ✨ 此幕虽落，云熠长存 ✨ 我们以光相认，以永恒相续。 https://m.weibo.cn/detail/5249685272926321 || [post 5436 粉丝点评/关系记忆表达明确] -小安不吃鱼-: #云旗郝熠然# 🌌#云熠星河# 【四城五屏·光为你们留】以天为幕，以云为信，以熠为名。 这是粉丝的献礼 @云旗Yunqi @郝熠然 云携熠色垂落街巷，星河漫过长夜。当云最后一次为爱披上金边，熠光在天际写下——所有奔赴，终有回响。 风记得云的形状，夜记得熠的轨迹， 万里长空，皆为为你而亮的印记。 ✨ 此幕虽落，云熠长存 ✨ 我们以光相认，以永恒相续。 https://m.weibo.cn/detail/5249684738153857
不拆承诺与1.4定海神针,243109,242290,819,651,38,689,粉丝把“不拆”视为这段关系最核心的安全感记忆，1.4、正主亲自回应和后续声明都被当作稳定关系的锚点。,[post 15292 粉丝点评/关系记忆表达明确] 人生短短急个球-MH: 啊！！！！不拆2.0名场面，不拆不拆不拆，小星河陪你们岁岁年年，云熠99#云旗郝熠然# #云熠星河# #向全世界安利云熠# https://m.weibo.cn/detail/5292109802505573 || [post 8380 粉丝点评/关系记忆表达明确] 浅色夏沫-Ricky: 云熠星河超话🌌#云熠星河# 🌌 @云旗Yunqi &@郝熠然 盛大的初相识，瓦的天，初相识啊，那就是会继续以双人身份活动了，想想都开心，我们是第一家吧，小星河们幸福吗？开心吗？就这样细水长流吧……2026云熠99 @云旗Yunqi @郝熠然 https://m.weibo.cn/detail/5251108425433210 || [post 8270 粉丝点评/关系记忆表达明确] 雨落无痕H: 云熠99 https://m.weibo.cn/detail/5250403760608586 || [post 8270 粉丝点评/关系记忆表达明确] 云熠很甜别杠: 我们小星河也在一起！！！云熠99云熠星河超话 #云旗郝熠然# https://m.weibo.cn/detail/5250183210468993 || [post 7331 粉丝点评/关系记忆表达明确] 深爱已已知: 小星河不散，云熠99！一路生花 https://m.weibo.cn/detail/5252850900803244 || [post 6783 粉丝点评/关系记忆表达明确] 治不开心药oo: 云熠星河超话 又拍番外又有直播，小星河太幸福了，好激动！！！云熠99，云熠星河99 https://m.weibo.cn/detail/5248837636591372 || [post 6394 粉丝点评/关系记忆表达明确] 大大领主: 喜欢一个人是藏不住的云熠99 https://m.weibo.cn/detail/5252217122326987 || [post 4213 粉丝点评/关系记忆表达明确] 好嘟云: 云熠星河超话“01.04 上皮樊游 “拆不拆”“所以呢””~ https://m.weibo.cn/detail/5251859472188874 || [post 3868 粉丝点评/关系记忆表达明确] 椿鸢信: #云熠引力场# 🌌#云熠星河维权# 回忆起当初1.4的时候。是剧播的最后一天，两个人穿着角色的服装。那个时候gs就想让他们以角色的身份向我们告别吧。那个时候gs就已经想拆了。本应该是被发卖的日子，却因为他们的抗争变成了我们“不拆”的“定海神针”。他们在我们还不够强大的时候，对抗gs保护我们。现在轮到我们站在他们身前了。我们哪怕掉眼泪也不要后退。 https://m.weibo.cn/detail/5289705516042065 || [post 3652 粉丝点评/关系记忆表达明确] 十小世: 红能养人，真的。虽然他俩还没红到大咖的程度，但是在这个圈里绝对算红了！回看了几次双人直播，两人真是帅的越来越帅，美的越来越美！从刚开始单人播时普普翘起来的卷毛（太可爱了，他说话时我一直盯着那撮毛看），到跨年夜时二人颜值来到巅峰，再到双人机场如秀场走秀……如同一场脱胎换骨的洗礼！这场洗礼不仅是颜值上的，也是心灵上的。连带对外展现，就是性张力十足！所以你们两个到底经历了啥？就说我虽然写的是同人，但不是我写了你们就会做，也不是我不写你们就不会做#云熠星河#云熠星河超话#云熠99# https://m.weibo.cn/detail/5253308466072780 || [post 3652 粉丝点评/关系记忆表达明确] 叶不羞护妻小月月: 红能养人，真的。虽然他俩还没红到大咖的程度，但是在这个圈里绝对算红了！回看了几次双人直播，两人真是帅的越来越帅，美的越来越美！从刚开始单人播时普普翘起来的卷毛（太可爱了，他说话时我一直盯着那撮毛看），到跨年夜时二人颜值来到巅峰，再到双人机场如秀场走秀……如同一场脱胎换骨的洗礼！这场洗礼不仅是颜值上的，也是心灵上的。连带对外展现，就是性张力十足！所以你们两个到底经历了啥？就说我虽然写的是同人，但不是我写了你们就会做，也不是我不写你们就不会做#云熠星河#云熠星河超话#云熠99# https://m.weibo.cn/detail/5253309564984193 || [post 3583 粉丝点评/关系记忆表达明确] 喂-浩子: 不拆！！！！！！云熠99 https://m.weibo.cn/detail/5251498697297722
旗熠青海与应援色,51336,46911,4425,380,46,426,旗熠青把抽象支持变成可见的现场画面，是小星河最容易复述、最有视觉记忆的集体资产。,"[post 6783 粉丝点评/关系记忆表达明确] 阿缨i: #云旗郝熠然# 云熠星河超话旗熠青真是美好的颜色，每一次敲击“青”字都仿佛摩挲了一遍你们的名字。 https://m.weibo.cn/detail/5248982408499417 || [post 5026 粉丝点评/关系记忆表达明确] 熠点点甜: 郝熠然超话 致全体小普洱： 经与艺人团队沟通，并充分尊重郝熠然本人意愿，郝熠然官方应援色及名称今日正式官宣！✨ 应援色名称：「霞光熠熠」标准色号：「#AA0A27」HSV：「349,94,67」RGB：「170,10,39」CMYK：「40,100,94,6」【寓意】日出时分光芒明亮闪烁、耀眼夺目的景象，霞是多层次红的组合，光是希望，熠取自熠然，愿如初升之日散发光芒，熠然生辉。从此，这抹专属于郝熠然的霞光，将由我们每一位小普洱共同点亮。往后星途，我们以霞光为帜，伴他一路熠然生辉！@郝熠然 https://m.weibo.cn/detail/5247856189642468 || [post 4810 粉丝点评/关系记忆表达明确] 爱穿碎花小裙子的小丸子: 云熠星河超话🌌#云熠星河# 为什么会是一片旗熠青？当然是你星河爹去了呀，啊哈哈哈哈，还当我们是以前呢，以前是小星河，今天是纽祜禄星河爹！！！ @郝熠然 @云旗Yunqi ​ https://m.weibo.cn/detail/5278903839228915 || [post 3330 粉丝点评/关系记忆表达明确] 我家家产超帅: 云熠星河超话 全部都是旗熠青 全部！ 站台栏杆星河姐全部抢到了 ​ https://m.weibo.cn/detail/5291672795615959 || [post 3215 粉丝点评/关系记忆表达明确] 阿缨i: 云熠星河超话#云旗郝熠然# 旗熠青真是美好的颜色，每一次敲击“青”字都仿佛摩挲了一遍你们的名字。 https://m.weibo.cn/detail/5249719102080719 || [post 1627 粉丝点评/关系记忆表达明确] -葡萄冰美式-: 以后不管是单人活动还是双人活动，应援就是旗熠青！！！手幅灯牌大家都带着，现场随机应变好么！！！这次吃的亏我们记着，以后不能再犯！！ ​ https://m.weibo.cn/detail/5278675516790654 || [post 1577 粉丝点评/关系记忆表达明确] 阿缨i: 云熠星河超话 旗熠青真是美好的颜色，每一次敲击“青”字都仿佛摩挲了一遍你们的名字。 https://m.weibo.cn/detail/5250094771470670 || [post 1449 粉丝点评/关系记忆表达明确] 落日染桃花: 旗熠青，太爽了😄 ​ https://m.weibo.cn/detail/5291681453966168 || [post 1316 粉丝点评/关系记忆表达明确] 有姝丶: 云熠星河超话 🌌 #云旗郝熠然# 让旗熠青闪耀他们在的每一个地方！！！少吃洗脑包辛苦线下姐妹！！ ​ https://m.weibo.cn/detail/5288272884663603 || [post 1141 粉丝点评/关系记忆表达明确] 海看山爬: 云熠星河超话爱意溢于言表，唯你是唯一答案。8个月的点点滴滴，朝朝暮暮，都是你的身影，相识才8个月但感情却好似快两年般深刻。旗熠青（卿）是@云旗Yunqi @郝熠然 精心挑选的应援色，心动不言而喻，爱你不止剧番，更在朝夕！云熠99小星河会永远守护你们，徜徉在云熠爱的星河里。#云旗郝熠然# https://m.weibo.cn/detail/5249568155633831 || [comment 1124 粉丝点评/关系记忆表达明确] 两颗西柚拌冰: 下次还要旗熠青海见！ https://m.weibo.cn/detail/5274673610491789 || [post 865 粉丝点评/关系记忆表达明确] 怡怡睡不死Chen: 感觉这一套就是把旗熠青穿在身上！！！！！ https://m.weibo.cn/detail/5252616122795939"
角色作品入坑与真诚努力,50892,50849,43,928,6,934,部分粉丝从作品角色和两位本人的真诚努力入坑，这条线能解释CP粉从何处建立信任。,[post 11011 粉丝点评/关系记忆表达明确] 是hellowoody: 这么甜怎么能不偷吃！！#云熠星河##云旗##郝熠然## 向全世界安利##无岸52无暗# L是hellowoody的微博视频 ​ https://m.weibo.cn/detail/5240962315979466 || [post 7331 粉丝点评/关系记忆表达明确] 不系舟xz: 云熠同行，星河共鸣。 樊霄 游书朗 再见 云旗 郝熠然 你好 https://m.weibo.cn/detail/5251135860117186 || [post 3110 粉丝点评/关系记忆表达明确] 衬澍也叫陈述: #云旗郝熠然#请多多关注我们云旗和郝熠然老师 真诚又努力的两位老师谁还没来入坑啊 帅气暴击 又宠粉又真诚云旗老师饰演无岸里的樊霄超级带劲郝熠然老师饰演无岸里的游书朗非常文学请多多关注两位老师的后期作品吧 ​ https://m.weibo.cn/detail/5248616337771937 || [post 2537 粉丝点评/关系记忆表达明确] 衬澍也叫陈述: #云熠星河#就这个云旗和郝熠然真的很真诚 又真诚又努力 谁还没粉呢 请来这里磕一磕 不要被一些乱七八糟泼脏水的人干扰正主亲自挑选CP应援色粉丝名的只有这一家 请认准云熠星河请来多多关注云旗和郝熠然好吗 ​ https://m.weibo.cn/detail/5248597312667874 || [post 2532 粉丝点评/关系记忆表达明确] 顾烟凝: 吾岸第十五集，看完结局，觉得算是我看过的环大陆综合条件最好的一部。首先这个故事起承转合很完整，游书朗樊霄两个人设很有张力，其次导演会拍，演员会演。整个剧我最嗑的一幕就是红砖铺路，太纯情太痴情了。一个对全世界没有什么感情的人，把心里仅剩的那点热乎气对着一个人全掏出来，这不就是我见众生如草木，唯独见你是青山。樊霄口口声声叫的菩萨，在这一刻具象化。从开始追妻，樊霄对游书朗展现的是一直仰视的捧着的状态，他对自己的定位是赎罪也是要不计回报的爱余生。所以他说要每个年都陪着游书朗，哪怕不能在他身边，也要默默注视着他。为啥说这个剧 https://m.weibo.cn/detail/5251132131640965 || [post 2532 粉丝点评/关系记忆表达明确] 星河永熠: 云熠星河超话🌌 #云熠星河# 云旗用努力和真诚圈粉无数～ 执云旗，赴熠光，愿他星途坦荡 ，云旗所向熠光万丈。 @云旗Yunqi @郝熠然 https://m.weibo.cn/detail/5253672718046478 || [post 1780 粉丝点评/关系记忆表达明确] 云熠同心: “#云熠星河# 🌌#云旗郝熠然52收官# 游书朗与樊霄的故事已经完结，但是云旗和郝熠然的故事仍在继续，星河不散，永不独行，明晚八点不见不散哦@云旗Yunqi @郝熠然 ” https://m.weibo.cn/detail/5251137339132823 || [post 1613 粉丝点评/关系记忆表达明确] 十小世: 又二刷了一遍，先心疼游主任，后又心疼樊小狗。我觉得云旗的古装造型很适合北堂傲，一个是云旗的长相真的是我的菜，而且他眉眼间的锋利天然带着那种冷峻。再一个我上条微博也说了，樊霄的性格底色和北堂傲很像，所以会带有那种联想。但是奇怪，我从没带入过普普演言非离。可能是游书朗已经很虐了，言非离比游书朗还惨，实在不忍心当然这不说明我在其他文里不会让某人生云熠星河超话 https://m.weibo.cn/detail/5252903142688272 || [post 1504 粉丝点评/关系记忆表达明确] 苏辞祁泪痣: #云熠星河# 两个宝宝超级真诚，特别宠粉，我们小星河感到幸福🥰 https://m.weibo.cn/detail/5248638007640860 || [post 1171 粉丝点评/关系记忆表达明确] 粉红迪迦奥特曼mo: 游书朗 樊霄游书朗永远幸福下去 https://m.weibo.cn/detail/5251137042387984 || [post 1077 粉丝点评/关系记忆表达明确] 咕咕崽崽宝: 送给这个冬天的吾岸首先是樊游。你们是天作之合。游书朗从小到大都没有被人坚定地选择过，从亲人到后面遇到的所有人。虽然心性坚定沉静，但他的世界更像一片荒芜沉寂的平原，只有夜里在阳台抽烟的时候才会刮过一些呼啸的风。但是樊霄出现了，无论最开始的目的是什么，但他的爱就像是一颗陨石，没有道理，热烈地、突然地、狠狠地砸在平原上，砸出一个天坑。从前面有目的的纠缠，到后面的百般迂回，甚至可以说是阴魂不散，他从始至终都无比坚定地选择站在游书朗身旁。你说游书朗爽吗，我相信在痛苦的背后他一定、绝对是有一点扭曲的享受的。这么紧密窒息的爱意， https://m.weibo.cn/detail/5251127041853018 || [post 896 粉丝点评/关系记忆表达明确] 月亮说晚安安: 说起高嘉辉的追妻路，只能说这小子真的是云旗有好运气刚拿到剧本的时候，他有在脑中设想过“游书朗”应该是什么样子：温润、坚毅、圣母但是不白莲花初见普普的时候，他整个人被笼罩在一层光晕之下，小声地和导演讨论着什么，巴掌大的脸上都是认真，彼时，高嘉辉一眼就认定，这就是他的“游书朗”果然，制作人给他们租了一处民宿，安排他们熟悉剧本，更重要的是熟悉彼此高嘉辉认为，不被普普吸引是一件很难的事明明在娱乐圈浸淫了这么久，人却依然和竹子一样笔直生长，知世故而不世故，专业能力超强，像深潭一样，能容纳世间的一切，却依然能保持自己的形状他开 https://m.weibo.cn/detail/5252559519357954
直播互动与口头名场面,47360,47316,44,297,8,305,直播里的口头承诺、互相接梗和小动作，是粉丝会剪辑、转述、反复考古的轻量记忆。,[post 8819 粉丝点评/关系记忆表达明确] 沸反盈天yunyi: 云熠星河超话🌌#云熠星河# 我求了，请让@云旗Yunqi @郝熠然 提前开播吧！时间长一点！大家像朋友一样坐下来唠唠嗑，他们可以做做跨年饭，做一些互动小游戏。真的真的真的很喜欢他俩，想多看看他俩。以前直播的时间都太短了，求跨年直播时间长一些吧，我向你们请愿了。@云熠引力场 @小助理 #云旗郝熠然# #云旗# #郝熠然# https://m.weibo.cn/detail/5249605432250924 || [post 6783 粉丝点评/关系记忆表达明确] 0_o在逃观众: 云熠星河超话#云旗郝熠然# 小星河想要，小星河得到，今晚追完剧就能立刻看直播，虐不到我喽~ @郝熠然 @云旗Yunqi https://m.weibo.cn/detail/5248840968178194 || [post 5136 粉丝点评/关系记忆表达明确] 居然是你li: 手机锁屏壁纸！入坑名场面！ #云旗说所以呢# @云旗Yunqi 这家伙太勇了。性格狠帅，直接最无敌！ https://m.weibo.cn/detail/5251499376773555 || [post 3070 粉丝点评/关系记忆表达明确] 杰么娜0528: 云熠星河超话 第五集名场面re分析（已失智） L杰么娜0528的微博视频 ​ https://m.weibo.cn/detail/5239534221788890 || [post 2241 粉丝点评/关系记忆表达明确] 我家家产超帅: #云熠星河# 🌌#云旗直播# 我们家永远不存在单人直播玩游戏的时候球是旗熠青，道具颜色也是努力还原旗熠青，衣服上的勋章是老婆买的裤子送的，（买图3的裤子会送图5的勋章）可偏要带在自己身上！说祝福语肖肖说的是祝你们一起！云旗说对 ​ https://m.weibo.cn/detail/5292780775805582 || [post 1928 粉丝点评/关系记忆表达明确] 茜茜qq琑Haoyun7: 云熠星河超话 🌌#云熠星河# 两个名场面放一起，又锤坑里了，云旗说心眼太多，朝郝老师看了一眼，再问心眼多吗？其实问的不是樊霄心眼多吗，是问的郝老师云旗心眼多吗？郝老师说当然多，要聪明一点啊（云旗明白了）郝老师问为什么不扎小辫子，云旗说下次（他知道郝老师喜欢了）后来真的扎了小瓣子。云旗你个恋爱脑@云旗Yunqi @郝熠然 L茜茜qq琑Haoyun7的微博视频 https://m.weibo.cn/detail/5290805696659718 || [post 1302 粉丝点评/关系记忆表达明确] 二里地--: 我没看错吧？这是什么🤓🤓🤓🤓#名场面 #云旗##郝熠然##云熠星河# L二里地--的微博视频 ​ https://m.weibo.cn/detail/5293437352161496 || [post 1280 粉丝点评/关系记忆表达明确] 浅色夏沫-Ricky: 云熠星河超话 🌌#云旗郝熠然# ☁️：衣服有点皱巴了，你说你也不帮我理理PUPU：…… ☁️：痒？我给你挠挠PUPU：…… ☁️：我的腰围是多少？（名场面）PUPU：“必须正面回答？”～眼神交流～ ☁️：“是哒”～确认过眼神～自然流露细节@云旗Yunqi @郝熠然 L浅色夏沫-Ricky的微博视频 https://m.weibo.cn/detail/5290940721794476 || [post 1179 粉丝点评/关系记忆表达明确] 云间熠火yee_yun: 云熠星河超话 🌌#云旗郝熠然# 云旗的「掰弯」名场面➕普普的「做法」名场面！@云旗Yunqi @郝熠然 L云间熠火yee_yun的微博视频 ​ https://m.weibo.cn/detail/5285344380977411 || [post 1107 粉丝点评/关系记忆表达明确] 鹿橙子0809: 一些普普难得外显的吃醋名场面cr.字母站为自己减肥#云熠星河# #云旗郝熠然# L鹿橙子0809的微博视频 ​ https://m.weibo.cn/detail/5285792381668576 || [post 1101 粉丝点评/关系记忆表达明确] 如廿清禾: 云熠星河超话 🌌#云熠星河# 2026.1.11双人直播名场面之一“为什么半夜回消息”郝老师说小高同学辣的吃多了不能吃辣的小高同学，为什么要去吃啊哦，原来是郝老师喜欢吃对象喜欢那就宠着呗，不能吃也要陪着去有对象了不起哦@云旗Yunqi @郝熠然 L如廿清禾的微博视频 https://m.weibo.cn/detail/5279596708889085 || [post 1004 粉丝点评/关系记忆表达明确] Lucky青提: 云熠星河超话 🌌#云旗郝熠然# 一期磕点分析，在翻看录屏的时候发现的，分享给小星河们直播时候玩砸的云老师喜提普普的一秒冷脸@云旗Yunqi @郝熠然 LLucky青提的微博视频 ​ https://m.weibo.cn/detail/5252933316775450
同框默契与并肩感,38458,38038,420,150,12,162,粉丝记住的是两人同框时自然流露的默契、并肩与磁场感，这类内容适合沉淀成关系名场面。,[post 8042 粉丝点评/关系记忆表达明确] 怦然心动-YY: 云熠星河超话#云旗郝熠然# 机场抓拍的氛围感拉满，小星河永远为你们心动💓 https://m.weibo.cn/detail/5252458148004411 || [post 4875 粉丝点评/关系记忆表达明确] 云熠星河揽巡组: #云熠星河# 🌌#云旗郝熠然#云熠星河超话管理规范正式发布，图文细则见下图！ 同执尺规，方得超话井然；共拥星河，不负此间温柔。 超管组同步设立两个专项群：①加精申请群:云熠星河超话加精负责个人超话作品的加精申报。②超like群:听说你想变成超like 帮助非超like成为超like。 诚邀各位小星河恪守规则，文明磕糖，与超管组携手共建清朗有序的专属天地！ https://m.weibo.cn/detail/5248979128288328 || [post 4875 粉丝点评/关系记忆表达明确] 深爱已已知: #云熠星河# 🌌#云旗郝熠然#云熠星河超话管理规范正式发布，图文细则见下图！ 同执尺规，方得超话井然；共拥星河，不负此间温柔。 超管组同步设立两个专项群：①加精申请群:云熠星河超话加精负责个人超话作品的加精申报。②超like群:听说你想变成超like 帮助非超like成为超like。 诚邀各位小星河恪守规则，文明磕糖，与超管组携手共建清朗有序的专属天地！ https://m.weibo.cn/detail/5252207821721690 || [post 1965 粉丝点评/关系记忆表达明确] 是苏诗情啊: #郝熠然#🌌#熠期一会# 流云遇星火，旗熠照星河。云旗热烈赤诚，郝熠然温柔笃定，一动一静，一勇一稳，彼此互补，彼此照亮。他们用真诚打破套路，用陪伴书写长久，同框即是名场面，对视便有万种情。这世间最好的关系，是并肩而立，互为光芒。 ​ https://m.weibo.cn/detail/5272855449436968 || [post 1189 粉丝点评/关系记忆表达明确] 一条积极阳光奋发向上的伪咸鱼: 云熠星河超话 🌌#云旗郝熠然# 【12.26:第一🛞盖楼】 小星河集合啦！和动力组并肩作战，目标金超全力冲刺❗❗【目标🎯 400】【在此博下，每人5🍎➕1外👍🏻➕5内👍🏻➕2🧱】🍎格式要求：“#云熠星河# 🌌#云旗郝熠然#➕15字文案 ➕@云旗Yunqi @郝熠然”【做完扩散】 https://m.weibo.cn/detail/5248071014550522 || [post 1189 粉丝点评/关系记忆表达明确] 旗然自得: 云熠星河超话 🌌#云旗郝熠然# 【12.26:第一🛞盖楼】 小星河集合啦！和动力组并肩作战，目标金超全力冲刺❗❗【目标🎯 400】【在此博下，每人5🍎➕1外👍🏻➕5内👍🏻➕2🧱】🍎格式要求：“#云熠星河# 🌌#云旗郝熠然#➕15字文案 ➕@云旗Yunqi @郝熠然”【做完扩散】 https://m.weibo.cn/detail/5248067819537925 || [post 1189 粉丝点评/关系记忆表达明确] 云熠星河动力组: 云熠星河超话 🌌#云旗郝熠然# 【12.26:第一🛞盖楼】 小星河集合啦！和动力组并肩作战，目标金超全力冲刺❗❗【目标🎯 400】【在此博下，每人5🍎➕1外👍🏻➕5内👍🏻➕2🧱】🍎格式要求：“#云熠星河# 🌌#云旗郝熠然#➕15字文案 ➕@云旗Yunqi @郝熠然”【做完扩散】 https://m.weibo.cn/detail/5248043160175171 || [post 795 粉丝点评/关系记忆表达明确] 嗑cp机器人: 我不允许你们这样伤害云旗和郝熠然！你们若是不爱，若是看不到他们的好，就请放过这两个在娱乐圈里苦苦坚持的小孩，别用尖酸的话语把他们裹进冰冷的恶意里。你们不知道，每天刷到那些刺耳的评论时，我有多心如刀割：有人恶意调侃郝熠然是 “txl”，用最龌龊的心思揣测他的x向；有人对着云旗的长相恶语相向，说他 “长得像猴”，全然无视他眼里的真诚。每次看到这些，我都像被一只无形的手攥紧了心脏，闷得喘不过气，连呼吸都带着疼 —— 他们明明都是那么好、那么努力的小宝啊，怎么就值得这样的伤害？ 云旗在我眼里，从来都是个纯真的小孩。镜头前的 https://m.weibo.cn/detail/5242732479512701 || [post 774 粉丝点评/关系记忆表达明确] 2025鱼岸: 云熠星河超话 🌌#云旗郝熠然# 【12.26:第二🛞盖楼】 小星河集合啦！和动力组并肩作战，目标金超全力冲刺❗❗【目标🎯 400】用以下文案盖楼🍎👇🏻“#云熠星河# 🌌#云旗郝熠然#➕15字文案➕@云旗Yunqi @郝熠然 ”【在此博下，每人5🍎➕1外👍🏻➕5内👍🏻➕2🧱】【做完扩散】 https://m.weibo.cn/detail/5248236018730687 || [post 774 粉丝点评/关系记忆表达明确] 樊游入云熠: 云熠星河超话 🌌#云旗郝熠然# 【12.26:第二🛞盖楼】 小星河集合啦！和动力组并肩作战，目标金超全力冲刺❗❗【目标🎯 400】用以下文案盖楼🍎👇🏻“#云熠星河# 🌌#云旗郝熠然#➕15字文案➕@云旗Yunqi @郝熠然 ”【在此博下，每人5🍎➕1外👍🏻➕5内👍🏻➕2🧱】【做完扩散】 https://m.weibo.cn/detail/5248232914685977 || [post 774 粉丝点评/关系记忆表达明确] 樊游入云熠: 云熠星河超话 🌌#云旗郝熠然# 【12.26:第二🛞盖楼】 小星河集合啦！和动力组并肩作战，目标金超全力冲刺❗❗【目标🎯 400】用以下文案盖楼🍎👇🏻“#云熠星河# 🌌#云旗郝熠然#➕15字文案➕@云旗Yunqi @郝熠然 ”【在此博下，每人5🍎➕1外👍🏻➕5内👍🏻➕2🧱】【做完扩散】 https://m.weibo.cn/detail/5248232835005658 || [post 774 粉丝点评/关系记忆表达明确] 南瓜灯笼11111: 云熠星河超话 🌌#云旗郝熠然# 【12.26:第二🛞盖楼】 小星河集合啦！和动力组并肩作战，目标金超全力冲刺❗❗【目标🎯 400】用以下文案盖楼🍎👇🏻“#云熠星河# 🌌#云旗郝熠然#➕15字文案➕@云旗Yunqi @郝熠然 ”【在此博下，每人5🍎➕1外👍🏻➕5内👍🏻➕2🧱】【做完扩散】 https://m.weibo.cn/detail/5248229165761304
演唱会奔赴与巡演回忆,37289,35020,2269,273,10,283,线下演唱会把CP情绪落在真实见面、舞台、应援和跨城奔赴里，是近期记忆浓度最高的场景之一。,[post 8692 粉丝点评/关系记忆表达明确] 云熠迷妹: 云熠星河超话 话说，什么时候见面会安排一下啊，🤔🎆 小星河想要，小星河得到@云旗Yunqi @郝熠然 https://m.weibo.cn/detail/5248870306286580 || [comment 1440 粉丝点评/关系记忆表达明确] 暧宝: 🌌🌌舞台因你们而闪耀，歌声因你们而动人，云旗郝熠然默契满分，每一次同台都惊艳全场，用心歌唱，不负热爱，@云旗Yunqi @郝熠然 未来一路璀璨！🌌🌌 https://m.weibo.cn/detail/5294084363126591 || [post 1393 粉丝点评/关系记忆表达明确] 予橙七: 云熠星河超话 16位小星河合唱《溺于业火》来自16位小星河的收官礼物🎁祝@云旗Yunqi @郝熠然 星途璀璨，继续并肩而行吧 L予橙七的微博视频 ​ https://m.weibo.cn/detail/5252208562276672 || [post 1257 粉丝点评/关系记忆表达明确] 七月-云熠星河: 云熠星河超话 🌌#云旗郝熠然#1.3.第一🛞盖楼，冲金2小星河们，都来参与📊任/务，和动力组一起搞🔥度 【目标🎯 700➕】用以下文案盖楼🍎👇🏻“#云熠星河# 🌌#云旗郝熠然52收官# ➕15字文案➕@云旗Yunqi @郝熠然 ”【在此博下，每人5🍎➕1外👍🏻➕4内👍🏻➕2🧱】【做完扩散】 https://m.weibo.cn/detail/5251483631355855 || [post 1257 粉丝点评/关系记忆表达明确] RAN丨YUNYI: 云熠星河超话 🌌#云旗郝熠然#1.3.第一🛞盖楼，冲金2小星河们，都来参与📊任/务，和动力组一起搞🔥度 【目标🎯 700➕】用以下文案盖楼🍎👇🏻“#云熠星河# 🌌#云旗郝熠然52收官# ➕15字文案➕@云旗Yunqi @郝熠然 ”【在此博下，每人5🍎➕1外👍🏻➕4内👍🏻➕2🧱】【做完扩散】 https://m.weibo.cn/detail/5251483379435626 || [post 1257 粉丝点评/关系记忆表达明确] 果子红红的: 云熠星河超话 🌌#云旗郝熠然#1.3.第一🛞盖楼，冲金2小星河们，都来参与📊任/务，和动力组一起搞🔥度 【目标🎯 700➕】用以下文案盖楼🍎👇🏻“#云熠星河# 🌌#云旗郝熠然52收官# ➕15字文案➕@云旗Yunqi @郝熠然 ”【在此博下，每人5🍎➕1外👍🏻➕4内👍🏻➕2🧱】【做完扩散】 https://m.weibo.cn/detail/5251440689810249 || [post 1257 粉丝点评/关系记忆表达明确] 云熠星河动力组: 云熠星河超话 🌌#云旗郝熠然#1.3.第一🛞盖楼，冲金2小星河们，都来参与📊任/务，和动力组一起搞🔥度 【目标🎯 700➕】用以下文案盖楼🍎👇🏻“#云熠星河# 🌌#云旗郝熠然52收官# ➕15字文案➕@云旗Yunqi @郝熠然 ”【在此博下，每人5🍎➕1外👍🏻➕4内👍🏻➕2🧱】【做完扩散】 https://m.weibo.cn/detail/5251434297167043 || [post 974 粉丝点评/关系记忆表达明确] 一颗苹果_旗熠星: 云熠星河超话 🌌#云旗郝熠然52收官# 1.3.盖楼小星河们，都来参与📊任/务，和动力组一起搞🔥度 【目标🎯 700➕】用以下文案盖楼🍎👇🏻“#云熠星河# 🌌#云旗郝熠然52收官# ➕15字文案➕@云旗Yunqi @郝熠然 ”【在此博下，每人5🍎➕1外👍🏻➕4内👍🏻➕2🧱】【做完扩散】 https://m.weibo.cn/detail/5251137215400544 || [post 974 粉丝点评/关系记忆表达明确] 一颗苹果_旗熠星: 云熠星河超话 🌌#云旗郝熠然52收官# 1.3.盖楼小星河们，都来参与📊任/务，和动力组一起搞🔥度 【目标🎯 700➕】用以下文案盖楼🍎👇🏻“#云熠星河# 🌌#云旗郝熠然52收官# ➕15字文案➕@云旗Yunqi @郝熠然 ”【在此博下，每人5🍎➕1外👍🏻➕4内👍🏻➕2🧱】【做完扩散】 https://m.weibo.cn/detail/5251137180797675 || [post 974 粉丝点评/关系记忆表达明确] kkk威本: 云熠星河超话 🌌#云旗郝熠然52收官# 1.3.盖楼小星河们，都来参与📊任/务，和动力组一起搞🔥度 【目标🎯 700➕】用以下文案盖楼🍎👇🏻“#云熠星河# 🌌#云旗郝熠然52收官# ➕15字文案➕@云旗Yunqi @郝熠然 ”【在此博下，每人5🍎➕1外👍🏻➕4内👍🏻➕2🧱】【做完扩散】 https://m.weibo.cn/detail/5251137076727163 || [post 974 粉丝点评/关系记忆表达明确] 云熠同心: 云熠星河超话 🌌#云旗郝熠然52收官# 1.3.盖楼小星河们，都来参与📊任/务，和动力组一起搞🔥度 【目标🎯 700➕】用以下文案盖楼🍎👇🏻“#云熠星河# 🌌#云旗郝熠然52收官# ➕15字文案➕@云旗Yunqi @郝熠然 ”【在此博下，每人5🍎➕1外👍🏻➕4内👍🏻➕2🧱】【做完扩散】 https://m.weibo.cn/detail/5251135799822691 || [post 974 粉丝点评/关系记忆表达明确] 云熠同心: 云熠星河超话 🌌#云旗郝熠然52收官# 1.3.盖楼小星河们，都来参与📊任/务，和动力组一起搞🔥度 【目标🎯 700➕】用以下文案盖楼🍎👇🏻“#云熠星河# 🌌#云旗郝熠然52收官# ➕15字文案➕@云旗Yunqi @郝熠然 ”【在此博下，每人5🍎➕1外👍🏻➕4内👍🏻➕2🧱】【做完扩散】 https://m.weibo.cn/detail/5251135770463724
双向奔赴与爱意传递,13015,10790,2225,550,20,570,粉丝反复讲述信件、彩带、星星纸和祝福被送达，核心情绪是“我们的爱有被看见、有被回应”。,"[comment 1302 粉丝点评/关系记忆表达明确] 是苏诗情啊: 爱意从未改变，祝福都会抵达 https://m.weibo.cn/detail/5292335262861296 || [post 1223 粉丝点评/关系记忆表达明确] 奶茶要放珠珠霞: 云熠星河超话 🌌 #云熠星河# 高嘉辉又在上演偷偷藏不住了🫵🏻1️⃣➡️3️⃣宣示主权4️⃣大馋小子又在偷偷奖励自己了5️⃣人间萌物郝敬昀6️⃣你俩的手都挺胶黏7️⃣在20万➕的直播间里高嘉辉把隐晦爱意说尽8️⃣高嘉辉是讨打型人格9️⃣一般来说怕到这个程度，私底下已经打到不知天地为何物了 https://m.weibo.cn/detail/5250669007342924 || [post 1154 粉丝点评/关系记忆表达明确] 乄亍狸狸: 云熠星河超话 姐妹们下午好呀，今天发现有部分姐妹用""猴普""来称呼我们的cp，可是大家一定要知道一个事情，这个称呼是黑粉给家产的称呼，带有事实意义上的rz性质，是黑粉肆无忌惮在我们面前rm家产的行为，真心爱护他们的话，请姐妹们还是使用家产所选择的带有爱意的称呼""云熠星河""，望所有小星河们都不要使用别的cp称呼来打扰到亲爱的他们。#郝熠然##云旗#郝熠然超话演员云旗超话 https://m.weibo.cn/detail/5252439863463568 || [post 1154 粉丝点评/关系记忆表达明确] 我家云熠超甜: 云熠星河超话 姐妹们下午好呀，今天发现有部分姐妹用""猴普""来称呼我们的cp，可是大家一定要知道一个事情，这个称呼是黑粉给家产的称呼，带有事实意义上的rz性质，是黑粉肆无忌惮在我们面前rm家产的行为，真心爱护他们的话，请姐妹们还是使用家产所选择的带有爱意的称呼""云熠星河""，望所有小星河们都不要使用别的cp称呼来打扰到亲爱的他们。#郝熠然##云旗#郝熠然超话演员云旗超话 https://m.weibo.cn/detail/5252534781347983 || [post 1062 粉丝点评/关系记忆表达明确] 我只想做小叮铛: 郝熠然超话 郝熠然你该火，我一直喜欢看得见和拿得出手的爱。不论是爱粉丝、爱角色还是爱自己，你的行动与谈吐都证明你做到了!自己被挤成肉饼还在收的信，被粉丝调侃有回应的笑，离开时90度的鞠躬，在机场没见到粉丝立马出的道歉视频。真诚的人爱会永远有偏向。不论以后怎样，剧播后第一次走机场的新人美，真的好漂亮，我会永远记得💞@郝熠然 https://m.weibo.cn/detail/5244599900576886 || [post 915 粉丝点评/关系记忆表达明确] PeppaPeppa: 你们这对真的还蛮神奇的，我发现每一次虽然没有完全合，但是其实都在暗戳戳的合。没有单飞局，只有双人行！要么一起出现，要么一起消失。他们的周身氛围好像只有彼此能踏入，出来营业就一起，神隐消失也一起！这种自成结界般的同步消失术，主打一个要见一起见，要跑一起跑。最狠的是，他们能做到哄哄大家的心意都同步！很懂怎么让大家满意，你想要的他们都给。总之这样的绑定感真的很有意思！大概想给大家吃到的就是那份“我们连体婴”般的心意相通吧！！#云旗# #郝熠然# https://m.weibo.cn/detail/5246393863116771 || [post 915 粉丝点评/关系记忆表达明确] 吴晶的小窝: 你们这对真的还蛮神奇的，我发现每一次虽然没有完全合，但是其实都在暗戳戳的合。没有单飞局，只有双人行！要么一起出现，要么一起消失。他们的周身氛围好像只有彼此能踏入，出来营业就一起，神隐消失也一起！这种自成结界般的同步消失术，主打一个要见一起见，要跑一起跑。最狠的是，他们能做到哄哄大家的心意都同步！很懂怎么让大家满意，你想要的他们都给。总之这样的绑定感真的很有意思！大概想给大家吃到的就是那份“我们连体婴”般的心意相通吧！！#云旗# #郝熠然# https://m.weibo.cn/detail/5246722570978499 || [post 454 粉丝点评/关系记忆表达明确] ZJ-琑OK云熠: 云熠星河超话💞#云熠星河# “大雾四起遮住了我对你的爱意,我不怪你,怪大雾四起” https://m.weibo.cn/detail/5244795316603216 || [comment 432 粉丝点评/关系记忆表达明确] 关你西红柿haoyun: 我们的爱只向云熠证明 https://m.weibo.cn/detail/5292335262861296 || [post 357 粉丝点评/关系记忆表达明确] AK-蓝栀小葵: 云熠星河超话 樊总你知道你看老婆的眼神满含爱意吗…… LAK-星球小葵的微博视频 ​ https://m.weibo.cn/detail/5243860471255923 || [post 316 粉丝点评/关系记忆表达明确] 雾凇缀满枝: 云熠星河双向奔赴实锤了！云旗郝熠然的互相称呼，每一处细节都戳中小星河的心！作为官方认证，正主亲自认定的CP，云熠相处的细节全是糖点，而互相给对方的称呼更是磕到了！云旗逆龄差直呼熠然，是旁人无法复刻的温柔；郝熠然直面称呼云旗，眼神和语气的默契，体现十足。没有花哨的昵称，没有刻意的炒作，但是二人相互的称呼，诉说了云熠的陪伴，云起流光，熠然生辉，云熠星河的每一声称呼，都是互相奔赴的证明，旗熠青的浪漫，藏在每一次里，温柔又坚定。细节见真心，偏爱藏称呼，小星河们永远为这份双向奔赴心动。 L雾凇缀满枝的微博视频 https://m.weibo.cn/detail/5294967913712548 || [post 277 粉丝点评/关系记忆表达明确] 云间熠火yee_yun: 云熠星河超话 🌌#云旗郝熠然# 在我看来，这是单膝下跪以后又一个名场面！手缓慢向脸颊摸去，像试探一个终于被允许靠近的梦。这一刻世界仿佛静音了，这一刻，爱意有了实体。光影落在脸上，斑驳成影。安静，同样动人！ L云间熠火yee_yun的微博视频 ​ https://m.weibo.cn/detail/5288020964019749"
长情陪伴与共同回忆,51,51,0,38,0,38,当文本没有指向某个具体事件，但明确在说云熠、云旗郝熠然与粉丝之间的回忆、喜欢、陪伴或岁岁年年时，归入这一类。,"[post 21 粉丝点评/关系记忆表达明确] 你就像伦敦的雨yu_: 左奇函超话 zqh#左奇函 一稔初见 破云熠晖# zqh#左奇函反差萌rap担#""对你念念不忘的原因大概是你曾在我的记忆里得过满分""@TF家族-左奇函 ​L微风轻起_左奇函0319的微博视频 ​ https://m.weibo.cn/detail/5250766595953465 || [post 12 粉丝点评/关系记忆表达明确] eternity-___-: #云旗郝熠然 你们保护好自己#大家都要注意安全，要保护好自己！祝大家都可以留有一个美好的回忆呀！ ​ https://m.weibo.cn/detail/5291237122771458 || [post 8 粉丝点评/关系记忆表达明确] 栀千映椿_: 左奇函超话 zqh#左奇函 四代第一rap担# zqh#左奇函 一稔初见 破云熠晖# zqh#左奇函 四代首位rap作词人# “你的身影落在了青春的回忆，充满了美好”＂𝒴𝓸𝓊𝓇 𝒻𝒾𝓰𝓊𝓇𝓮 𝒻𝓮𝓁𝓁 𝒾𝓃 𝓉𝒽𝓮 𝓂𝓮𝓂𝓸𝓇𝒾𝓮@TF家族-左奇函 L告白函数0319丨左奇函的微博视频 https://m.weibo.cn/detail/5243527438011117 || [post 4 粉丝点评/关系记忆表达明确] 邓林初见亦星辰: 普普说的对，小道消息少看。就因为昨晚看了一个up主对【云熠】的分析，我整个人都崩塌了💔，今天一整天都很难过，心痛心痛心很痛，老天到底是爱我的，在我如此忧伤的时候推送了一条箴言，我也释然了一些。无论怎样，@云旗Yunqi @郝熠然 你们带给我的那抹甜是灰色天空下最美的记忆，只愿你们珍惜彼此，不离不弃，不被误会蒙蔽心神，不畏世俗勇敢前行，朋友也好，兄弟也罢，亦或恋人，无愧于天地便可以任何形态于世间。不问将来，无悔当下～ https://m.weibo.cn/detail/5253279168594749 || [post 2 粉丝点评/关系记忆表达明确] 我担把妹王rap: 左奇函超话 zqh#左奇函 fashionfunction# zqh#左奇函 一稔初见 破云熠晖# zqh#左奇函四代首位青年演员# “你的身影落在了青春的回忆，充满了美好”＂𝒴𝓸𝓊𝓇 𝒻𝒾𝓰𝓊𝓇𝓮 𝒻𝓮𝓁𝓁 𝒾𝓃 𝓉𝒽𝓮 𝓂𝓮𝓂𝓸𝓇𝒾𝓮𝓈 𝓸𝒻 𝓎𝓸𝓊𝓉𝒽, 𝒻𝓊𝓁𝓁 𝓸𝒻 𝒷𝓮𝒶𝓊𝓉𝒾𝒻𝓊𝓁.""@TF家族-左奇函 https://m.weibo.cn/detail/5245851264093655 || [post 2 粉丝点评/关系记忆表达明确] 腰间有颗痣_: 左奇函超话 zqh#左奇函 一稔初见 破云熠晖# zqh#左奇函 反差萌rap担#“总希望你是我的独家记忆 可是我却清楚的记得 你是很多人的唯一”@TF家族-左奇函http://t.cn/A60TT29T ​ https://m.weibo.cn/detail/5246773015614461 || [post 1 粉丝点评/关系记忆表达明确] 奇Qi酱: 左奇函超话 💙#左奇函 四代唯一all蓝# 💙#左奇函 一稔初见 破云熠晖# 💙#左奇函四代首位青年演员# “你的身影落在了青春的回忆，充满了美好”＂𝒴𝓸𝓊𝓇 𝒻𝒾𝓰𝓊𝓇𝓮 𝒻𝓮𝓁𝓁 𝒾𝓃 𝓉𝒽𝓮 𝓂𝓮𝓂𝓸𝓇𝒾𝓮𝓈 𝓸𝒻 𝓎𝓸𝓊𝓉𝒽, 𝒻𝓊𝓁𝓁 𝓸𝒻 𝒷𝓮𝒶𝓊𝓉𝒾𝒻𝓊𝓁.""@TF家族-左奇函 https://m.weibo.cn/detail/5242422768435991 || [post 1 粉丝点评/关系记忆表达明确] 萌鼠小呆qi: 左奇函超话 💙#左奇函 反差萌rap担#💙#左奇函 一稔初见 破云熠晖#💙“你的身影落在了青春的回忆，充满了美好”＂𝒴𝓸𝓊𝓇 𝒻𝒾𝓰𝓊𝓇𝓮 𝒻𝓮𝓁𝓁 𝒾𝓃 𝓉𝒽𝓮 𝓂𝓮𝓂𝓸𝓇𝒾𝓮@TF家族-左奇函 L微风轻起_左奇函0319的微博视频 ​ https://m.weibo.cn/detail/5244603714503205 || [post 0 粉丝点评/关系记忆表达明确] 萌鼠折千: 左奇函超话 zqh#左奇函 一稔初见 破云熠晖# zqh#左奇函反差萌rap担#""对你念念不忘的原因大概是你曾在我的记忆里得过满分""@TF家族-左奇函 ​L原点丨左奇函的微博视频 ​ https://m.weibo.cn/detail/5239167531616471 || [post 0 粉丝点评/关系记忆表达明确] 跟萌扁比的话宇宙很一般: 左奇函超话 zqh#左奇函 一稔初见 破云熠晖# zqh#左奇函反差萌rap担#""对你念念不忘的原因大概是你曾在我的记忆里得过满分""@TF家族-左奇函 ​ https://m.weibo.cn/detail/5239165950104055 || [post 0 粉丝点评/关系记忆表达明确] 吾家有萌鼠: 左奇函超话 zqh#左奇函 一稔初见 破云熠晖# zqh#左奇函反差萌rap担#""对你念念不忘的原因大概是你曾在我的记忆里得过满分""@TF家族-左奇函 ​ https://m.weibo.cn/detail/5239527868470050 || [post 0 粉丝点评/关系记忆表达明确] 煎蛋在冒泡coc: 左奇函超话 zqh#左奇函 一稔初见 破云熠晖# zqh#左奇函反差萌rap担#""对你念念不忘的原因大概是你曾在我的记忆里得过满分""@TF家族-左奇函 ​L任意门丨左奇函的微博视频 ​ https://m.weibo.cn/detail/5239897822331639"
