rank,cluster_id,representative_pic_id,pic_ids,pic_count,total_likes,post_likes,comment_likes,post_like_source_count,comment_source_count,source_note_count,width,height,large_url,url,sample_note_url,sample_text,source_keywords,top_evidence,representative_local_path,image_name
1,vc0001,6816b8e1ly1fjttrh096tj20go11y0xd,6816b8e1ly1fjttrh096tj20go11y0xd,1,809,809,0,1,0,1,600,1366,https://wx4.sinaimg.cn/mw2000/6816b8e1ly1fjttrh096tj20go11y0xd.jpg,https://wx4.sinaimg.cn/orj360/6816b8e1ly1fjttrh096tj20go11y0xd.jpg,https://m.weibo.cn/detail/4155256805871427,#黄婷婷##黑夜女神黄婷婷# 黑夜女神-SNH48-黄婷婷 [每日一画]你最棒了!!!!!!!!!!!!!!! @SNH48-黄婷婷,黄婷婷 黑夜女神,[single_image_post 809 strong_image_keyword] #黄婷婷##黑夜女神黄婷婷# 黑夜女神-SNH48-黄婷婷 [每日一画]你最棒了!!!!!!!!!!!!!!! @SNH48-黄婷婷 https://m.weibo.cn/detail/4155256805871427,data/weibo_huangtingting_image_assets/analysis/top_images/files/015_6816b8e1ly1fjttrh096tj20go11y0xd.jpg,top01_vc0001_6816b8e1ly1fjttrh096tj20go11y0xd.jpg
2,vc0002,6816b8e1ly1g5h3aq4cn6j20ku0kugpq,6816b8e1ly1g5h3aq4cn6j20ku0kugpq,1,743,743,0,2,0,2,750,750,https://wx4.sinaimg.cn/mw2000/6816b8e1ly1g5h3aq4cn6j20ku0kugpq.jpg,https://wx4.sinaimg.cn/orj360/6816b8e1ly1g5h3aq4cn6j20ku0kugpq.jpg,https://m.weibo.cn/detail/4399523000408433,黄婷婷 [每日一画]我们小踢晚安 @SNH48-黄婷婷,,[single_image_post 668 strong_image_keyword] 黄婷婷 [每日一画]我们小踢晚安 @SNH48-黄婷婷 https://m.weibo.cn/detail/4399523000408433 || [single_image_post 75 strong_image_keyword] 黄婷婷#初心不改黄婷婷# 晚安啦，我们的宝贝@SNH48-黄婷婷 黄婷婷 [每日一画]我们小踢晚安 @SNH48-黄婷婷 https://m.weibo.cn/detail/4399523922854647,data/weibo_huangtingting_image_assets/analysis/top_images/files/046_6816b8e1ly1g5h3aq4cn6j20ku0kugpq.jpg,top02_vc0002_6816b8e1ly1g5h3aq4cn6j20ku0kugpq.jpg
3,vc0003,6816b8e1gy1g4pcizkllrj20jg0jgtc2,6816b8e1gy1g4pcizkllrj20jg0jgtc2,1,661,661,0,1,0,1,700,700,https://wx3.sinaimg.cn/mw2000/6816b8e1gy1g4pcizkllrj20jg0jgtc2.jpg,https://wx3.sinaimg.cn/orj360/6816b8e1gy1g4pcizkllrj20jg0jgtc2.jpg,https://m.weibo.cn/detail/4390826342338168,黄婷婷#黄婷婷我家那小子# [每日一画]我们大眼踢踢仔 @SNH48-黄婷婷,,[single_image_post 661 strong_image_keyword] 黄婷婷#黄婷婷我家那小子# [每日一画]我们大眼踢踢仔 @SNH48-黄婷婷 https://m.weibo.cn/detail/4390826342338168,data/weibo_huangtingting_image_assets/analysis/top_images/files/053_6816b8e1gy1g4pcizkllrj20jg0jgtc2.jpg,top03_vc0003_6816b8e1gy1g4pcizkllrj20jg0jgtc2.jpg
4,vc0004,656c5467gy1fm9hy9hfizj20xn0mfdug,656c5467gy1fm9hy9hfizj20xn0mfdug,1,642,642,0,1,0,1,1211,807,https://wx2.sinaimg.cn/mw2000/656c5467gy1fm9hy9hfizj20xn0mfdug.jpg,https://wx2.sinaimg.cn/orj360/656c5467gy1fm9hy9hfizj20xn0mfdug.jpg,https://m.weibo.cn/detail/4182738191387891,#黄婷婷##素手遮天黄婷婷# 浦东机场接机返图 很欢乐的气氛,黄婷婷 机场,[single_image_post 642 strong_image_keyword] #黄婷婷##素手遮天黄婷婷# 浦东机场接机返图 很欢乐的气氛 https://m.weibo.cn/detail/4182738191387891,data/weibo_huangtingting_image_assets/analysis_strict_memory_final/top_images/files/001_656c5467gy1fm9hy9hfizj20xn0mfdug.jpg,top04_vc0004_656c5467gy1fm9hy9hfizj20xn0mfdug.jpg
5,vc0005,6816b8e1gy1gd9w7uf5a1j20jg0jg77b,6816b8e1gy1gd9w7uf5a1j20jg0jg77b,1,573,573,0,1,0,1,700,700,https://wx2.sinaimg.cn/mw2000/6816b8e1gy1gd9w7uf5a1j20jg0jg77b.jpg,https://wx2.sinaimg.cn/orj360/6816b8e1gy1gd9w7uf5a1j20jg0jg77b.jpg,https://m.weibo.cn/detail/4487542227017779,黄婷婷 [每日一画]是弹吉他踢！ @titi黄_,,[single_image_post 573 strong_image_keyword] 黄婷婷 [每日一画]是弹吉他踢！ @titi黄_ https://m.weibo.cn/detail/4487542227017779,data/weibo_huangtingting_image_assets/analysis/top_images/files/068_6816b8e1gy1gd9w7uf5a1j20jg0jg77b.jpg,top05_vc0005_6816b8e1gy1gd9w7uf5a1j20jg0jg77b.jpg
6,vc0006,6816b8e1gy1g11kqmhc2tj20jg0jgq5q,6816b8e1gy1g11kqmhc2tj20jg0jgq5q,1,542,542,0,1,0,1,700,700,https://wx1.sinaimg.cn/mw2000/6816b8e1gy1g11kqmhc2tj20jg0jgq5q.jpg,https://wx1.sinaimg.cn/orj360/6816b8e1gy1g11kqmhc2tj20jg0jgq5q.jpg,https://m.weibo.cn/detail/4349522668657990,黄婷婷 #倩碧iD大使黄婷婷# [每日一画]酷酷小踢 @SNH48-黄婷婷,,[single_image_post 542 strong_image_keyword] 黄婷婷 #倩碧iD大使黄婷婷# [每日一画]酷酷小踢 @SNH48-黄婷婷 https://m.weibo.cn/detail/4349522668657990,data/weibo_huangtingting_image_assets/analysis/top_images/files/072_6816b8e1gy1g11kqmhc2tj20jg0jgq5q.jpg,top06_vc0006_6816b8e1gy1g11kqmhc2tj20jg0jgq5q.jpg
7,vc0007,006fXe6Ogy1fo3rd5qxtbj315o0rs4qq,006fXe6Ogy1fo3rd5qxtbj315o0rs4qq 006ZvaeYly1i4aheq5c84j30u00jzae1,2,492,492,0,3,0,3,1500,1000,https://wx3.sinaimg.cn/mw2000/006fXe6Ogy1fo3rd5qxtbj315o0rs4qq.jpg,https://wx3.sinaimg.cn/orj360/006fXe6Ogy1fo3rd5qxtbj315o0rs4qq.jpg,https://m.weibo.cn/detail/4203508393768648,#黄婷婷# 180203 SNH48金曲大赏 返图9P@SNH48-黄婷婷,黄婷婷 神图 | 黄婷婷 绝美 | 黄婷婷 返图,[post_ref_p9 466 strong_image_keyword] #黄婷婷# 180203 SNH48金曲大赏 返图9P@SNH48-黄婷婷 https://m.weibo.cn/detail/4203508393768648 || [single_image_post 26 strong_image_keyword] 黄婷婷 求助。 想要这场光轨的其她神图，还有这张图是谁出的啊，太喜欢了。 https://m.weibo.cn/detail/5198646901474417 || [post_ref_p9 0 strong_image_keyword] #一心一意黄婷婷##一生有你黄婷婷#最后那张真的是绝了！！飞扬起的裙摆绝美绝赞！！还有“紫光”护佑犹如漫画中的酷帅场景棒呆！！ #黄婷婷# 180203 SNH48金曲大赏 返图9P@SNH48-黄婷婷 https://m.weibo.cn/detail/4203804263587075,data/weibo_huangtingting_image_assets/analysis_strict_memory_final/top_images/files/002_006fXe6Ogy1fo3rd5qxtbj315o0rs4qq.jpg,top07_vc0007_006fXe6Ogy1fo3rd5qxtbj315o0rs4qq.jpg
8,vc0008,656c5467gy1fm9lp8fgvsj23hv2bxnpe,656c5467gy1fm9lp8fgvsj23hv2bxnpe,1,428,428,0,1,0,1,2048,1365,https://wx1.sinaimg.cn/mw2000/656c5467gy1fm9lp8fgvsj23hv2bxnpe.jpg,https://wx1.sinaimg.cn/orj360/656c5467gy1fm9lp8fgvsj23hv2bxnpe.jpg,https://m.weibo.cn/detail/4182770932046854,#黄婷婷##30天安利黄婷婷# 171208 浦东机场接机返图 @SNH48-黄婷婷,黄婷婷 机场,[single_image_post 428 strong_image_keyword] #黄婷婷##30天安利黄婷婷# 171208 浦东机场接机返图 @SNH48-黄婷婷 https://m.weibo.cn/detail/4182770932046854,data/weibo_huangtingting_image_assets/analysis_strict_memory_final/top_images/files/003_656c5467gy1fm9lp8fgvsj23hv2bxnpe.jpg,top08_vc0008_656c5467gy1fm9lp8fgvsj23hv2bxnpe.jpg
9,vc0009,4c7f471cgw1f9ona3ct0aj21161jrx6q,4c7f471cgw1f9ona3ct0aj21161jrx6q,1,424,424,0,1,0,1,1338,2007,https://ww4.sinaimg.cn/mw2000/4c7f471cgw1f9ona3ct0aj21161jrx6q.jpg,https://ww4.sinaimg.cn/orj360/4c7f471cgw1f9ona3ct0aj21161jrx6q.jpg,https://m.weibo.cn/detail/4040788768141865,#李艺彤##黄婷婷# 11月11日 深圳 SNH48 2016猫女王加冕盛典 高清图9p,黄婷婷 高清,[post_ref_p9 424 strong_image_keyword] #李艺彤##黄婷婷# 11月11日 深圳 SNH48 2016猫女王加冕盛典 高清图9p https://m.weibo.cn/detail/4040788768141865,data/weibo_huangtingting_image_assets/analysis_strict_memory_final/top_images/files/004_4c7f471cgw1f9ona3ct0aj21161jrx6q.jpg,top09_vc0009_4c7f471cgw1f9ona3ct0aj21161jrx6q.jpg
10,vc0010,006fXe6Ogy1fo2hml4l6aj30rs15o4qp,006fXe6Ogy1fo2hml4l6aj30rs15o4qp,1,366,366,0,1,0,1,1000,1500,https://wx4.sinaimg.cn/mw2000/006fXe6Ogy1fo2hml4l6aj30rs15o4qp.jpg,https://wx4.sinaimg.cn/orj360/006fXe6Ogy1fo2hml4l6aj30rs15o4qp.jpg,https://m.weibo.cn/detail/4203110060471940,#黄婷婷# 180202 五周年纪念演唱会 返图7P@SNH48-黄婷婷,黄婷婷 返图,[post_ref_p7 366 strong_image_keyword] #黄婷婷# 180202 五周年纪念演唱会 返图7P@SNH48-黄婷婷 https://m.weibo.cn/detail/4203110060471940,data/weibo_huangtingting_image_assets/analysis_strict_memory_final/top_images/files/005_006fXe6Ogy1fo2hml4l6aj30rs15o4qp.jpg,top10_vc0010_006fXe6Ogy1fo2hml4l6aj30rs15o4qp.jpg
11,vc0011,00654gxwgy1fk6okqe5e7j30ku1127k1,00654gxwgy1fk6okqe5e7j30ku1127k1,1,363,363,0,1,0,1,750,1334,https://wx2.sinaimg.cn/mw2000/00654gxwgy1fk6okqe5e7j30ku1127k1.jpg,https://wx2.sinaimg.cn/orj360/00654gxwgy1fk6okqe5e7j30ku1127k1.jpg,https://m.weibo.cn/detail/4159289075820047,#黄婷婷##黄婷婷超级网剧大鼻子情圣# 171004 虹桥机场接机 在这个团圆的日子里，主页是和我的哥哥一起度过的。开心！满足！激动！！兴奋到模糊 【图4为视频截图】 @SNH48-黄婷婷 #黑夜女神-SNH48-黄婷婷[音乐]#,黄婷婷 机场,[post_ref_p4 363 explicit_image_visual_or_memory] #黄婷婷##黄婷婷超级网剧大鼻子情圣# 171004 虹桥机场接机 在这个团圆的日子里，主页是和我的哥哥一起度过的。开心！满足！激动！！兴奋到模糊 【图4为视频截图】 @SNH48-黄婷婷 #黑夜女神-SNH48-黄婷婷[音乐]# https://m.weibo.cn/detail/4159289075820047,data/weibo_huangtingting_image_assets/analysis_strict_memory_final/top_images/files/006_00654gxwgy1fk6okqe5e7j30ku1127k1.jpg,top11_vc0011_00654gxwgy1fk6okqe5e7j30ku1127k1.jpg
12,vc0012,6816b8e1ly1fjg2nsah99j20i20fxta1,6816b8e1ly1fjg2nsah99j20i20fxta1,1,353,353,0,1,0,1,650,573,https://wx2.sinaimg.cn/mw2000/6816b8e1ly1fjg2nsah99j20i20fxta1.jpg,https://wx2.sinaimg.cn/orj360/6816b8e1ly1fjg2nsah99j20i20fxta1.jpg,https://m.weibo.cn/detail/4150945888025217,#黄婷婷#[音乐]#黑夜女神黄婷婷# [每日一画]黄婷婷煮粉丝.还没睡的先来下锅吧.,黄婷婷 黑夜女神,[single_image_post 353 strong_image_keyword] #黄婷婷#[音乐]#黑夜女神黄婷婷# [每日一画]黄婷婷煮粉丝.还没睡的先来下锅吧. https://m.weibo.cn/detail/4150945888025217,data/weibo_huangtingting_image_assets/analysis/top_images/files/037_6816b8e1ly1fjg2nsah99j20i20fxta1.jpg,top12_vc0012_6816b8e1ly1fjg2nsah99j20i20fxta1.jpg
13,vc0013,659ded68ly1fuudowp4qsj23gg2ayb2f,659ded68ly1fuudowp4qsj23gg2ayb2f,1,275,275,0,1,0,1,2048,1365,https://wx1.sinaimg.cn/mw2000/659ded68ly1fuudowp4qsj23gg2ayb2f.jpg,https://wx1.sinaimg.cn/orj360/659ded68ly1fuudowp4qsj23gg2ayb2f.jpg,https://m.weibo.cn/detail/4279560780164145,黄婷婷#黄婷婷0908生日快乐# 【180728 第五届年度总决选】返图9P 跳动的世界里找你的频率 @SNH48-黄婷婷,,[post_ref_p9 275 strong_image_keyword] 黄婷婷#黄婷婷0908生日快乐# 【180728 第五届年度总决选】返图9P 跳动的世界里找你的频率 @SNH48-黄婷婷 https://m.weibo.cn/detail/4279560780164145,data/weibo_huangtingting_image_assets/analysis_strict_memory_final/top_images/files/007_659ded68ly1fuudowp4qsj23gg2ayb2f.jpg,top13_vc0013_659ded68ly1fuudowp4qsj23gg2ayb2f.jpg
14,vc0014,008IB0kxgy1ibvu4k4n36j31jk2b61c7,008IB0kxgy1ibvu4k4n36j31jk2b61c7,1,232,232,0,1,0,1,2000,2994,https://wx1.sinaimg.cn/mw2000/008IB0kxgy1ibvu4k4n36j31jk2b61c7.jpg,https://wx1.sinaimg.cn/orj360/008IB0kxgy1ibvu4k4n36j31jk2b61c7.jpg,https://m.weibo.cn/detail/5284330852058055,919/ 【黄糖】今天看超越班那个综艺的介绍部分，阿黄的ppt里，有一张饭拍图背后看起来是大脸猫。找到了原图和视频（第二届金曲n队面包与奶油），确实是黄糖！虽然可能只是巧合，但是总之，我们双生花甜甜甜！,黄婷婷 饭拍,[post_ref_p1 232 strong_image_keyword] 919/ 【黄糖】今天看超越班那个综艺的介绍部分，阿黄的ppt里，有一张饭拍图背后看起来是大脸猫。找到了原图和视频（第二届金曲n队面包与奶油），确实是黄糖！虽然可能只是巧合，但是总之，我们双生花甜甜甜！ https://m.weibo.cn/detail/5284330852058055,data/weibo_huangtingting_image_assets/analysis_strict_memory_final/top_images/files/008_008IB0kxgy1ibvu4k4n36j31jk2b61c7.jpg,top14_vc0014_008IB0kxgy1ibvu4k4n36j31jk2b61c7.jpg
15,vc0015,0086r8n6gy1ialgnagexbj33h03h0npe,0086r8n6gy1ialgnagexbj33h03h0npe,1,228,228,0,2,0,2,2048,2048,https://wx3.sinaimg.cn/mw2000/0086r8n6gy1ialgnagexbj33h03h0npe.jpg,https://wx3.sinaimg.cn/orj360/0086r8n6gy1ialgnagexbj33h03h0npe.jpg,https://m.weibo.cn/detail/5269794464728158,黄婷婷 💛#黄婷婷被隐匿的真相# 每日一萌婷（捡到一张证件照՞〃'ᜊ'〃՞,,[post_ref_p1 227 strong_image_keyword] 黄婷婷 💛#黄婷婷被隐匿的真相# 每日一萌婷（捡到一张证件照՞〃'ᜊ'〃՞ https://m.weibo.cn/detail/5269794464728158 || [post_ref_p1 1 strong_image_keyword] 这张黄婷婷好可爱呀哈哈哈哈 黄婷婷 💛#黄婷婷被隐匿的真相# 每日一萌婷（捡到一张证件照՞〃'ᜊ'〃՞ https://m.weibo.cn/detail/5269815851745303,data/weibo_huangtingting_image_assets/analysis_strict_memory_final/top_images/files/009_0086r8n6gy1ialgnagexbj33h03h0npe.jpg,top15_vc0015_0086r8n6gy1ialgnagexbj33h03h0npe.jpg
16,vc0016,91e4dd50gy1fjv0f4oreij20e50jvtan,91e4dd50gy1fjv0f4oreij20e50jvtan,1,192,192,0,1,0,1,509,715,https://wx3.sinaimg.cn/mw2000/91e4dd50gy1fjv0f4oreij20e50jvtan.jpg,https://wx3.sinaimg.cn/orj360/91e4dd50gy1fjv0f4oreij20e50jvtan.jpg,https://m.weibo.cn/detail/4155629377536128,"借着上一条微博东风来瞎吹吹黄婷婷的腿吧，前天和朋友讨论黄婷婷的腿。说htt的腿不是一麻溜瘦下来然后大腿小腿分不清的竹竿那种。 她腿瘦，但是不是干瘦,是会觉得好看、纤细，但不会觉得不健康。 “htt的小腿纤细但往上到大腿又圆润有弧度” 然后为了看她到底是不是小腿比大腿长。。。我做了后三张图 ...全文",,"[post_ref_p3 192 explicit_image_visual_or_memory] 借着上一条微博东风来瞎吹吹黄婷婷的腿吧，前天和朋友讨论黄婷婷的腿。说htt的腿不是一麻溜瘦下来然后大腿小腿分不清的竹竿那种。 她腿瘦，但是不是干瘦,是会觉得好看、纤细，但不会觉得不健康。 “htt的小腿纤细但往上到大腿又圆润有弧度” 然后为了看她到底是不是小腿比大腿长。。。我做了后三张图 ...全文 https://m.weibo.cn/detail/4155629377536128",data/weibo_huangtingting_image_assets/analysis_strict_memory_final/top_images/files/012_91e4dd50gy1fjv0f4oreij20e50jvtan.jpg,top16_vc0016_91e4dd50gy1fjv0f4oreij20e50jvtan.jpg
17,vc0017,006fXe6Ogy1fbuuavrxujj30rs15owox,006fXe6Ogy1fbuuavrxujj30rs15owox,1,191,191,0,1,0,1,1000,1500,https://wx3.sinaimg.cn/mw2000/006fXe6Ogy1fbuuavrxujj30rs15owox.jpg,https://wx3.sinaimg.cn/orj360/006fXe6Ogy1fbuuavrxujj30rs15owox.jpg,https://m.weibo.cn/detail/4065299453810503,#SNH48黄婷婷# #黄婷婷逆袭之星途璀璨# 170116 微博之夜 红毯 返图9P @SNH48-黄婷婷 站内网页链接,黄婷婷 红毯,[post_ref_p9 191 strong_image_keyword] #SNH48黄婷婷# #黄婷婷逆袭之星途璀璨# 170116 微博之夜 红毯 返图9P @SNH48-黄婷婷 站内网页链接 https://m.weibo.cn/detail/4065299453810503,data/weibo_huangtingting_image_assets/analysis_strict_memory_final/top_images/files/013_006fXe6Ogy1fbuuavrxujj30rs15owox.jpg,top17_vc0017_006fXe6Ogy1fbuuavrxujj30rs15owox.jpg
18,vc0018,f1264ed6gy1i9ri74s03wj21jk22xkjl,f1264ed6gy1i9ri74s03wj21jk22xkjl,1,191,191,0,1,0,1,2000,2697,https://wx1.sinaimg.cn/mw2000/f1264ed6gy1i9ri74s03wj21jk22xkjl.jpg,https://wx1.sinaimg.cn/orj360/f1264ed6gy1i9ri74s03wj21jk22xkjl.jpg,https://m.weibo.cn/detail/5260404868780033,黄婷婷 用新杂志试着摸一张安利图 帅帅帅 #黄婷婷被隐匿的真相#,,[single_image_post 191 strong_image_keyword] 黄婷婷 用新杂志试着摸一张安利图 帅帅帅 #黄婷婷被隐匿的真相# https://m.weibo.cn/detail/5260404868780033,data/weibo_huangtingting_image_assets/analysis_strict_memory_final/top_images/files/014_f1264ed6gy1i9ri74s03wj21jk22xkjl.jpg,top18_vc0018_f1264ed6gy1i9ri74s03wj21jk22xkjl.jpg
19,vc0019,006Q5y4Vly1ftvn0iaz6xj30l0121don,006Q5y4Vly1ftvn0iaz6xj30l0121don,1,188,188,0,1,0,1,756,1369,https://wx1.sinaimg.cn/mw2000/006Q5y4Vly1ftvn0iaz6xj30l0121don.jpg,https://wx1.sinaimg.cn/orj360/006Q5y4Vly1ftvn0iaz6xj30l0121don.jpg,https://m.weibo.cn/detail/4268670399707748,"黄婷婷#五载涅槃,浴火为黄# 修图9P 手机壁纸/头像/微博背景 是可爱的黄婷婷！@SNH48-黄婷婷 图—禁止二改/转发注明 （原图:@HTTimes-黄婷婷个站 ）",黄婷婷 壁纸,"[post_ref_p9 188 strong_image_keyword] 黄婷婷#五载涅槃,浴火为黄# 修图9P 手机壁纸/头像/微博背景 是可爱的黄婷婷！@SNH48-黄婷婷 图—禁止二改/转发注明 （原图:@HTTimes-黄婷婷个站 ） https://m.weibo.cn/detail/4268670399707748",data/weibo_huangtingting_image_assets/analysis_strict_memory_final/top_images/files/015_006Q5y4Vly1ftvn0iaz6xj30l0121don.jpg,top19_vc0019_006Q5y4Vly1ftvn0iaz6xj30l0121don.jpg
20,vc0020,939e1f0ely1g7wgdoqfusj20g40c375m,939e1f0ely1g7wgdoqfusj20g40c375m,1,183,183,0,1,0,1,580,435,https://wx3.sinaimg.cn/mw2000/939e1f0ely1g7wgdoqfusj20g40c375m.jpg,https://wx3.sinaimg.cn/orj360/939e1f0ely1g7wgdoqfusj20g40c375m.jpg,https://m.weibo.cn/detail/4426907808403573,黄婷婷 晃挺挺你这个大直男（小淘气） 图一：想象中的合影 图二：实际的合影 算了看在你这么好看的份上 你好看你说了算,,[post_ref_p1 183 explicit_image_visual_or_memory] 黄婷婷 晃挺挺你这个大直男（小淘气） 图一：想象中的合影 图二：实际的合影 算了看在你这么好看的份上 你好看你说了算 https://m.weibo.cn/detail/4426907808403573,data/weibo_huangtingting_image_assets/analysis_strict_memory_final/top_images/files/016_939e1f0ely1g7wgdoqfusj20g40c375m.jpg,top20_vc0020_939e1f0ely1g7wgdoqfusj20g40c375m.jpg
21,vc0021,006jCwZAly1g7wgj55z2pj30u00u0tco,006jCwZAly1g7wgj55z2pj30u00u0tco,1,180,180,0,1,0,1,1080,1080,https://wx4.sinaimg.cn/mw2000/006jCwZAly1g7wgj55z2pj30u00u0tco.jpg,https://wx4.sinaimg.cn/orj360/006jCwZAly1g7wgj55z2pj30u00u0tco.jpg,https://m.weibo.cn/detail/4426909028833832,黄婷婷 我：婷婷，你酷一点 TT:好 拍完之后，说了谢谢，然后婷婷给我很甜的说了声拜拜 啊，我死了，终于和你有了第一张合照，外地粉丝不容易呀,,[single_image_post 180 strong_image_keyword] 黄婷婷 我：婷婷，你酷一点 TT:好 拍完之后，说了谢谢，然后婷婷给我很甜的说了声拜拜 啊，我死了，终于和你有了第一张合照，外地粉丝不容易呀 https://m.weibo.cn/detail/4426909028833832,data/weibo_huangtingting_image_assets/analysis_strict_memory_final/top_images/files/017_006jCwZAly1g7wgj55z2pj30u00u0tco.jpg,top21_vc0021_006jCwZAly1g7wgj55z2pj30u00u0tco.jpg
22,vc0022,005URZvXgy1foyv9octjkj32b13gg7wi,005URZvXgy1foyv9octjkj32b13gg7wi,1,179,179,0,1,0,1,2048,3069,https://wx1.sinaimg.cn/mw2000/005URZvXgy1foyv9octjkj32b13gg7wi.jpg,https://wx1.sinaimg.cn/orj360/005URZvXgy1foyv9octjkj32b13gg7wi.jpg,https://m.weibo.cn/detail/4213259576285956,#黄婷婷##SNH48年度金曲大赏# 人鱼【返图3】20180203 @SNH48-黄婷婷,黄婷婷 返图,[post_ref_p3 179 strong_image_keyword] #黄婷婷##SNH48年度金曲大赏# 人鱼【返图3】20180203 @SNH48-黄婷婷 https://m.weibo.cn/detail/4213259576285956,data/weibo_huangtingting_image_assets/analysis_strict_memory_final/top_images/files/018_005URZvXgy1foyv9octjkj32b13gg7wi.jpg,top22_vc0022_005URZvXgy1foyv9octjkj32b13gg7wi.jpg
24,vc0024,006zjVIaly1g5jba4aeumj31rh2js7wh,006zjVIaly1g5jba4aeumj31rh2js7wh,1,154,154,0,1,0,1,2048,2961,https://wx2.sinaimg.cn/mw2000/006zjVIaly1g5jba4aeumj31rh2js7wh.jpg,https://wx2.sinaimg.cn/orj360/006zjVIaly1g5jba4aeumj31rh2js7wh.jpg,https://m.weibo.cn/detail/4400219381183679,【总选返图】 黄婷婷 夏了夏天 学姐好 @SNH48-黄婷婷,,[single_image_post 154 strong_image_keyword] 【总选返图】 黄婷婷 夏了夏天 学姐好 @SNH48-黄婷婷 https://m.weibo.cn/detail/4400219381183679,data/weibo_huangtingting_image_assets/analysis_strict_memory_final/top_images/files/020_006zjVIaly1g5jba4aeumj31rh2js7wh.jpg,top23_vc0024_006zjVIaly1g5jba4aeumj31rh2js7wh.jpg
25,vc0025,0088bHgsly1icjhwko2usj30u01917af,0088bHgsly1icjhwko2usj30u01917af,1,148,148,0,1,0,1,1080,1621,https://wx2.sinaimg.cn/mw2000/0088bHgsly1icjhwko2usj30u01917af.jpg,https://wx2.sinaimg.cn/orj360/0088bHgsly1icjhwko2usj30u01917af.jpg,https://m.weibo.cn/detail/5291747433254514,黄婷婷 原图作者@蓝蓝藻 哈哈哈哈哈婷婷是怎么做到这么美的同时还又萌又媚又莫名搞笑的,黄婷婷 粉丝,[single_image_post 148 strong_image_keyword] 黄婷婷 原图作者@蓝蓝藻 哈哈哈哈哈婷婷是怎么做到这么美的同时还又萌又媚又莫名搞笑的 https://m.weibo.cn/detail/5291747433254514,data/weibo_huangtingting_image_assets/analysis_strict_memory_final/top_images/files/021_0088bHgsly1icjhwko2usj30u01917af.jpg,top24_vc0025_0088bHgsly1icjhwko2usj30u01917af.jpg
26,vc0026,006fXe6Ogy1fn1h5ft6jqj315o0rs7wh,006fXe6Ogy1fn1h5ft6jqj315o0rs7wh,1,148,148,0,1,0,1,1500,1000,https://wx2.sinaimg.cn/mw2000/006fXe6Ogy1fn1h5ft6jqj315o0rs7wh.jpg,https://wx2.sinaimg.cn/orj360/006fXe6Ogy1fn1h5ft6jqj315o0rs7wh.jpg,https://m.weibo.cn/detail/4191508011770974,#黄婷婷# #黄婷婷启航2018# 180101 虹桥机场 返图6P@SNH48-黄婷婷 站内网页链接,黄婷婷 机场,[post_ref_p6 148 strong_image_keyword] #黄婷婷# #黄婷婷启航2018# 180101 虹桥机场 返图6P@SNH48-黄婷婷 站内网页链接 https://m.weibo.cn/detail/4191508011770974,data/weibo_huangtingting_image_assets/analysis_strict_memory_final/top_images/files/022_006fXe6Ogy1fn1h5ft6jqj315o0rs7wh.jpg,top25_vc0026_006fXe6Ogy1fn1h5ft6jqj315o0rs7wh.jpg
28,vc0028,656a17ebgy1g4i7ydhlnjj20u018we82,656a17ebgy1g4i7ydhlnjj20u018we82,1,144,144,0,1,0,1,1080,1616,https://wx2.sinaimg.cn/mw2000/656a17ebgy1g4i7ydhlnjj20u018we82.jpg,https://wx2.sinaimg.cn/orj360/656a17ebgy1g4i7ydhlnjj20u018we82.jpg,https://m.weibo.cn/detail/4388592165786514,我可太喜欢这张了,,[single_image_post 144 explicit_image_visual_or_memory] 我可太喜欢这张了 https://m.weibo.cn/detail/4388592165786514,data/weibo_huangtingting_image_assets/analysis_visual_cluster_10k_v1/cluster_source_images/656a17ebgy1g4i7ydhlnjj20u018we82.jpg,top26_vc0028_656a17ebgy1g4i7ydhlnjj20u018we82.jpg
29,vc0029,006CtFgugy1fcgptlbkiuj31v92iqx6q,006CtFgugy1fcgptlbkiuj31v92iqx6q,1,138,138,0,1,0,1,2048,2762,https://wx3.sinaimg.cn/mw2000/006CtFgugy1fcgptlbkiuj31v92iqx6q.jpg,https://wx3.sinaimg.cn/orj360/006CtFgugy1fcgptlbkiuj31v92iqx6q.jpg,https://m.weibo.cn/detail/4072173805684983,#SNH48黄婷婷# #黄婷婷十三亿分之你# 周一工作日，用婷婷的美图来鼓励一下自己 #SNH48黄婷婷# best50实图6p 假期有时间修图系列,黄婷婷 美图,[post_ref_p6 138 strong_image_keyword] #SNH48黄婷婷# #黄婷婷十三亿分之你# 周一工作日，用婷婷的美图来鼓励一下自己 #SNH48黄婷婷# best50实图6p 假期有时间修图系列 https://m.weibo.cn/detail/4072173805684983,data/weibo_huangtingting_image_assets/analysis_strict_memory_final/top_images/files/023_006CtFgugy1fcgptlbkiuj31v92iqx6q.jpg,top27_vc0029_006CtFgugy1fcgptlbkiuj31v92iqx6q.jpg
30,vc0030,006T87D0gy1g8jx2ckgz4j30ku15odnf,006T87D0gy1g8jx2ckgz4j30ku15odnf,1,138,138,0,5,0,5,750,1500,https://wx3.sinaimg.cn/mw2000/006T87D0gy1g8jx2ckgz4j30ku15odnf.jpg,https://wx3.sinaimg.cn/orj360/006T87D0gy1g8jx2ckgz4j30ku15odnf.jpg,https://m.weibo.cn/detail/4434265582082494,#黄婷婷 人间小辣椒# 你太自私了，每次你发自拍，会有多少人睡不着觉，你不在乎，有多少人饱受相思之痛，你不在乎，有多少人承受着所爱不得之苦，你不在乎，你只在乎你自己，就像我只在乎你一样自私@SNH48-黄婷婷 #黄婷婷 人间小辣椒# 你太自私了，每次你发自拍，会有多少人睡不着觉，你不在乎，有多少人饱受相思之痛，你不在乎，有多少人承受着所爱不得之苦，你不在乎，你只在乎你自己，就像我只在乎你一样自私@SNH48-黄婷婷,黄婷婷 自拍,[single_image_post 138 strong_image_keyword] #黄婷婷 人间小辣椒# 你太自私了，每次你发自拍，会有多少人睡不着觉，你不在乎，有多少人饱受相思之痛，你不在乎，有多少人承受着所爱不得之苦，你不在乎，你只在乎你自己，就像我只在乎你一样自私@SNH48-黄婷婷 https://m.weibo.cn/detail/4434262025383132 || [single_image_post 0 strong_image_keyword] #黄婷婷 人间小辣椒# 你太自私了，每次你发自拍，会有多少人睡不着觉，你不在乎，有多少人饱受相思之痛，你不在乎，有多少人承受着所爱不得之苦，你不在乎，你只在乎你自己，就像我只在乎你一样自私@SNH48-黄婷婷 #黄婷婷 人间小辣椒# 你太自私了，每次你发自拍，会有多少人睡不着觉，你不在乎，有多少人饱受相思之痛，你不在乎，有多少人承受着所爱不得之苦，你不在乎，你只在乎你自己，就像我只在乎你一样自私@SNH48-黄婷婷 https://m.weibo.cn/detail/4434265582082494 || [single_image_post 0 strong_image_keyword] #黄婷婷 人间小辣椒# 你太自私了，每次你发自拍，会有多少人睡不着觉，你不在乎，有多少人饱受相思之痛，你不在乎，有多少人承受着所爱不得之苦，你不在乎，你只在乎你自己，就像我只在乎你一样自私@SNH48-黄婷婷 #黄婷婷 人间小辣椒# 你太自私了，每次你发自拍，会有多少人睡不着觉，你不在乎，有多少人饱受相思之痛，你不在乎，有多少人承受着所爱不得之苦，你不在乎，你只在乎你自己，就像我只在乎你一样自私@SNH48-黄婷婷 https://m.weibo.cn/detail/4434265099795536 || [single_image_post 0 strong_image_keyword] #黄婷婷 人间小辣椒# 你太自私了，每次你发自拍，会有多少人睡不着觉，你不在乎，有多少人饱受相思之痛，你不在乎，有多少人承受着所爱不得之苦，你不在乎，你只在乎你自己，就像我只在乎你一样自私@SNH48-黄婷婷 #黄婷婷 人间小辣椒# 你太自私了，每次你发自拍，会有多少人睡不着觉，你不在乎，有多少人饱受相思之痛，你不在乎，有多少人承受着所爱不得之苦，你不在乎，你只在乎你自己，就像我只在乎你一样自私@SNH48-黄婷婷 https://m.weibo.cn/detail/4434264638361671 || [single_image_post 0 strong_image_keyword] #黄婷婷 人间小辣椒# 你太自私了，每次你发自拍，会有多少人睡不着觉，你不在乎，有多少人饱受相思之痛，你不在乎，有多少人承受着所爱不得之苦，你不在乎，你只在乎你自己，就像我只在乎你一样自私@SNH48-黄婷婷 #黄婷婷 人间小辣椒# 你太自私了，每次你发自拍，会有多少人睡不着觉，你不在乎，有多少人饱受相思之痛，你不在乎，有多少人承受着所爱不得之苦，你不在乎，你只在乎你自己，就像我只在乎你一样自私@SNH48-黄婷婷 https://m.weibo.cn/detail/4434263997243419,data/weibo_huangtingting_image_assets/analysis_strict_memory_final/top_images/files/024_006T87D0gy1g8jx2ckgz4j30ku15odnf.jpg,top28_vc0030_006T87D0gy1g8jx2ckgz4j30ku15odnf.jpg
32,vc0032,006cv1DVly1g2vh8jw7g6j31ua39tu1a,006cv1DVly1g2vh8jw7g6j31ua39tu1a,1,137,137,0,2,0,2,2048,3640,https://wx1.sinaimg.cn/mw2000/006cv1DVly1g2vh8jw7g6j31ua39tu1a.jpg,https://wx1.sinaimg.cn/orj360/006cv1DVly1g2vh8jw7g6j31ua39tu1a.jpg,https://m.weibo.cn/detail/4370180647780529,黄婷婷 🙊 #黄婷婷我家那小子# 20190509.剧场返图6p 是酷帅的崽@SNH48-黄婷婷 @咸味胡萝北- 老父亲来康康【逐渐变红🙊,黄婷婷 返图,[post_ref_p6 137 strong_image_keyword] 黄婷婷 🙊 #黄婷婷我家那小子# 20190509.剧场返图6p 是酷帅的崽@SNH48-黄婷婷 @咸味胡萝北- 老父亲来康康【逐渐变红🙊 https://m.weibo.cn/detail/4370180647780529 || [post_ref_p6 0 strong_image_keyword] #黄婷婷 返图# @SNH48-黄婷婷 黄婷婷 🙊 #黄婷婷我家那小子# 20190509.剧场返图6p 是酷帅的崽@SNH48-黄婷婷 @咸味胡萝北- 老父亲来康康【逐渐变红🙊 https://m.weibo.cn/detail/4370302102406517,data/weibo_huangtingting_image_assets/analysis_strict_memory_final/top_images/files/026_006cv1DVly1g2vh8jw7g6j31ua39tu1a.jpg,top29_vc0032_006cv1DVly1g2vh8jw7g6j31ua39tu1a.jpg
33,vc0033,005URZvXgy1fp3hnqld28j32ku3veu0y,005URZvXgy1fp3hnqld28j32ku3veu0y,1,137,137,0,2,0,2,2048,3075,https://wx4.sinaimg.cn/mw2000/005URZvXgy1fp3hnqld28j32ku3veu0y.jpg,https://wx4.sinaimg.cn/orj360/005URZvXgy1fp3hnqld28j32ku3veu0y.jpg,https://m.weibo.cn/detail/4214715431059174,还有返图耶！！！！好好看！！@SNH48-黄婷婷 #黄婷婷##SNH48年度金曲大赏# Mad World 【返图3】 20180203 @SNH48-黄婷婷 穿着颜色鲜艳的华丽的衣服。那个颜色很适合你!!!,黄婷婷 返图,[post_ref_p3 137 strong_image_keyword] #黄婷婷##SNH48年度金曲大赏# Mad World 【返图3】 20180203 @SNH48-黄婷婷 穿着颜色鲜艳的华丽的衣服。那个颜色很适合你!!! https://m.weibo.cn/detail/4214710129892596 || [post_ref_p3 0 strong_image_keyword] 还有返图耶！！！！好好看！！@SNH48-黄婷婷 #黄婷婷##SNH48年度金曲大赏# Mad World 【返图3】 20180203 @SNH48-黄婷婷 穿着颜色鲜艳的华丽的衣服。那个颜色很适合你!!! https://m.weibo.cn/detail/4214715431059174,data/weibo_huangtingting_image_assets/analysis_strict_memory_final/top_images/files/027_005URZvXgy1fp3hnqld28j32ku3veu0y.jpg,top30_vc0033_005URZvXgy1fp3hnqld28j32ku3veu0y.jpg
34,vc0034,832e07d0gy1fv58g8jqf5j216m1k5x6p,832e07d0gy1fv58g8jqf5j216m1k5x6p,1,134,134,0,1,0,1,1534,2021,https://wx4.sinaimg.cn/mw2000/832e07d0gy1fv58g8jqf5j216m1k5x6p.jpg,https://wx4.sinaimg.cn/orj360/832e07d0gy1fv58g8jqf5j216m1k5x6p.jpg,https://m.weibo.cn/detail/4283026273482340,黄婷婷❤️#时尚教主黄婷婷# 黄婷婷生日会港风限定生写高清扫图9P 我想醉在你的眼里， 就此无尽沉沦下去。#可爱女人[音乐]# @SNH48-黄婷婷,黄婷婷 高清,[post_ref_p9 134 explicit_image_visual_or_memory] 黄婷婷❤️#时尚教主黄婷婷# 黄婷婷生日会港风限定生写高清扫图9P 我想醉在你的眼里， 就此无尽沉沦下去。#可爱女人[音乐]# @SNH48-黄婷婷 https://m.weibo.cn/detail/4283026273482340,data/weibo_huangtingting_image_assets/analysis_visual_cluster_quality_all/cluster_source_images/832e07d0gy1fv58g8jqf5j216m1k5x6p.jpg,top31_vc0034_832e07d0gy1fv58g8jqf5j216m1k5x6p.jpg
35,vc0035,005URZvXgy1g5hqlw5xvfj32tc480e82,005URZvXgy1g5hqlw5xvfj32tc480e82,1,129,129,0,1,0,1,2048,3072,https://wx1.sinaimg.cn/mw2000/005URZvXgy1g5hqlw5xvfj32tc480e82.jpg,https://wx1.sinaimg.cn/orj360/005URZvXgy1g5hqlw5xvfj32tc480e82.jpg,https://m.weibo.cn/detail/4399725895344333,黄婷婷 190727 演唱会 返图3 #SNH48年度总决选##黄婷婷#,,[post_ref_p3 129 strong_image_keyword] 黄婷婷 190727 演唱会 返图3 #SNH48年度总决选##黄婷婷# https://m.weibo.cn/detail/4399725895344333,data/weibo_huangtingting_image_assets/analysis_strict_memory_final/top_images/files/028_005URZvXgy1g5hqlw5xvfj32tc480e82.jpg,top32_vc0035_005URZvXgy1g5hqlw5xvfj32tc480e82.jpg
36,vc0036,005URZvXgy1fou865fcpqj32b03gge82,005URZvXgy1fou865fcpqj32b03gge82,1,125,125,0,1,0,1,2048,3070,https://wx2.sinaimg.cn/mw2000/005URZvXgy1fou865fcpqj32b03gge82.jpg,https://wx2.sinaimg.cn/orj360/005URZvXgy1fou865fcpqj32b03gge82.jpg,https://m.weibo.cn/detail/4211804504713797,#黄婷婷##SNH48年度金曲大赏# 20180203【返图2】 @SNH48-黄婷婷,黄婷婷 返图,[post_ref_p2 125 strong_image_keyword] #黄婷婷##SNH48年度金曲大赏# 20180203【返图2】 @SNH48-黄婷婷 https://m.weibo.cn/detail/4211804504713797,data/weibo_huangtingting_image_assets/analysis_strict_memory_final/top_images/files/029_005URZvXgy1fou865fcpqj32b03gge82.jpg,top33_vc0036_005URZvXgy1fou865fcpqj32b03gge82.jpg
37,vc0037,007Xg5Tsly1i78q740ml3j30jg0objuj,007Xg5Tsly1i78q740ml3j30jg0objuj,1,122,122,0,1,0,1,700,875,https://wx2.sinaimg.cn/mw2000/007Xg5Tsly1i78q740ml3j30jg0objuj.jpg,https://wx2.sinaimg.cn/orj360/007Xg5Tsly1i78q740ml3j30jg0objuj.jpg,https://m.weibo.cn/detail/5231949386091995,黄婷婷 考古看到这张笑了半天… 咋那么萌一只杵在那！！🥺😋,,[single_image_post 122 explicit_image_visual_or_memory] 黄婷婷 考古看到这张笑了半天… 咋那么萌一只杵在那！！🥺😋 https://m.weibo.cn/detail/5231949386091995,data/weibo_huangtingting_image_assets/analysis_strict_memory_final/top_images/files/030_007Xg5Tsly1i78q740ml3j30jg0objuj.jpg,top34_vc0037_007Xg5Tsly1i78q740ml3j30jg0objuj.jpg
38,vc0038,0062vQZIly1hbi42rcelbj32c03401gx,0062vQZIly1hbi42rcelbj32c03401gx,1,121,121,0,1,0,1,2048,2730,https://wx2.sinaimg.cn/mw2000/0062vQZIly1hbi42rcelbj32c03401gx.jpg,https://wx2.sinaimg.cn/orj360/0062vQZIly1hbi42rcelbj32c03401gx.jpg,https://m.weibo.cn/detail/4873789287174025,黄婷婷 原图直出美死了@黄婷婷,黄婷婷 神图,[single_image_post 121 strong_image_keyword] 黄婷婷 原图直出美死了@黄婷婷 https://m.weibo.cn/detail/4873789287174025,data/weibo_huangtingting_image_assets/analysis_strict_memory_final/top_images/files/031_0062vQZIly1hbi42rcelbj32c03401gx.jpg,top35_vc0038_0062vQZIly1hbi42rcelbj32c03401gx.jpg
40,vc0040,005URZvXgy1foqsdrlm5kj31vv2tqe81,005URZvXgy1foqsdrlm5kj31vv2tqe81,1,121,121,0,1,0,1,2048,3069,https://wx3.sinaimg.cn/mw2000/005URZvXgy1foqsdrlm5kj31vv2tqe81.jpg,https://wx3.sinaimg.cn/orj360/005URZvXgy1foqsdrlm5kj31vv2tqe81.jpg,https://m.weibo.cn/detail/4210727130257990,#黄婷婷##SNH48年度金曲大赏# 暴走少女 【返图2】 20180203 @SNH48-黄婷婷,黄婷婷 返图,[post_ref_p2 121 strong_image_keyword] #黄婷婷##SNH48年度金曲大赏# 暴走少女 【返图2】 20180203 @SNH48-黄婷婷 https://m.weibo.cn/detail/4210727130257990,data/weibo_huangtingting_image_assets/analysis_strict_memory_final/top_images/files/033_005URZvXgy1foqsdrlm5kj31vv2tqe81.jpg,top36_vc0040_005URZvXgy1foqsdrlm5kj31vv2tqe81.jpg
41,vc0041,005URZvXgy1g2aeixekbhj356o3ggkjm,005URZvXgy1g2aeixekbhj356o3ggkjm,1,120,120,0,1,0,1,2048,1365,https://wx1.sinaimg.cn/mw2000/005URZvXgy1g2aeixekbhj356o3ggkjm.jpg,https://wx1.sinaimg.cn/orj360/005URZvXgy1g2aeixekbhj356o3ggkjm.jpg,https://m.weibo.cn/detail/4363573008024814,190413 偶像运动会 返图3 笑颜一番黄婷婷 @SNH48-黄婷婷 #SNH48偶像运动会#,,[post_ref_p3 120 strong_image_keyword] 190413 偶像运动会 返图3 笑颜一番黄婷婷 @SNH48-黄婷婷 #SNH48偶像运动会# https://m.weibo.cn/detail/4363573008024814,data/weibo_huangtingting_image_assets/analysis_strict_memory_final/top_images/files/035_005URZvXgy1g2aeixekbhj356o3ggkjm.jpg,top37_vc0041_005URZvXgy1g2aeixekbhj356o3ggkjm.jpg
42,vc0042,006eGjJlly1g91chyke6uj313y1o0npd,006eGjJlly1g91chyke6uj313y1o0npd,1,118,118,0,1,0,1,1438,2160,https://wx1.sinaimg.cn/mw2000/006eGjJlly1g91chyke6uj313y1o0npd.jpg,https://wx1.sinaimg.cn/orj360/006eGjJlly1g91chyke6uj313y1o0npd.jpg,https://m.weibo.cn/detail/4439725148409753,黄婷婷#一生有你黄婷婷# 电影一生有你#电影一生有你# 【控评图】 “可知一生有你 我都陪在你身边” 原图感谢@时汀- 授权 @SNH48-黄婷婷 @titi黄,,[single_image_post 118 strong_image_keyword] 黄婷婷#一生有你黄婷婷# 电影一生有你#电影一生有你# 【控评图】 “可知一生有你 我都陪在你身边” 原图感谢@时汀- 授权 @SNH48-黄婷婷 @titi黄 https://m.weibo.cn/detail/4439725148409753,data/weibo_huangtingting_image_assets/analysis_strict_memory_final/top_images/files/036_006eGjJlly1g91chyke6uj313y1o0npd.jpg,top38_vc0042_006eGjJlly1g91chyke6uj313y1o0npd.jpg
43,vc0043,007vgUDQly1gdrfsnogunj316o16mdpq,007vgUDQly1gdrfsnogunj316o16mdpq,1,110,110,0,1,0,1,1536,1534,https://wx3.sinaimg.cn/mw2000/007vgUDQly1gdrfsnogunj316o16mdpq.jpg,https://wx3.sinaimg.cn/orj360/007vgUDQly1gdrfsnogunj316o16mdpq.jpg,https://m.weibo.cn/detail/4493041912071852,黄婷婷 #黄婷婷营业了同款博也要营业# @titi黄_ 2020.04.12 微博头像更新 耳环｜拍摄《夏日柠檬船》mv时，澳洲手工店购入 耳环破案了#耳环富人黄婷婷#,黄婷婷 头像,[single_image_post 110 strong_image_keyword] 黄婷婷 #黄婷婷营业了同款博也要营业# @titi黄_ 2020.04.12 微博头像更新 耳环｜拍摄《夏日柠檬船》mv时，澳洲手工店购入 耳环破案了#耳环富人黄婷婷# https://m.weibo.cn/detail/4493041912071852,data/weibo_huangtingting_image_assets/analysis_strict_memory_final/top_images/files/038_007vgUDQly1gdrfsnogunj316o16mdpq.jpg,top39_vc0043_007vgUDQly1gdrfsnogunj316o16mdpq.jpg
44,vc0044,008sEjjxly1iccjigqvw0j31i0200tuj,008sEjjxly1iccjigqvw0j31i0200tuj,1,109,109,0,2,0,2,1944,2592,https://wx3.sinaimg.cn/mw2000/008sEjjxly1iccjigqvw0j31i0200tuj.jpg,https://wx3.sinaimg.cn/orj360/008sEjjxly1iccjigqvw0j31i0200tuj.jpg,https://m.weibo.cn/detail/5289567399187851,黄婷婷 🐱#黄婷婷无限超越班# 🎬待播安利图一则 @黄婷婷 专栏 · 低空飞行,黄婷婷 粉丝,[single_image_post 109 strong_image_keyword] 黄婷婷 🐱#黄婷婷无限超越班# 🎬待播安利图一则 @黄婷婷 专栏 · 低空飞行 https://m.weibo.cn/detail/5289567399187851 || [single_image_post 0 strong_image_keyword] 黄婷婷#黄婷婷无限超越班# #黄婷婷# 貌美之！ 黄婷婷 🐱#黄婷婷无限超越班# 🎬待播安利图一则 @黄婷婷 专栏 · 低空飞行 https://m.weibo.cn/detail/5289761969277570,data/weibo_huangtingting_image_assets/analysis_strict_memory_final/top_images/files/039_008sEjjxly1iccjigqvw0j31i0200tuj.jpg,top40_vc0044_008sEjjxly1iccjigqvw0j31i0200tuj.jpg
45,vc0045,006VsGMigy1g1wnnreal9j30qy0nkaxl,006VsGMigy1g1wnnreal9j30qy0nkaxl,1,109,109,0,1,0,1,970,848,https://wx3.sinaimg.cn/mw2000/006VsGMigy1g1wnnreal9j30qy0nkaxl.jpg,https://wx3.sinaimg.cn/orj360/006VsGMigy1g1wnnreal9j30qy0nkaxl.jpg,https://m.weibo.cn/detail/4359263969290586,黄婷婷HTT48 无聊摸的头像 黄少侠：这……这是给你的礼物 转评赞超过10解锁下一个！猜猜会是谁呢～,,[single_image_post 109 strong_image_keyword] 黄婷婷HTT48 无聊摸的头像 黄少侠：这……这是给你的礼物 转评赞超过10解锁下一个！猜猜会是谁呢～ https://m.weibo.cn/detail/4359263969290586,data/weibo_huangtingting_image_assets/analysis_strict_memory_final/top_images/files/040_006VsGMigy1g1wnnreal9j30qy0nkaxl.jpg,top41_vc0045_006VsGMigy1g1wnnreal9j30qy0nkaxl.jpg
46,vc0046,007dfxdogy1gd1dfhwbc6j30yr1ps4qp,007dfxdogy1gd1dfhwbc6j30yr1ps4qp,1,108,108,0,1,0,1,1251,2224,https://wx4.sinaimg.cn/mw2000/007dfxdogy1gd1dfhwbc6j30yr1ps4qp.jpg,https://wx4.sinaimg.cn/orj360/007dfxdogy1gd1dfhwbc6j30yr1ps4qp.jpg,https://m.weibo.cn/detail/4484871386867781,黄婷婷#黄婷婷今天也要开心鸭##黄婷婷 你在哪我们在哪# 据说踢踢崽喜欢蓝色 所以给亲爱的阿黄做了一张蓝色系拼贴壁纸 （第二次做 请hxt轻喷） 温柔的蓝色是婷婷本身,,[single_image_post 108 strong_image_keyword] 黄婷婷#黄婷婷今天也要开心鸭##黄婷婷 你在哪我们在哪# 据说踢踢崽喜欢蓝色 所以给亲爱的阿黄做了一张蓝色系拼贴壁纸 （第二次做 请hxt轻喷） 温柔的蓝色是婷婷本身 https://m.weibo.cn/detail/4484871386867781,data/weibo_huangtingting_image_assets/analysis_strict_memory_final/top_images/files/041_007dfxdogy1gd1dfhwbc6j30yr1ps4qp.jpg,top42_vc0046_007dfxdogy1gd1dfhwbc6j30yr1ps4qp.jpg
47,vc0047,be33c22cly1gmmzbqnhjbj20s817rgxm,be33c22cly1gmmzbqnhjbj20s817rgxm,1,107,107,0,1,0,1,1016,1575,https://wx1.sinaimg.cn/mw2000/be33c22cly1gmmzbqnhjbj20s817rgxm.jpg,https://wx1.sinaimg.cn/orj360/be33c22cly1gmmzbqnhjbj20s817rgxm.jpg,https://m.weibo.cn/detail/4593204677314833,黄婷婷最近工作需要，找到了一张姐姐美图，分享出来，取图dd,黄婷婷 美图,[single_image_post 107 strong_image_keyword] 黄婷婷最近工作需要，找到了一张姐姐美图，分享出来，取图dd https://m.weibo.cn/detail/4593204677314833,data/weibo_huangtingting_image_assets/analysis_strict_memory_final/top_images/files/042_be33c22cly1gmmzbqnhjbj20s817rgxm.jpg,top43_vc0047_be33c22cly1gmmzbqnhjbj20s817rgxm.jpg
48,vc0048,005ttkF7ly1ibmz1kdpbzj30zb0rb7ck,005ttkF7ly1ibmz1kdpbzj30zb0rb7ck,1,107,107,0,1,0,1,1271,983,https://wx1.sinaimg.cn/mw2000/005ttkF7ly1ibmz1kdpbzj30zb0rb7ck.jpg,https://wx1.sinaimg.cn/orj360/005ttkF7ly1ibmz1kdpbzj30zb0rb7ck.jpg,https://m.weibo.cn/detail/5281552599620178,黄婷婷 / #黄婷婷无限超越班# 拍立得修复 - 很美的上镜脸 大家多多去优酷视频支持新综艺吧～ @黄婷婷 @无限超越班,,[single_image_post 107 strong_image_keyword] 黄婷婷 / #黄婷婷无限超越班# 拍立得修复 - 很美的上镜脸 大家多多去优酷视频支持新综艺吧～ @黄婷婷 @无限超越班 https://m.weibo.cn/detail/5281552599620178,data/weibo_huangtingting_image_assets/analysis_strict_memory_final/top_images/files/043_005ttkF7ly1ibmz1kdpbzj30zb0rb7ck.jpg,top44_vc0048_005ttkF7ly1ibmz1kdpbzj30zb0rb7ck.jpg
49,vc0049,e9ca508dly1g2vzuciz1aj23gg56oqv9,e9ca508dly1g2vzuciz1aj23gg56oqv9,1,98,98,0,1,0,1,2048,3072,https://wx1.sinaimg.cn/mw2000/e9ca508dly1g2vzuciz1aj23gg56oqv9.jpg,https://wx1.sinaimg.cn/orj360/e9ca508dly1g2vzuciz1aj23gg56oqv9.jpg,https://m.weibo.cn/detail/4370173362334951,黄婷婷 「2019.5.9剧场下班」 帅哥下班惹@SNH48-黄婷婷 （非常感谢牙刷聚聚@一只牙刷 返图 编辑了高清）,黄婷婷 高清,[single_image_post 98 strong_image_keyword] 黄婷婷 「2019.5.9剧场下班」 帅哥下班惹@SNH48-黄婷婷 （非常感谢牙刷聚聚@一只牙刷 返图 编辑了高清） https://m.weibo.cn/detail/4370173362334951,data/weibo_huangtingting_image_assets/analysis_strict_memory_final/top_images/files/044_e9ca508dly1g2vzuciz1aj23gg56oqv9.jpg,top45_vc0049_e9ca508dly1g2vzuciz1aj23gg56oqv9.jpg
52,vc0052,006VsGMigy1g3b3vupn2xj30jg0urwtd,006VsGMigy1g3b3vupn2xj30jg0urwtd,1,98,98,0,1,0,1,700,1107,https://wx4.sinaimg.cn/mw2000/006VsGMigy1g3b3vupn2xj30jg0urwtd.jpg,https://wx4.sinaimg.cn/orj360/006VsGMigy1g3b3vupn2xj30jg0urwtd.jpg,https://m.weibo.cn/detail/4375078693045721,黄婷婷 #HTT48# 试问谁不喜欢双马尾的可爱女儿呢 请宝宝多穿可爱小裙子！！@SNH48-黄婷婷 （图二改）,,[single_image_post 98 explicit_image_visual_or_memory] 黄婷婷 #HTT48# 试问谁不喜欢双马尾的可爱女儿呢 请宝宝多穿可爱小裙子！！@SNH48-黄婷婷 （图二改） https://m.weibo.cn/detail/4375078693045721,data/weibo_huangtingting_image_assets/analysis_strict_memory_final/top_images/files/048_006VsGMigy1g3b3vupn2xj30jg0urwtd.jpg,top46_vc0052_006VsGMigy1g3b3vupn2xj30jg0urwtd.jpg
53,vc0053,9dc56626ly1g2yhb1d352j21281k0qfa,9dc56626ly1g2yhb1d352j21281k0qfa,1,98,98,0,1,0,1,1376,2016,https://wx1.sinaimg.cn/mw2000/9dc56626ly1g2yhb1d352j21281k0qfa.jpg,https://wx1.sinaimg.cn/orj360/9dc56626ly1g2yhb1d352j21281k0qfa.jpg,https://m.weibo.cn/detail/4371120151219003,黄婷婷 时之卷@SNH48-黄婷婷 海报 今日美貌摄入（1/1）太好看啦,,[single_image_post 98 explicit_image_visual_or_memory] 黄婷婷 时之卷@SNH48-黄婷婷 海报 今日美貌摄入（1/1）太好看啦 https://m.weibo.cn/detail/4371120151219003,data/weibo_huangtingting_image_assets/analysis_strict_memory_final/top_images/files/049_9dc56626ly1g2yhb1d352j21281k0qfa.jpg,top47_vc0053_9dc56626ly1g2yhb1d352j21281k0qfa.jpg
54,vc0054,008pKKRugy1i4jgyo0bntj31jk27m7wh,008pKKRugy1i4jgyo0bntj31jk27m7wh 0085LcH9gy1i4fjfzcpyfj30u0170gtq 009ZUgVygy1i4g6oz0un1j30u0170wmn 8ee10f67gy1i6v9zq6pg7j20u014wn1o 008D5434gy1ibid573s66j30u0170akn,5,98,98,0,5,0,5,2000,2866,https://wx4.sinaimg.cn/mw2000/008pKKRugy1i4jgyo0bntj31jk27m7wh.jpg,https://wx4.sinaimg.cn/orj360/008pKKRugy1i4jgyo0bntj31jk27m7wh.jpg,https://m.weibo.cn/detail/5201463665493667,黄婷婷 现在还能收到这张拍立得嘛,,[single_image_post 38 strong_image_keyword] 黄婷婷 现在还能收到这张拍立得嘛 https://m.weibo.cn/detail/5201463665493667 || [single_image_post 33 strong_image_keyword] 黄婷婷 这张照片是一位黄推老师那里的，应该是18年婷婷生日那天的，我想问问这个拍立得是只有一张吗，如果有很多张有没有人出 https://m.weibo.cn/detail/5200231767741383 || [post_ref_p1 16 strong_image_keyword] 黄婷婷#黄婷婷折月亮##黄婷婷##笑颜一番黄婷婷##htt# 是哪个t3宝宝想要的这张照片，我浅浅修了一下，有需要的宝宝自取（侵权删） 注：图一为原图，图二为模糊截图，图三为清晰截图 https://m.weibo.cn/detail/5200434119575430 || [single_image_post 7 strong_image_keyword] 黄婷婷 请问有人知道这张图出处吗，是婷婷自己拍的拍立得还是粉丝自印的啊 https://m.weibo.cn/detail/5227733602011551 || [single_image_post 4 explicit_image_visual_or_memory] 黄婷婷 姐妹们这张pld是tt自己拍的吗还是周边呀 好貌美想收 https://m.weibo.cn/detail/5280108187228354,data/weibo_huangtingting_image_assets/analysis_strict_memory_final/top_images/files/095_008pKKRugy1i4jgyo0bntj31jk27m7wh.jpg,top48_vc0054_008pKKRugy1i4jgyo0bntj31jk27m7wh.jpg
55,vc0055,006PClEXgy1g7weycrc8cj33402c0000,006PClEXgy1g7weycrc8cj33402c0000,1,97,97,0,1,0,1,2048,1536,https://wx3.sinaimg.cn/mw2000/006PClEXgy1g7weycrc8cj33402c0000.jpg,https://wx3.sinaimg.cn/orj360/006PClEXgy1g7weycrc8cj33402c0000.jpg,https://m.weibo.cn/detail/4426895279612457,黄婷婷 带着我的鸭鸭和阿黄合照 啦啦啦,,[single_image_post 97 strong_image_keyword] 黄婷婷 带着我的鸭鸭和阿黄合照 啦啦啦 https://m.weibo.cn/detail/4426895279612457,data/weibo_huangtingting_image_assets/analysis_strict_memory_final/top_images/files/050_006PClEXgy1g7weycrc8cj33402c0000.jpg,top49_vc0055_006PClEXgy1g7weycrc8cj33402c0000.jpg
56,vc0056,005IlEDLly1fcs3t7b3tmj30ku112783,005IlEDLly1fcs3t7b3tmj30ku112783,1,96,96,0,1,0,1,750,1334,https://wx2.sinaimg.cn/mw2000/005IlEDLly1fcs3t7b3tmj30ku112783.jpg,https://wx2.sinaimg.cn/orj360/005IlEDLly1fcs3t7b3tmj30ku112783.jpg,https://m.weibo.cn/detail/4075726359477035,#黄婷婷# 我就想看看你们的壁纸都是什么样子的，没有碰到心仪的，我短期内就不换壁纸了,,[single_image_post 96 strong_image_keyword] #黄婷婷# 我就想看看你们的壁纸都是什么样子的，没有碰到心仪的，我短期内就不换壁纸了 https://m.weibo.cn/detail/4075726359477035,data/weibo_huangtingting_image_assets/analysis_strict_memory_final/top_images/files/051_005IlEDLly1fcs3t7b3tmj30ku112783.jpg,top50_vc0056_005IlEDLly1fcs3t7b3tmj30ku112783.jpg
