collab_id,series_name,primary_brand,partner_names,partner_type,category,release_date,announcement_date,availability_region,brand_region,collection_size,price_min,price_max,currency,sales_channels,official_url,source_urls,primary_image_url,image_credit,confidence_level,notes,last_checked
Q12026-001,BALENCIAGA I NBA Collaboration,Balenciaga,National Basketball Association (NBA),sports league,apparel; footwear; accessories; small leather goods,2026-01-15,2026-01-15,global selected Balenciaga stores; online,France; United States,,,,,Balenciaga.com; select Balenciaga stores,https://www.balenciaga.com/en-en/balenciaga-%7C-nba-collaboration,https://www.balenciaga.com/en-en/balenciaga-%7C-nba-collaboration,https://www.balenciaga.com/on/demandware.static/Sites-BAL-R-INTL-Site/-/default/dw1c432bb9/images/thumbnail-social.png,Balenciaga / NBA,high,"Limited-edition capsule with ready-to-wear, footwear, accessories and leather goods.",2026-05-31
Q12026-002,Red Wing x HUMAN MADE The Future Is in the Past,Red Wing Heritage,HUMAN MADE,streetwear brand,footwear; apparel,2026-01-03,2026-01-03,Japan; Europe; online,United States; Japan,5,13200,184800,JPY,HUMAN MADE stores; online; selected Red Wing Heritage retailers,https://www.humanmade.jp/en/news/human-made-red-wing-2025-dec.html,https://www.humanmade.jp/en/news/human-made-red-wing-2025-dec.html | https://humanmade.jp/blogs/news/human-made-red-wing-2025-dec | https://www.ramp.space/en/artikel-blog/red-wing-x-human-made-exclusive-collection/ | https://www.ldnfashion.com/news/red-wing-launches-human-made-collaboration-in-the-uk/,https://www.ramp.space/assets/image-cache/x-byarcessang1.e2bfb6d3.fcad5607.jpg,Red Wing Heritage / HUMAN MADE,high,"Official HUMAN MADE release confirms five products, prices, online/store launch and product detail links; Ramp retained as a media discovery source.",2026-05-31
Q12026-003,Stella McCartney x Jeff Koons Limited-Edition Capsule,Stella McCartney,Jeff Koons,artist,apparel; accessories; bags,2026-01-26,2026-01-26,online; New York store,United Kingdom; United States,14,390,1690,USD,StellaMcCartney.com; Stella McCartney New York City store,https://www.stellamccartney.com/us/en/women/stella-mccartney-x-jeff-koons,https://www.stellamccartney.com/us/en/women/stella-mccartney-x-jeff-koons | https://www.elle.com/fashion/a69947238/best-fashion-launches-january-2026/,"https://hips.hearstapps.com/hmg-prod/images/a9aa8cdc-44b6-4209-8e2e-9602c7446c19.jpg?crop=1xw:0.888888888889xh;center,top&resize=1200:*",Stella McCartney / Jeff Koons,high,Official Stella McCartney collection page confirms public online sale and product-level cards; ELLE retained as launch media context.,2026-05-31
Q12026-004,SKIMS x Team USA Milano Cortina 2026 Capsule,SKIMS,Team USA,sports team,loungewear; athleticwear; underwear,2026-01-26,2026-01-26,United States; online,United States,17,20,74,USD,Skims.com,https://skims.com/collections/skims-for-team-usa,https://skims.com/collections/skims-for-team-usa | https://skims.com/en-sg/collections/skims-for-team-usa | https://www.elle.com/fashion/a69947238/best-fashion-launches-january-2026/,"https://hips.hearstapps.com/hmg-prod/images/a9aa8cdc-44b6-4209-8e2e-9602c7446c19.jpg?crop=1xw:0.888888888889xh;center,top&resize=1200:*",SKIMS / Team USA,high,Official SKIMS collection page confirms Team USA product-level cards; regional storefronts may show empty inventory while the canonical US collection still exposes SKP ItemList data.,2026-05-31
Q12026-005,Snow Goose by Haider Ackermann x Canada Goose Drop 2,Canada Goose,Haider Ackermann,designer,outerwear; apparel,2026-01-26,2026-01-26,online; select retail stores,Canada; Colombia/France,,595,1750,USD,CanadaGoose.com; select stores,https://www.elle.com/fashion/a69947238/best-fashion-launches-january-2026/,https://www.elle.com/fashion/a69947238/best-fashion-launches-january-2026/,"https://hips.hearstapps.com/hmg-prod/images/a9aa8cdc-44b6-4209-8e2e-9602c7446c19.jpg?crop=1xw:0.888888888889xh;center,top&resize=1200:*",Canada Goose / ELLE,medium,Drop 2 of the Snow Goose collection; available online by ELLE publication date.,2026-05-31
Q12026-006,Moncler + Rick Owens Spring/Summer 2026,Moncler,Rick Owens,designer brand,outerwear; apparel; footwear,2026-01-16,2026-01-16,global selected stores; online,Italy; United States/France,,670,5070,USD,Moncler.com; RickOwens.eu; selected Moncler/Rick Owens stores; select retailers,https://us.fashionnetwork.com/news/Moncler-and-rick-owens-launch-first-summer-collection%2C1798281.html,https://us.fashionnetwork.com/news/Moncler-and-rick-owens-launch-first-summer-collection%2C1798281.html | https://www.wmagazine.com/fashion/best-fashion-collaborations-launches-capsules-2026,https://imgix.bustle.com/uploads/image/2026/5/21/4f05eb78/zara-playa_0037.jpg?w=1200&h=630&fit=crop&crop=focalpoint&fm=jpg&fp-x=0.5415&fp-y=0.369,Moncler x Rick Owens / FashionNetwork,high,Warm-weather chapter of the ongoing collaboration; W Magazine confirms retail availability.,2026-05-31
Q12026-007,Alpha Industries x Cecilie Bahnsen Icons in Transformation,Alpha Industries,Cecilie Bahnsen,designer brand,outerwear,2026-01-23,2026-01-12,online; selected retailers,United States; Denmark,2,,,,Alpha Industries; Cecilie Bahnsen; selected retailers,https://www.designscene.net/2026/01/alpha-industries-x-cecilie-bahnsen-icons.html,https://www.designscene.net/2026/01/alpha-industries-x-cecilie-bahnsen-icons.html,https://www.designscene.net/wp-content/uploads/2026/01/Alpha-Industries-x-Cecilie-Behnsen-00.webp,Alpha Industries x Cecilie Bahnsen / Design Scene,high,"First collaborative collection, focused on MA-1 and N-2B bomber jackets.",2026-05-31
Q12026-008,Nike x NIGO Air Force 3 Final Chapter,Nike,NIGO,designer / creative director,footwear; apparel,2026-01-31,2026-01-23,Japan first; global selected retail,United States; Japan,,,,,humanmade.jp; SNKRS; select Nike retail partners,https://about.nike.com/en-GB/newsroom/releases/nike-x-nigo-partnership-launches-with-exclusive-air-force-iii-and-apparel-collection,https://about.nike.com/en-GB/newsroom/releases/nike-x-nigo-partnership-launches-with-exclusive-air-force-iii-and-apparel-collection,https://media.about.nike.com/img/2f03d126-c130-4d66-817d-d46d59006cf1/nike-x-nigo-campaign-1.jpg?m=eyJlZGl0cyI6eyJqcGVnIjp7InF1YWxpdHkiOjEwMH0sIndlYnAiOnsicXVhbGl0eSI6MTAwfSwiZXh0cmFjdCI6eyJsZWZ0IjowLCJ0b3AiOjAsIndpZHRoIjozMjAwLCJoZWlnaHQiOjIxMzJ9LCJyZXNpemUiOnsid2lkdGgiOjkwMH19fQ%3D%3D&s=2d283d2e771826ed64aed5aba2bcd159e20fdc55babf9f0d73a168943c552e46,Nike / NIGO,high,New styles began 31 January at humanmade.jp; Midnight Navy wider release followed on 6 February.,2026-05-31
Q12026-009,Jordan Brand x Levi's Air Jordan 3 and Apparel Collection,Jordan Brand,Levi's,denim brand,footwear; apparel; accessories,2026-01-24,2026-01-20,China first; global rollout,United States,13,,,,Levi.com; Levi's App; SNKRS; select Levi's and Jordan Brand stores,https://www.nike.com/a/jordan-levis-release-info,https://www.nike.com/a/jordan-levis-release-info | https://www.levi.com/US/en_US/blog/article/levis-x-jordan-collection,"https://static.nike.com/a/images/w_1920,c_limit/wzrqsjqpg6pslrevtkpl/image.png",Jordan Brand / Levi's,high,First release on 24 January in China; global full collection released 20 February.,2026-05-31
Q12026-010,PUMA x McLaren Racing Lifestyle Collection,PUMA,McLaren Racing,motorsport team,apparel; team kit; lifestyle apparel,2026-01-20,2026-01-20,global,Germany; United Kingdom,,,,,PUMA.com; McLaren Store; select PUMA stores; select retailers,https://about.puma.com/en/newsroom/corporate-news/2026/20-01-2026-mclaren-racing-and-puma-unite-performance-and-style-new,https://about.puma.com/en/newsroom/corporate-news/2026/20-01-2026-mclaren-racing-and-puma-unite-performance-and-style-new,https://about.puma.com/sites/default/files/media/news/images/26ss-pr-ms-mclaren-race-louder-03-16x9-1920x1080px.jpg,PUMA / McLaren Racing,high,Lifestyle Collection launched globally on 20 January; replica collection followed 2 February.,2026-05-31
Q12026-011,Aqua x Wuthering Heights Collection,Aqua,Wuthering Heights / Warner Bros. Discovery,film / entertainment IP,womenswear; sleepwear; jewelry,2026-01-15,2026-01-16,United States,United States,35,,,,Bloomingdale's 59th Street Carousel; Bloomingdale's stores; online,https://ww.fashionnetwork.com/news/Bloomingdale-s-launches-new-retail-experience-inspired-by-wuthering-heights-%2C1798311.html,https://ww.fashionnetwork.com/news/Bloomingdale-s-launches-new-retail-experience-inspired-by-wuthering-heights-%2C1798311.html,,Bloomingdale's / Aqua / Warner Bros. Discovery,high,Exclusive Aqua fashion edit anchored the Bloomingdale's x Warner Bros. Discovery retail activation.,2026-05-31
Q12026-012,Kith Loyalty Exclusive Collection with ASICS and New Era,Kith,ASICS; New Era,footwear brand; headwear brand,footwear; apparel; caps,2026-01-12,2026-01-11,Kith Loyalty members; online app,United States; Japan,,,,,Kith App made-to-order window,https://selectabisso.com/en/Kith-Loyalty-Exclusive-Collection%3A-An-exclusive-capsule-collection-with-Asics-and-New-Era/,https://selectabisso.com/en/Kith-Loyalty-Exclusive-Collection%3A-An-exclusive-capsule-collection-with-Asics-and-New-Era/,https://selectabisso.com/wp-content/uploads/2026/01/IMG_9980.jpeg,Kith / ASICS / New Era,medium,Made-to-order window ran 12-18 January 2026.,2026-05-31
Q12026-013,Solebox x BAPE STA Tokyo Lights,Solebox,A Bathing Ape (BAPE),streetwear brand,footwear; apparel,2026-01-23,2026-01-20,Paris exclusive,Germany; Japan,,,,,Solebox Paris,https://selectabisso.com/en/solebox-x-bape-sta-tokyo-lights-une-exclusivite-parisienne-entre-heritage-et-eclat-nocturne/,https://selectabisso.com/en/solebox-x-bape-sta-tokyo-lights-une-exclusivite-parisienne-entre-heritage-et-eclat-nocturne/,https://selectabisso.com/wp-content/uploads/2026/01/solebox-bape-bapesta-tokyo-lights-2.jpg,Solebox / BAPE,medium,Sneaker release supported by matching capsule apparel.,2026-05-31
Q12026-014,Anti Social Social Club x NFL Super Bowl Collection,Anti Social Social Club,National Football League (NFL),sports league,apparel; accessories; headwear,2026-01-28,2026-01-28,United States; online,United States,,,,,ASSC online; NFL/Super Bowl channels,https://www.sneakershouts.com/fashion/2026/1/28/now-available-anti-social-social-club-x-nfl-super-bowl-collection,https://www.sneakershouts.com/fashion/2026/1/28/now-available-anti-social-social-club-x-nfl-super-bowl-collection,http://static1.squarespace.com/static/532313ece4b08487acaec7a2/58659f84d1758e4aacc02021/697a37fe66448473a5195087/1769617496189/624223595_18554085826055864_4957461133251326599_n.jpg?format=1500w,Anti Social Social Club / NFL,medium,"Super Bowl capsule across graphic hoodies, tees, jackets and headwear.",2026-05-31
Q12026-015,Pandora x Bridgerton Collection,Pandora,Bridgerton / Netflix,entertainment IP,jewelry; accessories,2026-01-15,2026-01-15,global online,Denmark; United States/United Kingdom,,,,,Pandora.net,https://www.marieclaire.co.uk/fashion/fashion-industry-news,https://www.marieclaire.co.uk/fashion/fashion-industry-news,https://cdn.mos.cms.futurecdn.net/qnE3ZY75vPKbzMjMLBYT7-1200-80.png,Pandora / Bridgerton,medium,Marie Claire running industry-news page reports a 15 January shop date.,2026-05-31
Q12026-016,BAPE x adidas World Cup Pack,A Bathing Ape (BAPE),adidas,sportswear brand,footwear; apparel,2026-02-07,2026-02-01,global selected retail,Japan; Germany,,,,,adidas; BAPE; select retailers,https://sneakernews.com/2025/08/11/bape-adidas-world-cup-2026/,https://sneakernews.com/2025/08/11/bape-adidas-world-cup-2026/,,BAPE / adidas,medium,Footwear pack with football jersey apparel tied to World Cup 2026.,2026-05-31
Q12026-017,Just Don x BAPE Collection,A Bathing Ape (BAPE),Just Don / Don C,designer / streetwear label,footwear; apparel; headwear,2026-02-14,2026-02-09,United States,Japan; United States,,,,,BAPE Chicago; BAPE Los Angeles; us.bape.com,https://sneakernews.com/2026/02/05/just-don-bape-sta-2026/,https://sneakernews.com/2026/02/05/just-don-bape-sta-2026/,,BAPE / Just Don,medium,"Collection includes BAPE STA styles, hoodies, track suits and hats.",2026-05-31
Q12026-018,Fast & Furious x PUMA Basketball Collection,PUMA,Fast & Furious / Universal Pictures,film IP,footwear; apparel,2026-02-12,2026-02-02,United States; selected retail,Germany; United States,,,,,PUMA.com; PUMA flagship stores; Foot Locker; Shoe Palace; select retailers,https://www.licensingmagazine.com/2026/02/02/puma-basketball-launches-fast-furious-sneakers/,https://www.licensingmagazine.com/2026/02/02/puma-basketball-launches-fast-furious-sneakers/,https://www.licensingmagazine.com/wp-content/uploads/2026/02/PUMA-Basketball-x-Fast-and-Furious.png,PUMA / Universal Pictures,high,Basketball capsule tied to the franchise's 25th anniversary and NBA All-Star Weekend.,2026-05-31
Q12026-019,adidas x Entire Studios SS26,adidas,Entire Studios,fashion brand,sportswear; training apparel; lifestyle apparel,2026-02-05,2026-01-29,worldwide,Germany; United States/New Zealand,26,,,,adidas stores; online; selected retailers,https://news.adidas.com/partnerships/adidas-and-entire-studios-introduce-a-new-expression-of-modern-sport-style--built-for-movement/s/167c4b9b-c8b5-4f0d-a373-65bcfd0b495d,https://news.adidas.com/partnerships/adidas-and-entire-studios-introduce-a-new-expression-of-modern-sport-style--built-for-movement/s/167c4b9b-c8b5-4f0d-a373-65bcfd0b495d,,adidas / Entire Studios,high,"First collaboration, built around adidas Sportswear and Training lines.",2026-05-31
Q12026-020,sacai x Carhartt WIP Spring/Summer 2026,sacai,Carhartt WIP,workwear / streetwear brand,apparel; outerwear,2026-02-06,2026-02-06,global selected retail,Japan; United States/Europe,9,,,,sacai stores; Carhartt WIP online; select global retailers,https://www.carhartt-wip.com/en-gb/e/sacai-x-carhartt-wip-spring-summer-2026,https://www.carhartt-wip.com/en-gb/e/sacai-x-carhartt-wip-spring-summer-2026,https://cdn.sanity.io/images/hue6jiar/shared-assets_production/8e6ada9528a5db548da6f401a9f0315df1446e11-1360x1020.jpg?rect=0%2C0%2C1360%2C880&w=1200&h=630&fit=crop,sacai / Carhartt WIP,high,"Nine-piece men and unisex collection in black, blue and ivory.",2026-05-31
Q12026-021,UNIQLO : C Spring/Summer 2026,UNIQLO,Clare Waight Keller,designer,apparel; accessories,2026-02-06,2026-02-06,global online; stores,Japan; United Kingdom,,,,,UNIQLO stores; UNIQLO online,https://www.insidehook.com/style/uniqlo-c-spring-summer-2026-collection,https://www.insidehook.com/style/uniqlo-c-spring-summer-2026-collection,"https://www.insidehook.com/wp-content/uploads/2026/02/UniqloC-Hero.jpg?resize=1200,800",UNIQLO,medium,Ongoing designer line by Clare Waight Keller; included as designer collaboration rather than one-off capsule.,2026-05-31
Q12026-022,UNIQLO and JW ANDERSON Spring/Summer 2026,UNIQLO,JW ANDERSON,designer brand,apparel; accessories,2026-02-27,2026-02-16,global stores; online,Japan; United Kingdom,,,,,UNIQLO stores; UNIQLO online,https://alvinology.com/2026/02/16/uniqlo-and-jw-anderson-unveil-2026-spring-summer-collection-with-modern-preppy-twist/,https://alvinology.com/2026/02/16/uniqlo-and-jw-anderson-unveil-2026-spring-summer-collection-with-modern-preppy-twist/,,UNIQLO / JW ANDERSON,medium,Spring/Summer collaboration with modern preppy and British water-sport references.,2026-05-31
Q12026-023,adidas x Audi Revolut F1 Team Collection,adidas,Audi Revolut F1 Team,motorsport team,teamwear; fanwear; footwear; accessories,2026-02-19,2026-02-18,global,Germany; Switzerland,160+,,,,adidas; Audi F1 Team channels; stores,https://www.audi-mediacenter.com/en/press-releases/global-launch-of-adidas-x-audi-revolut-f1-team-collection-17014/download,https://www.audi-mediacenter.com/en/press-releases/global-launch-of-adidas-x-audi-revolut-f1-team-collection-17014/download,,adidas / Audi Revolut F1 Team,high,Official teamwear and fanwear collection available from 19 February.,2026-05-31
Q12026-024,J.Crew Rollneck Remix,J.Crew,Buci NYC; Collina Strada; Eckhaus Latta; Patrick Taylor; Tanner Fletcher,designer brands,knitwear,2026-02-12,2026-02-10,United States; online,United States,5,180,180,USD,J.Crew.com; 75 Spring Street pop-up; select stores,https://www.insidehook.com/style/j-crew-rollneck-remix-2026,https://www.insidehook.com/style/j-crew-rollneck-remix-2026 | https://www.townandcountrymag.com/g70247115/jcrew-rollneck-sweater-capsule-collection-2026/,"https://www.insidehook.com/wp-content/uploads/2026/02/J.Crew-Rollneck-Remix-Hero.png?resize=1200,800",J.Crew,high,Five-piece limited-edition sweater capsule for New York Fashion Week.,2026-05-31
Q12026-025,Jimmy Choo x noir kei ninomiya Spring/Summer 2026,Jimmy Choo,noir kei ninomiya,designer brand,footwear; bags; harnesses,2026-02-13,2026-02-13,global selected boutiques and retailers,United Kingdom; Japan,8,1175,1950,USD,Jimmy Choo boutiques; Dover Street Market; select retailers; online,https://www.anothermag.com/fashion-beauty/16964/jimmy-choo-noir-kei-ninomiya,https://www.anothermag.com/fashion-beauty/16964/jimmy-choo-noir-kei-ninomiya | https://www.wmagazine.com/fashion/best-fashion-collaborations-launches-capsules-2026,https://images-prod.anothermag.com/676/0-348-676-450/azure/another-prod/460/9/469449.JPG,Jimmy Choo / noir kei ninomiya,high,"Four shoes, three harnesses and one bag; originally shown on noir kei ninomiya SS26 runway.",2026-05-31
Q12026-026,Harlem's Fashion Row x Gap,Gap,Harlem's Fashion Row,designer collective / fashion platform,apparel; denim; accessories,2026-02-17,2026-02-17,United States; online,United States,20,118,148,USD,Gap.com; select Gap stores,https://www.sneakershouts.com/fashion/2026/2/17/now-available-harlem-fashion-row-x-gap-collection,https://www.sneakershouts.com/fashion/2026/2/17/now-available-harlem-fashion-row-x-gap-collection | https://www.wmagazine.com/fashion/best-fashion-collaborations-launches-capsules-2026,http://static1.squarespace.com/static/532313ece4b08487acaec7a2/58659f84d1758e4aacc02021/6995389adbe118200801dc4f/1771387106461/cn61831776.png?format=1500w,Gap / Harlem's Fashion Row,medium,20-piece denim-led capsule with five designers of color through HFR.,2026-05-31
Q12026-027,Paul Smith Loves Barbour Spring/Summer 2026,Barbour,Paul Smith,designer brand,apparel; outerwear; footwear; accessories,2026-02-25,2026-02-24,global selected retail,United Kingdom,46,270,630,USD,PaulSmith.com; Barbour.com; selected retailers,https://www.apparelgroup.com/en/news/apparel-group-introduces-paul-smith-loves-barbour-spring-summer-2026-collection/,https://www.apparelgroup.com/en/news/apparel-group-introduces-paul-smith-loves-barbour-spring-summer-2026-collection/ | https://www.elle.com/fashion/a70201790/best-fashion-launches-february-2026/,https://www.apparelgroup.com/en/wp-content/uploads/2023/01/ag-stack-logo.jpeg,Barbour / Paul Smith,high,Second collaboration; source confirms launch starting 25 February.,2026-05-31
Q12026-028,Frame x Amelia Gray Collaboration Restock and Expansion,Frame,Amelia Gray,model / talent,denim; apparel,2026-02-25,2026-02-25,online; stores,United States,,198,228,USD,Frame-store.com; Frame stores,https://www.elle.com/fashion/a70201790/best-fashion-launches-february-2026/,https://www.elle.com/fashion/a70201790/best-fashion-launches-february-2026/,"https://hips.hearstapps.com/hmg-prod/images/ff802966-5df2-4379-8c77-1df9adf13f84.jpeg?crop=1xw:0.38xh;0xw,0.274xh&resize=1200:*",Frame / ELLE,medium,Restock plus new colorways and petite version of 2025 collaboration.,2026-05-31
Q12026-029,Ray-Ban by A$AP Rocky Metal Eyewear Collection,Ray-Ban,A$AP Rocky,creative director / artist,eyewear; accessories,2026-02-25,2026-02-25,online,Italy/United States,3,249,254,USD,Ray-Ban.com,https://www.elle.com/fashion/a70201790/best-fashion-launches-february-2026/,https://www.elle.com/fashion/a70201790/best-fashion-launches-february-2026/,"https://hips.hearstapps.com/hmg-prod/images/ff802966-5df2-4379-8c77-1df9adf13f84.jpeg?crop=1xw:0.38xh;0xw,0.274xh&resize=1200:*",Ray-Ban / ELLE,medium,"A$AP Rocky creative director drop, observed available by ELLE publication date.",2026-05-31
Q12026-030,La Ligne x Steve McQueen Estate Capsule,La Ligne,Steve McQueen Estate,estate / cultural IP,knitwear; apparel,2026-02-25,2026-02-25,United States; online,United States,6,250,550,USD,LaLigneNYC.com; New York City stores,https://www.elle.com/fashion/a70201790/best-fashion-launches-february-2026/,https://www.elle.com/fashion/a70201790/best-fashion-launches-february-2026/,"https://hips.hearstapps.com/hmg-prod/images/ff802966-5df2-4379-8c77-1df9adf13f84.jpeg?crop=1xw:0.38xh;0xw,0.274xh&resize=1200:*",La Ligne / Steve McQueen Estate,medium,Six-piece unisex knit capsule; portion benefits The Steve McQueen Foundation.,2026-05-31
Q12026-031,On x Sky High Farm Goods SS26,On,Sky High Farm Goods,mission-led fashion label,footwear; apparel; accessories,2026-02-08,2026-02-01,global selected retail,Switzerland; United States,,,,,On channels; selected retailers,https://www.t3.com/active/running/on-and-sky-high-farm-goods-are-back-with-a-wildflower-inspired-trainer-drop-for-ss26,https://www.t3.com/active/running/on-and-sky-high-farm-goods-are-back-with-a-wildflower-inspired-trainer-drop-for-ss26 | https://www.wonderlandmagazine.com/2026/02/06/meet-the-fashion-east-aw26-lineup/,https://cdn.mos.cms.futurecdn.net/AFiU7pkz8otbtgWS9tT8oK-2560-80.jpg,On / Sky High Farm Goods,medium,Source says collection lands the week after 1 February; release date estimated as first-week February availability.,2026-05-31
Q12026-032,Moschino x Snoop Dogg Winter Capsule,Moschino,Snoop Dogg,musician,apparel,2026-02-06,2026-02-06,Italy; event-linked limited release,Italy; United States,2,,,,Moschino channels; Milan event context,https://www.designscene.net/2026/02/moschino-x-snoop-dogg-collaboration.html,https://www.designscene.net/2026/02/moschino-x-snoop-dogg-collaboration.html,https://www.designscene.net/wp-content/uploads/2026/02/Moschino-x-Snoop-Dogg-f.webp,Moschino,medium,"Two-item capsule, T-shirt and sweatshirt, tied to artist visit to Milan.",2026-05-31
Q12026-033,AMERICANA for SALON 26SS,SALON adam et rope,AMERICANA,apparel brand,apparel,2026-02-27,2026-02-20,Japan,Japan,6,,,JPY,select SALON adam et rope stores; J'aDoRe JUN ONLINE,https://www.haveagood-holiday.com/en/articles/americana-salon-adam-et-rope-26ss-capsule-collection,https://www.haveagood-holiday.com/en/articles/americana-salon-adam-et-rope-26ss-capsule-collection,https://assets.hldycdn.com/505d1a7c-72c9-4260-a30c-8122ec5752f4.jpeg,SALON adam et rope / AMERICANA,medium,Six-item Japanese capsule for 26SS.,2026-05-31
Q12026-034,NEWYORKER WOMEN x Artisan & Artist Spring 2026,NEWYORKER WOMEN,Artisan & Artist,accessories/craft brand,pouches; accessories,2026-02-19,2026-02-19,Japan,Japan,3,,,JPY,NEWYORKER online store; NEWYORKER stores,https://www.haveagood-holiday.com/en/articles/newyorker-artisan-artist-2026-spring-collaboration-pouches,https://www.haveagood-holiday.com/en/articles/newyorker-artisan-artist-2026-spring-collaboration-pouches,https://assets.hldycdn.com/c9903c98-565a-4c8c-888b-2b9b1598c79f.jpeg,NEWYORKER WOMEN / Artisan & Artist,medium,Three premium pouch designs; accessories-only but within fashion accessories scope.,2026-05-31
Q12026-035,Cupshe x Jessie James Decker Casa del Sol,Cupshe,Jessie James Decker; Eric Decker,celebrity / athlete,swimwear; apparel; vacationwear,2026-02-26,2026-02-26,online,United States,28+,32,49,USD,Cupshe.com,https://www.streetinsider.com/Press%2BReleases/Cupshe%2BLaunches%2BCasa%2Bdel%2BSol%2C%2Ba%2BTwo-Part%2BCollection%2BCo-Designed%2Bwith%2BJessie%2BJames%2BDecker%2Band%2BEric%2BDecker/26067493.html,https://www.streetinsider.com/Press%2BReleases/Cupshe%2BLaunches%2BCasa%2Bdel%2BSol%2C%2Ba%2BTwo-Part%2BCollection%2BCo-Designed%2Bwith%2BJessie%2BJames%2BDecker%2Band%2BEric%2BDecker/26067493.html,,Cupshe,high,Drop 1 launched 26 February; second menswear drop followed 5 March.,2026-05-31
Q12026-036,Marchesa Mini x Gymboree,Gymboree,Marchesa Mini,designer childrenswear line,childrenswear; occasionwear,2026-02-19,2026-02-19,United States; online,United States,,,,USD,Gymboree; The Children's Place channels,https://www.stocktitan.net/news/PLCE/gymboree-and-marchesa-introduce-marchesa-mini-x-gymboree-a-9j4kcpqbwo0o.html,https://www.stocktitan.net/news/PLCE/gymboree-and-marchesa-introduce-marchesa-mini-x-gymboree-a-9j4kcpqbwo0o.html,https://static.stocktitan.net/company-logo/plce-lg.png?v=c7bc8ddbd5,Gymboree / Marchesa Mini,high,Girls' special-occasion apparel collaboration.,2026-05-31
Q12026-037,JOURNAL STANDARD x Technics SL-1200 Capsule,JOURNAL STANDARD,Technics,audio brand,apparel,2026-03-01,2026-02-27,Japan,Japan,,,,JPY,JOURNAL STANDARD channels; select retail,https://selectabisso.com/en/Technics-x-Journal-Standard%3A-a-fashion-capsule-collection-paying-homage-to-the-legendary-SL-1200/,https://selectabisso.com/en/Technics-x-Journal-Standard%3A-a-fashion-capsule-collection-paying-homage-to-the-legendary-SL-1200/,,JOURNAL STANDARD / Technics,medium,Early March release; release date set to first day of March because source does not specify exact day.,2026-05-31
Q12026-038,Aimé Leon Dore x New Balance SS26 Activewear Capsule,Aimé Leon Dore,New Balance,sportswear brand,footwear; apparel,2026-02-19,2026-02-19,online,United States,,,,USD,Aimé Leon Dore webstore,https://modernnotoriety.com/aime-leon-dore-spring-summer-2026-collection-release-date/,https://modernnotoriety.com/aime-leon-dore-spring-summer-2026-collection-release-date/ | https://www.finallyoffline.com/article/aime-leon-dore-ss26-drops-with-new-balance,https://modernnotoriety.com/wp-content/uploads/2026/02/aime-leon-dore-ss-26-release-date.jpg,Aimé Leon Dore / New Balance,medium,Seasonal collection includes New Balance activewear capsule.,2026-05-31
Q12026-039,RAEN SS26 Ambassador Collaborations,RAEN,Coco Ho; Mikey February,athletes / ambassadors,eyewear; accessories,2026-02-26,2026-02-26,global online; selected retail,United States,2+,,,USD,RAEN.com; curated retailers,https://shop-eat-surf-outdoor.com/press-releases/raen-introduces-its-spring-summer-2026-collection/616930/,https://shop-eat-surf-outdoor.com/press-releases/raen-introduces-its-spring-summer-2026-collection/616930/,,RAEN,medium,SS26 includes ambassador-designed frames The Iwa and The Zamani.,2026-05-31
Q12026-040,Converse x Oshi no Ko Collection,Converse,Oshi no Ko / ABC-Mart,anime IP; retailer,footwear,2026-02-13,2026-02-06,Japan,United States/Japan,4,,,JPY,ABC-Mart stores in Japan,https://respawn.outlookindia.com/pop-culture/pop-culture-news/converse-collabs-with-oshi-no-ko-for-an-anime-inspired-collection,https://respawn.outlookindia.com/pop-culture/pop-culture-news/converse-collabs-with-oshi-no-ko-for-an-anime-inspired-collection,https://media.assettype.com/outlook-respawn/2026-02-10/h1dats10/74055-730-55f32d26b2.imresizer.jpg,Converse / Oshi no Ko,medium,Japan-only sneaker collection through ABC-Mart.,2026-05-31
Q12026-041,The Whitaker Group x adidas Capsule,The Whitaker Group,adidas,sportswear brand,footwear; apparel,2026-02-20,2026-02-19,United States; online,United States; Germany,,,,USD,Social Status; A Ma Maniére; APB Store; Jaide channels,https://sneakernews.com/2026/02/19/the-whitaker-group-adidas-2026/,https://sneakernews.com/2026/02/19/the-whitaker-group-adidas-2026/,,The Whitaker Group / adidas,medium,Multi-retailer capsule across footwear and apparel.,2026-05-31
Q12026-042,Cactus Plant Flea Market x Nike ACG Spring 2026,Cactus Plant Flea Market,Nike ACG,outdoor sportswear line,apparel; accessories,2026-02-27,2026-02-26,online; wider Nike release,United States,,,,USD,CPFM website; Nike channels,https://sneakernews.com/2026/02/26/cactus-plant-flea-market-nike-acg/,https://sneakernews.com/2026/02/26/cactus-plant-flea-market-nike-acg/,,CPFM / Nike ACG,medium,CPFM release 27 February; wider Nike release expected 3 March.,2026-05-31
Q12026-043,Rakeem Miles x K-Swiss Drop 3,K-Swiss,Rakeem Miles,artist / rapper,footwear; apparel,2026-02-27,2026-02-23,online,United States,,120,120,USD,K-Swiss online,https://sneakernews.com/2026/02/23/rakeem-miles-k-swiss-court-tie-break/,https://sneakernews.com/2026/02/23/rakeem-miles-k-swiss-court-tie-break/,,K-Swiss / Rakeem Miles,medium,Court Tiebreak shoe released with apparel collection.,2026-05-31
Q12026-044,The North Face x Cecilie Bahnsen Third Collaboration,The North Face,Cecilie Bahnsen,designer brand,outerwear; bags; footwear,2026-03-26,2026-03-25,global selected retail,United States; Denmark,7,290,750,USD,TheNorthFace.com; CecilieBahnsen.com; selected retailers worldwide,https://footwearmagazine.com/the-north-face-cecilie-bahnsen-third-collab/,https://footwearmagazine.com/the-north-face-cecilie-bahnsen-third-collab/ | https://www.elle.com/fashion/a70574295/best-fashion-launches-march-2026/,https://footwearmagazine.com/wp-content/uploads/2026/03/f2nzgxym.jpg,The North Face / Cecilie Bahnsen,high,Seven-piece modular technical-romantic capsule.,2026-05-31
Q12026-045,Kith x On Running K-Tech,Kith,On Running,performance footwear brand,footwear; apparel,2026-03-06,2026-03-04,New York; London; Paris; Tokyo; online,United States; Switzerland,,,,USD,Kith App; Kith stores; Kith.com,https://sneakernews.com/2026/02/27/kith-on-running-k-tech-2026/,https://sneakernews.com/2026/02/27/kith-on-running-k-tech-2026/,,Kith / On Running,medium,First Kith K-Tech models with co-branded apparel.,2026-05-31
Q12026-046,Thom Browne x ASICS GEL-KAYANO 14,Thom Browne,ASICS,sportswear brand,footwear,2026-03-02,2026-03-01,global selected retail,United States; Japan,3,450,450,USD,Thom Browne retail; ThomBrowne.com; select global retailers,https://footwearmagazine.com/asics-thom-browne-super-bowl-gel-kayano-14/,https://footwearmagazine.com/asics-thom-browne-super-bowl-gel-kayano-14/ | https://www.elle.com/fashion/a70574295/best-fashion-launches-march-2026/,https://footwearmagazine.com/wp-content/uploads/2026/03/gsywbft9.jpg,Thom Browne / ASICS,high,Grey and black editions launched 2 March; white edition followed later.,2026-05-31
Q12026-047,MOTHER x Merci Capsule,MOTHER,Merci,concept store,apparel; denim; tote bags,2026-03-26,2026-03-26,online; Paris pop-up,United States; France,11,60,258,USD,MotherDenim.com; Merci-Merci.com; Merci Paris store,https://www.elle.com/fashion/a70574295/best-fashion-launches-march-2026/,https://www.elle.com/fashion/a70574295/best-fashion-launches-march-2026/,"https://hips.hearstapps.com/hmg-prod/images/e4985f8b-df19-49a3-beb1-6d4de8f554fd.jpeg?crop=1xw:0.72xh;0xw,0.216xh&resize=1200:*",MOTHER / Merci / ELLE,medium,11-piece capsule with ready-to-wear and three exclusive Merci totes.,2026-05-31
Q12026-048,Dôen x Garrett Leight Sunglasses,Dôen,Garrett Leight,eyewear brand,eyewear; accessories,2026-03-26,2026-03-26,online,United States,6,425,425,USD,ShopDoen.com; GarrettLeight.com,https://www.elle.com/fashion/a70574295/best-fashion-launches-march-2026/,https://www.elle.com/fashion/a70574295/best-fashion-launches-march-2026/,"https://hips.hearstapps.com/hmg-prod/images/e4985f8b-df19-49a3-beb1-6d4de8f554fd.jpeg?crop=1xw:0.72xh;0xw,0.216xh&resize=1200:*",Dôen / Garrett Leight / ELLE,medium,Two exclusive silhouettes in three colorways each.,2026-05-31
Q12026-049,Sperry x Monse Spring/Summer 2026,Sperry,Monse,ready-to-wear brand,footwear,2026-03-19,2026-03-19,global online; select retailers,United States,8,195,395,USD,Sperry.com; Monse.com; Nordstrom; Shopbop,https://theimpression.com/monse-and-sperry-launch-first-footwear-collaboration/,https://theimpression.com/monse-and-sperry-launch-first-footwear-collaboration/ | https://www.elle.com/fashion/a70574295/best-fashion-launches-march-2026/,https://theimpression.com/wp-content/uploads/2026/03/Sperry-x-Monse-Spring-2025-News-The-Impression-001-low-resolution-v2-2x-faceai-v2-scaled.jpeg,Sperry / Monse,high,First footwear collaboration between the brands.,2026-05-31
Q12026-050,Repetto x Kaia Gerber In Bloom,Repetto,Kaia Gerber,model / talent,footwear,2026-03-26,2026-03-26,global,France; United States,2,440,530,USD,Repetto.com; Repetto boutiques; select department stores,https://floradress.com/repetto-kaia-gerber-in-bloom-collection-2026-2/,https://floradress.com/repetto-kaia-gerber-in-bloom-collection-2026-2/ | https://www.elle.com/fashion/a70574295/best-fashion-launches-march-2026/,https://floradress.com/wp-content/uploads/2026/03/repetto-kaia-gerber-in-bloom-collection-2026.jpg,Repetto / Kaia Gerber,medium,Two special-edition ballet-inspired shoes.,2026-05-31
Q12026-051,AGOLDE x Maria McManus Capsule,AGOLDE,Maria McManus,designer brand,denim; ready-to-wear,2026-03-11,2026-03-11,online; select retail,United States,16,368,488,USD,AGOLDE.com; MariaMcManus.com; Net-a-Porter,https://www.elle.com/fashion/a70574295/best-fashion-launches-march-2026/,https://shopping.yahoo.com/style/shoes/articles/thom-browne-drops-sneaker-asics-172953501.html | https://www.elle.com/fashion/a70574295/best-fashion-launches-march-2026/,https://s.yimg.com/lo/mysterio/api/845b13332a737256421391d1c3b046875cf0a20d70bb10f17caaf80988638cf7/lightyear_networkapi/resizefill_w1200;quality_80;format_webp/https:%2F%2Fmedia.zenfs.com%2Fen%2Felle_570%2F5e7250a379a57d02baa150f2793da563,AGOLDE / Maria McManus,medium,16-piece denim and ready-to-wear capsule using regenerative cotton and low-impact dye.,2026-05-31
Q12026-052,Tory Burch x The Explorers Club Women in Exploration,Tory Burch,The Explorers Club; Emily Damastra,institution; artist,apparel; accessories; bags,2026-03-08,2026-03-08,online,United States,,90,595,USD,ToryBurch.com,https://www.elle.com/fashion/a70574295/best-fashion-launches-march-2026/,https://www.elle.com/fashion/a70574295/best-fashion-launches-march-2026/,"https://hips.hearstapps.com/hmg-prod/images/e4985f8b-df19-49a3-beb1-6d4de8f554fd.jpeg?crop=1xw:0.72xh;0xw,0.216xh&resize=1200:*",Tory Burch / The Explorers Club,medium,International Women's Day capsule benefiting The Explorers Club; exact launch date set to IWD based on campaign context.,2026-05-31
Q12026-053,Loeffler Randall x Underwater Weaving Basket Tote,Loeffler Randall,Underwater Weaving,artisan accessories label,bags; accessories,2026-03-26,2026-03-26,online; United States stores,United States,2,395,395,USD,LoefflerRandall.com; Loeffler Randall stores,https://www.elle.com/fashion/a70574295/best-fashion-launches-march-2026/,https://www.elle.com/fashion/a70574295/best-fashion-launches-march-2026/,"https://hips.hearstapps.com/hmg-prod/images/e4985f8b-df19-49a3-beb1-6d4de8f554fd.jpeg?crop=1xw:0.72xh;0xw,0.216xh&resize=1200:*",Loeffler Randall / Underwater Weaving,medium,Two handmade rattan basket bags designed to accompany Loeffler Randall's spring collection.,2026-05-31
Q12026-054,Stetson & THE GREAT. Western Collection,THE GREAT.,Stetson,heritage hat and westernwear brand,apparel; hats; belts; bags; boots,2026-03-05,2026-03-05,United States; online,United States,25,45,625,USD,Stetson.com; ThisIsTheGreat.com; THE GREAT. stores; Bloomingdale's; Nordstrom; Shopbop; Revolve,https://shopping.yahoo.com/style/clothing/articles/stetson-great-partner-western-inspired-050100083.html,https://shopping.yahoo.com/style/clothing/articles/stetson-great-partner-western-inspired-050100083.html | https://www.wmagazine.com/fashion/best-fashion-collaborations-launches-capsules-2026,https://s.yimg.com/lo/mysterio/api/7303697edcb4cc4ca97a9d70a468eb331725ad9185b004353e4d00598d59b903/lightyear_networkapi/resizefill_w1200;quality_80;format_webp/https:%2F%2Fmedia.zenfs.com%2Fen%2Fwwd_409%2Ff7c86811a5f1d81375df726264fdef2b,Stetson / THE GREAT.,high,25-piece western-inspired collection with apparel and accessories.,2026-05-31
Q12026-055,Burberry x Royal Collection Trust,Burberry,Royal Collection Trust,cultural institution,outerwear; scarves; jewelry,2026-03-12,2026-03-12,global selected stores; United Kingdom royal shops; online,United Kingdom,4,,,,Burberry.com; selected Burberry stores; RoyalCollectionShop.co.uk; RCT shops,https://www.burberryplc.com/news/brand/2026/burberry-presents-a-new-capsule-collection-created-in-collaboration-with-royal-collection-trust,https://www.burberryplc.com/news/brand/2026/burberry-presents-a-new-capsule-collection-created-in-collaboration-with-royal-collection-trust,https://www.burberryplc.com/content/dam/burberryplc/corporate/images/newsroom/brand/2026/rct-collection/RCT-collection-4.jpg/_jcr_content/renditions/cq5dam.thumbnail.640.640.png,Burberry / Royal Collection Trust,high,Four designs marking Queen Elizabeth II's centenary.,2026-05-31
Q12026-056,Topshop x Tolu Coker DOORS,Topshop,Tolu Coker,designer,womenswear; denim; tailoring; knitwear,2026-03-02,2026-02-19,global online,United Kingdom,18,,,,Topshop.com,https://www.asosplc.com/news-and-media/latest-news/topshop-launches-capsule-collection-with-celebrated-designer-tolu-coker/,https://www.asosplc.com/news-and-media/latest-news/topshop-launches-capsule-collection-with-celebrated-designer-tolu-coker/ | https://www.asosplc.com/news-and-media/latest-news/topshop-announces-capsule-collection-with-designer-tolu-coker-with-preview-revealed-during-tolu-coker-s-defining-london-fashion-week-show/,,Topshop / Tolu Coker,high,Official source confirms early March; launch-page source states the 18-piece line went live on 2 March.,2026-05-31
Q12026-057,Express x bebe Y2K Capsule,Express,bebe,fashion brand,occasionwear; dresses; jumpsuits; rompers,2026-03-24,2026-03-24,United States; online,United States,,,,USD,Express.com; select Express stores,https://fashionunited.com/news/fashion/express-teams-up-with-bebe-for-y2k-inspired-collection/2026032471369,https://fashionunited.com/news/fashion/express-teams-up-with-bebe-for-y2k-inspired-collection/2026032471369 | https://www.businesswire.com/news/home/20260324254550/en/Express-x-bebe-Reimagines-Y2K-Style-in-Curated-Capsule-Collection,https://r.fashionunited.com/9_58BD9EqC07lJ_XeVShSctJWFtLM_eDTNMG6lg_Bak/resize:fit:1200:630:0/gravity:ce/quality:70/aHR0cHM6Ly9mYXNoaW9udW5pdGVkLmNvbS9pbWcvdXBsb2FkLzIwMjYvMDMvMjQvZXhwcmVzc3hiZWJlLW1hcmNoMjYtZTEydDY2ZGstMjAyNi0wMy0yNC5qcGVn.jpeg,Express / bebe,high,Y2K going-out capsule launched 24 March online and in select stores.,2026-05-31
Q12026-058,TOGA x Umbro First Capsule Collection,TOGA,Umbro,sportswear brand,apparel; football-inspired sportswear; bags,2026-03-19,2026-03-19,Japan; selected retail,Japan; United Kingdom,7,39600,92400,JPY,TOGA flagship stores; select retailers in Japan,https://snkrdunk.com/en/magazine/2026/03/19/toga-x-umbro-first-capsule-collection-19th-march-2026/,https://snkrdunk.com/en/magazine/2026/03/19/toga-x-umbro-first-capsule-collection-19th-march-2026/ | https://snkrdunk.com/en/magazine/2025/07/21/toga-x-umbro-ss26-release-date-price-where-to-buy/,https://snkrdunk.s3.ap-northeast-1.amazonaws.com/en/magazine/wp-content/uploads/2026/03/19110116/311a5811-14bb-478c-86d3-1886406c1e7f.jpg,TOGA / Umbro,high,First TOGA x Umbro collaboration; release source says 19 March.,2026-05-31
Q12026-059,FURFUR x Peanuts Weekend Slow,FURFUR,Peanuts,character IP,womenswear; apparel,2026-03-12,2026-03-11,Japan; online,Japan; United States,4,,,JPY,FURFUR Official Online Store; MASH STORE; USAGI ONLINE; FURFUR stores,https://www.haveagood-holiday.com/en/articles/furfur-peanuts-capsule-collection-2026,https://www.haveagood-holiday.com/en/articles/furfur-peanuts-capsule-collection-2026,https://assets.hldycdn.com/39386474-5677-4354-8ad3-a56fa178498e.jpeg,FURFUR / Peanuts,medium,Online release 12 March; in-store availability followed 14 March.,2026-05-31
Q12026-060,Barehands x Lim Shi-An Analogue,Barehands,Lim Shi-An,actress / talent,apparel; tops; bottoms; dress,2026-03-06,2026-03-06,Singapore,Singapore,7,,,SGD,Barehands retail; made-to-order,https://www.straitstimes.com/life/style/clothing-label-barehands-launches-retro-print-capsule-collection-with-actress-lim-shi-an,https://www.straitstimes.com/life/style/clothing-label-barehands-launches-retro-print-capsule-collection-with-actress-lim-shi-an,https://cassette.sphdigital.com.sg/image/straitstimes/8546f5265f325600fd5290a2b4c09cf72c016dc331f6cc6f6d76b848531c7316,Barehands / The Straits Times,medium,Seven nostalgically patterned designs; limited off-rack or made-to-order.,2026-05-31
Q12026-061,Crew Clothing x Henley Royal Regatta 2026 Regatta Range,Crew Clothing,Henley Royal Regatta,sporting event / institution,apparel; regatta range,2026-03-18,2026-03-19,United Kingdom; online,United Kingdom,,,,GBP,Crew Clothing stores; online,https://www.henleyherald.com/2026/03/19/crew-clothing-launches-2026-regatta-range/,https://www.henleyherald.com/2026/03/19/crew-clothing-launches-2026-regatta-range/,https://www.henleyherald.com/wp-content/uploads/2026/03/image001.jpg,Crew Clothing / Henley Royal Regatta,medium,SS26 capsule launched 18 March ahead of Henley Royal Regatta.,2026-05-31
Q12026-062,Disney | BLACKPINK Collection by Complex,Complex,BLACKPINK; Disney,music group; entertainment IP,streetwear; apparel,2026-03-05,2026-03-06,online exclusive,United States; South Korea,,35,125,USD,Complex.com,https://www.ibtimes.com.au/blackpink-launches-punk-inspired-disney-capsule-collection-collaboration-complex-1862746,https://www.ibtimes.com.au/blackpink-launches-punk-inspired-disney-capsule-collection-collaboration-complex-1862746,https://d.ibtimes.com.au/en/full/1845554/blackpink-selena-gomez.jpg,Disney / BLACKPINK / Complex,medium,Limited apparel capsule launched exclusively on Complex.com on 5 March.,2026-05-31
Q12026-063,Montce x Elsa Hosk Capsule Collection,Montce,Elsa Hosk,model / founder,swimwear; coverups; accessories,2026-03-02,2026-03-02,online exclusive,United States; Sweden,66,,,USD,Montce.com,https://www.whowhatwear.com/fashion/swimwear/montce-x-elsa-hosk-capsule-collection-2026,https://www.whowhatwear.com/fashion/swimwear/montce-x-elsa-hosk-capsule-collection-2026,https://cdn.mos.cms.futurecdn.net/iq4nrsCLHPyDaqS3qMLpHY-1200-80.jpg,Montce / Elsa Hosk / Who What Wear,high,66-piece romantic swimwear and vacation capsule launched 2 March.,2026-05-31
Q12026-064,66°North x Laufey Capsule Collection,66°North,Laufey,musician,outerwear; bags; T-shirts; knitwear; bonnet,2026-03-10,2026-03-10,global online; Iceland; London; Copenhagen,Iceland,5,85,415,GBP,"66North.com; stores in Iceland, London and Copenhagen",https://www.t3.com/active/outerwear/66north-laufey-capsule-collection-launc-0326,https://www.t3.com/active/outerwear/66north-laufey-capsule-collection-launc-0326,https://cdn.mos.cms.futurecdn.net/Wzx2GT3iivEfckQPaiwRtg-1920-80.jpg,66°North / Laufey,high,"Centenary-year collaboration; collection includes coat, shell bag, T-shirt, cardigan and bonnet.",2026-05-31
Q12026-065,Studio Nicholson x Perfumer H Soap Collection,Studio Nicholson,Perfumer H,fragrance house,apparel; fragrance; cap,2026-02-04,2026-02-04,Paris first; worldwide,United Kingdom,4,,,,Studio Nicholson Paris store; Studio Nicholson shops worldwide,https://www.wallpaper.com/fashion-beauty/fragrance/perfumer-h-studio-nicholson-soap-fragrance-collaboration,https://www.wallpaper.com/fashion-beauty/fragrance/perfumer-h-studio-nicholson-soap-fragrance-collaboration,https://cdn.mos.cms.futurecdn.net/DTwhSHSeUGtyEZ7ha9Qc8P-1539-80.jpg,Studio Nicholson / Perfumer H,medium,"Fragrance launched with clothing capsule: cotton shirt, cotton twill pants and Soap baseball cap.",2026-05-31
Q12026-066,Kith x The Matrix Monday Program,Kith,The Matrix,film IP,streetwear; apparel; outerwear,2026-03-23,2026-03-23,global Kith stores; online,United States,,,,USD,Kith.com; Kith flagship stores,https://selectabisso.com/en/kith-x-the-matrix--a-cyberpunk-capsule-that-merges-fashion-and-cinema/,https://selectabisso.com/en/kith-x-the-matrix--a-cyberpunk-capsule-that-merges-fashion-and-cinema/ | https://hypebeast.com/2026/3/best-drops-march-week-4-palace-evisu-kith,https://image-cdn.hypb.st/https%3A%2F%2Fhypebeast.com%2Fimage%2F2026%2F03%2F25%2Fbest-drops-march-week-4-palace-evisu-kith-tw.jpg?w=1080&cbr=1&q=90&fit=max,Kith / The Matrix,medium,Cyberpunk-inspired Monday Program capsule.,2026-05-31
Q12026-067,A.P.C. x Topologie Second Capsule,A.P.C.,Topologie,accessories / climbing-inspired brand,denim; apparel; bags; accessories,2026-03-27,2026-03-27,Japan exclusive,France; Hong Kong/Japan,,,,JPY,official online stores; select retailers in Japan,https://selectabisso.com/en/APCX-Topology%3A-A-second-capsule-collection-blending-iconic-denim-and-technical-design/,https://selectabisso.com/en/APCX-Topology%3A-A-second-capsule-collection-blending-iconic-denim-and-technical-design/,,A.P.C. / Topologie,medium,Japan-exclusive capsule with denim and technical carry design.,2026-05-31
Q12026-068,Aman Tennis Club x The Webster,Aman Tennis Club,The Webster,retailer,tennis apparel; accessories,2026-03-27,2026-03-27,United States; online/select retail,Switzerland/Global; United States,,,,USD,The Webster Palm Springs and South Beach; online,https://hype.my/centre-court-chic-aman-tennis-club-launches-capsule-collection-with-the-webster,https://hype.my/centre-court-chic-aman-tennis-club-launches-capsule-collection-with-the-webster,https://hype.my/wp-content/uploads/2026/03/aman-tennis-club-x-the-webster.webp,Aman Tennis Club / The Webster,medium,Limited tennis capsule with in-store installations in Palm Springs and South Beach Miami.,2026-05-31
Q12026-069,Target x Roller Rabbit Spring Getaway Collection,Target,Roller Rabbit,lifestyle brand,apparel; sleepwear; luggage; accessories; home-adjacent,2026-03-07,2026-02-26,United States,United States,250+,,,USD,Target.com; most Target stores,https://www.prnewswire.com/news-releases/target-and-roller-rabbit-debut-an-exclusive-spring-getaway-collection-302697146.html,https://www.prnewswire.com/news-releases/target-and-roller-rabbit-debut-an-exclusive-spring-getaway-collection-302697146.html,https://mma.prnewswire.com/media/2918781/Roller_Rabbit_X_Target.jpg?p=facebook,Target / Roller Rabbit,high,"Large multi-category collaboration; included because apparel, sleepwear, luggage and accessories are core.",2026-05-31
Q12026-070,Halara x Smiley Spring/Summer 2026,Halara,Smiley,global IP,athleisure; apparel,2026-03-30,2026-03-30,global online,United States/Global,20,,,USD,Halara online channels,https://www.prnewswire.com/news-releases/halara-launches-first-ever-global-ip-collaboration-with-smiley-302728188.html,https://www.prnewswire.com/news-releases/halara-launches-first-ever-global-ip-collaboration-with-smiley-302728188.html,https://mma.prnewswire.com/media/2945078/DSC07095.jpg?p=facebook,Halara / Smiley,high,Limited-time 20-style athleisure collection.,2026-05-31
Q12026-071,American Eagle & Aerie x Smiley,American Eagle / Aerie,Smiley,global IP,apparel; denim; accessories; fleece,2026-03-20,2026-03-20,United States; online; stores,United States/United Kingdom,41+,,,USD,American Eagle; Aerie stores; online,https://www.licensingmagazine.com/2026/03/20/ae-aerie-x-smiley-the-feel-good-summer-collection-launches/,https://www.licensingmagazine.com/2026/03/20/ae-aerie-x-smiley-the-feel-good-summer-collection-launches/,https://www.licensingmagazine.com/wp-content/uploads/2026/03/AE-Aerie-x-Smiley-The-Feel-Good-Summer-Collection-Launches.png,American Eagle / Aerie / Smiley,medium,AE side spans 41 styles; Aerie side also included in co-branded feel-good collection.,2026-05-31
Q12026-072,Subtitle x JUJUTSU KAISEN,Subtitle,JUJUTSU KAISEN / TOHO International,anime IP / entertainment company,apparel,2026-03-17,2026-03-17,United States online,United States; Japan,18,,,USD,TOHO Animation Store US,https://animetv-jp.net/news/subtitle-launches-jujutsu-kaisen-collection/,https://animetv-jp.net/news/subtitle-launches-jujutsu-kaisen-collection/,https://animetv-jp.net/wp-content/uploads/2026/03/Subtitle-JJK-Campaign-11-1.jpg,Subtitle / TOHO International,medium,18-piece fashion-forward anime apparel collaboration.,2026-05-31
Q12026-073,John Lewis x Labrum SS26 Drop Two,John Lewis,Labrum,menswear brand,menswear; footwear; bags; home-adjacent,2026-03-19,2026-03-19,United Kingdom,United Kingdom,35,,,GBP,JohnLewis.com; five John Lewis stores,https://www.theindustry.fashion/in-pictures-john-lewis-launches-second-collaboration-with-labrum-for-ss26/,https://www.theindustry.fashion/in-pictures-john-lewis-launches-second-collaboration-with-labrum-for-ss26/,https://www.theindustry.fashion/wp-content/uploads/2026/03/Untitled-design-2026-03-19T100848.760.png,John Lewis / Labrum,high,"35-piece second drop; includes denim, tailoring, co-ords, footwear and bags.",2026-05-31
Q12026-074,Supreme x MM6 Maison Margiela Spring 2026,Supreme,MM6 Maison Margiela; Timberland; Everlast; Schott,designer brand; product partners,streetwear; footwear; bags; accessories,2026-03-19,2026-03-16,global; Asia 21 March,United States; France/Italy,35,,,USD,Supreme stores; Supreme online,https://hypebeast.com/2026/3/mm6-maison-margiela-supreme-spring-2026-collaboration-collection-release-info,https://hypebeast.com/2026/3/mm6-maison-margiela-supreme-spring-2026-collaboration-collection-release-info | https://sneakernews.com/2026/03/16/supreme-mm6-maison-margiela-timberland-money-boot/,https://image-cdn.hypb.st/https%3A%2F%2Fhypebeast.com%2Fimage%2F2026%2F03%2F16%2Ftwmm6-maison-margiela-supreme-spring-2026-collaboration-collection-release-info.jpg?w=1080&cbr=1&q=90&fit=max,Supreme / MM6 Maison Margiela,high,35-piece collection including Timberland boots and Everlast lifestyle items.,2026-05-31
Q12026-075,SP5DER x adidas Superstar Collection,SP5DER,adidas,sportswear brand,footwear; apparel,2026-03-03,2026-02-27,global selected retail,United States; Germany,,,,USD,SP5DER site; adidas; select retailers,https://www.soleretriever.com/news/sp5der-adidas-superstars-collection-release-date-march-2026,https://www.soleretriever.com/news/sp5der-adidas-superstars-collection-release-date-march-2026,"https://images.soleretriever.com/blog/863ebec6927fda72ffa3eee9cc34a5fcf4db5614-620x380.png?rect=0,27,620,326&w=1200&h=630&fit=fill&auto=format",SP5DER / adidas,medium,SP5DER site drop 27 February; global adidas release 3 March.,2026-05-31
Q12026-076,Palace x World Industries Spring 2026,Palace Skateboards,World Industries,skateboard brand,streetwear; skate apparel; accessories,2026-03-14,2026-03-09,global Palace release,United Kingdom; United States,,,,,Palace stores; Palace online,https://www.finallyoffline.com/article/palace-x-world-industries-collab-drops-march-14-mmjg2w73,https://www.finallyoffline.com/article/palace-x-world-industries-collab-drops-march-14-mmjg2w73,https://www.finallyoffline.com/og-home.png,Palace / World Industries,medium,Spring Summer Week 6 skate/streetwear collaboration.,2026-05-31
Q12026-077,Gap x Awake NY Streetwear Collection,Gap,Awake NY,streetwear brand,apparel; denim; accessories; kidswear,2026-03-27,2026-03-27,United States; online,United States,27,18,268,USD,Gap.com; Gap stores,https://floradress.com/gap-awake-ny-collection-2026/,https://floradress.com/gap-awake-ny-collection-2026/,https://floradress.com/wp-content/uploads/2026/03/gap-x-awake-ny-collection-2026.webp,Gap / Awake NY,medium,27-piece apparel and accessories collection rooted in 1990s New York.,2026-05-31
Q12026-078,HOODRICH x Eastman Group U.S. Footwear Debut,HOODRICH,Eastman Group; JD Sports,licensing/manufacturing partner; retailer,footwear,2026-03-22,2026-03-20,United States,United Kingdom; United States,,100,100,USD,JD Sports,https://iconixbrand.com/hoodrich-enters-u-s-footwear-market-for-the-first-time-in-partnership-with-eastman-group/,https://iconixbrand.com/hoodrich-enters-u-s-footwear-market-for-the-first-time-in-partnership-with-eastman-group/,https://inxmedia.blob.core.windows.net/iconixbrandnew-blob/2026/03/HOODRICH_News_032026.jpg,HOODRICH / Eastman Group / JD Sports,high,Debut U.S. footwear collection developed with founder Jay Williams and launched exclusively at JD Sports.,2026-05-31
Q12026-079,Bad Bunny x adidas BadBo 1.0 Rise Apparel Capsule,adidas,Bad Bunny,musician,footwear; apparel,2026-03-28,2026-03-16,worldwide selected retail,Germany; Puerto Rico,,160,160,USD,CONFIRMED app; adidas.com; select retailers worldwide,https://sneakernews.com/2026/03/17/adidas-badbo-1-0-rise-js3886-release-date/,https://sneakernews.com/2026/03/17/adidas-badbo-1-0-rise-js3886-release-date/,,adidas / Bad Bunny,medium,BadBo footwear and first Bad Bunny x adidas apparel capsule released 28 March.,2026-05-31
Q12026-080,Thug Club x adidas Spring 2026,Thug Club,adidas,sportswear brand,footwear; apparel,2026-03-25,2026-03-18,United States; selected retail,South Korea; Germany,,80,170,USD,adidas US; select retailers,https://sneakernews.com/2026/03/13/thug-club-adidas-spring-2026/,https://sneakernews.com/2026/03/13/thug-club-adidas-spring-2026/,,Thug Club / adidas,medium,"Capsule includes oversized industrial apparel plus Superstar, adiFOM Megaride and IIINFINITY Mule.",2026-05-31
Q12026-081,Pharrell x adidas adiZero EVO SL HUMANRACE Mars,adidas,Pharrell Williams / HUMANRACE,artist / label,footwear; apparel,2026-03-21,2026-03-16,United States; selected retail,Germany; United States,,160,160,USD,adidas; Sneaker Politics; select retailers,https://sneakernews.com/2025/11/03/pharrell-adidas-evo-sl-preloved-brown-kj8809/,https://sneakernews.com/2025/11/03/pharrell-adidas-evo-sl-preloved-brown-kj8809/,,adidas / Pharrell HUMANRACE,medium,Sneaker release with mini apparel collection.,2026-05-31
Q12026-082,Brazil x Jordan Brand Away Kit and Lifestyle Collection,Jordan Brand,Brazilian Football Confederation,football federation,match kit; lifestyle apparel; footwear,2026-03-12,2026-03-12,Brazil; global football retail,United States; Brazil,,,,,Jordan/Nike football channels; selected retailers,https://sneakernews.com/2026/03/12/jordan-brand-brazil-world-cup-2026/,https://sneakernews.com/2026/03/12/jordan-brand-brazil-world-cup-2026/,,Jordan Brand / Brazilian Football Confederation,medium,First direct Jordan Brand football-federation partnership; previewed in São Paulo.,2026-05-31
Q12026-083,Palace x EVISU 35th Anniversary Capsule,Palace Skateboards,EVISU,denim brand,denim; apparel; accessories,2026-03-27,2026-03-27,US; UK; EU; Asia/Australia 28 March,United Kingdom; Japan,23,,,,Palace stores; EVISU stores; online platforms,https://hypebeast.com/2026/3/best-drops-march-week-4-palace-evisu-kith,https://hypebeast.com/2026/3/best-drops-march-week-4-palace-evisu-kith,https://image-cdn.hypb.st/https%3A%2F%2Fhypebeast.com%2Fimage%2F2026%2F03%2F25%2Fbest-drops-march-week-4-palace-evisu-kith-tw.jpg?w=1080&cbr=1&q=90&fit=max,Palace / EVISU,medium,"Fifth Palace x EVISU collaboration, tied to EVISU's 35th anniversary.",2026-05-31
Q12026-084,Pacsun x LAFC 2026 Season Opener Drop,Pacsun,Los Angeles Football Club (LAFC),sports club,apparel; fanwear,2026-02-20,2026-02-19,United States; Southern California stores; online; stadium,United States,2,,,USD,Pacsun.com; 20 Southern California Pacsun stores; LAFC HQ Store; Coliseum match activation,https://www.prnewswire.com/news-releases/pacsun-and-lafc-celebrate-historic-opening-day-at-the-coliseum-with-first-2026-capsule-collection-302692515.html,https://www.prnewswire.com/news-releases/pacsun-and-lafc-celebrate-historic-opening-day-at-the-coliseum-with-first-2026-capsule-collection-302692515.html,https://mma.prnewswire.com/media/2916603/Pacsun_x_LAFC_2026.jpg?p=facebook,Pacsun / LAFC,high,Season-opener tee and hoodie capsule; press release states launch date and channels.,2026-05-31
Q12026-085,Carter's x Once Upon a Farm Limited-Edition Capsule,Carter's,Once Upon a Farm,food brand,childrenswear; sleepwear; apparel,2026-01-20,2026-01-20,United States; online; Carter's stores nationwide,United States,12,18,20,USD,Carters.com; Carter's stores,https://ir.carters.com/news-releases/news-release-details/carters-and-once-upon-farm-launch-limited-edition-apparel,https://ir.carters.com/news-releases/news-release-details/carters-and-once-upon-farm-launch-limited-edition-apparel | https://www.businesswire.com/news/home/20260119053966/en/,https://mms.businesswire.com/media/20260119053966/en/2696016/22/HERO_Carter%E2%80%99s_x_Once_Upon_a_Farm_2.jpg,Carter's / Once Upon a Farm,high,Baby and toddler capsule with farm-fresh prints; official release says available now.,2026-05-31
Q12026-086,BAPE x CLOT Collection,A Bathing Ape (BAPE),CLOT,streetwear brand,streetwear; footwear; apparel,2026-01-17,2026-01-15,BAPE; Juice Store; select retailers; online,Japan; Hong Kong,,,,,BAPE; Juice Store; select retailers,https://www.soleretriever.com/news/articles/bape-clot-collection-release-date-january-2026,https://www.soleretriever.com/news/articles/bape-clot-collection-release-date-january-2026,"https://images.soleretriever.com/blog/40b85eaf43a323e44f917b0012e3efa817bf7393-620x380.png?rect=0,27,620,326&w=1200&h=630&fit=fill&auto=format",BAPE / CLOT / Sole Retriever,medium,Head-to-toe capsule with BAPE STA footwear; official BAPE/Juice confirmation should be added in next pass.,2026-05-31
Q12026-087,"LIFE TIME x EVEREVE Sporty, Styled Up Capsule",EVEREVE,Life Time,wellness / fitness organization,apparel; accessories; athleisure,2026-01-22,2026-01-15,United States; EVEREVE stores; select Life Time destinations; online,United States,15,36,88,USD,EVEREVE stores; Life Time destinations; evereve.com; shop.lifetime.life,https://www.prnewswire.com/news-releases/sporty-styled-up-category-leaders-life-time-and-evereve-unveil-exclusive-capsule-collection-designed-for-real-life-available-january-22-302662786.html,https://www.prnewswire.com/news-releases/sporty-styled-up-category-leaders-life-time-and-evereve-unveil-exclusive-capsule-collection-designed-for-real-life-available-january-22-302662786.html,https://mma.prnewswire.com/media/2862967/Life_Time_x_EVEREVE.jpg?p=facebook,Life Time / EVEREVE,high,15-piece athletic-inspired women's capsule; release and channels stated in press release.,2026-05-31
Q12026-088,Madhappy x PUMA Second Capsule Collection,PUMA,Madhappy,fashion / lifestyle brand,footwear; apparel; accessories,2026-03-06,2026-03-01,Madhappy first; wider PUMA release from 2026-03-12,Germany; United States,21,50,175,USD,Madhappy; PUMA,https://hypebeast.com/2026/3/madhappy-puma-capsule-collaboration-release-info,https://hypebeast.com/2026/3/madhappy-puma-capsule-collaboration-release-info,https://image-cdn.hypb.st/https%3A%2F%2Fhypebeast.com%2Fimage%2F2026%2F03%2F02%2Fmadhappy-puma-capsule-collaboration-release-info-tw.jpg?w=1080&cbr=1&q=90&fit=max,Madhappy / PUMA / Hypebeast,medium,"Second capsule spans footwear, apparel and accessories; use March 6 first availability as Q1 release date.",2026-05-31
Q12026-089,AGLXY x Comeback Kid Capsule,AGLXY / Ageless Galaxy,Comeback Kid,music artist / band,streetwear; apparel; accessories,2026-01-26,2026-01-26,Indonesia; online,Indonesia; Canada,,,,,Ageless Galaxy flagship store; online webstore,https://hypebeast.com/2026/1/aglxy-ageless-galaxy-comback-kid-capsule-collaboration-release-info,https://hypebeast.com/2026/1/aglxy-ageless-galaxy-comback-kid-capsule-collaboration-release-info,https://image-cdn.hypb.st/https%3A%2F%2Fhypebeast.com%2Fimage%2F2026%2F01%2F21%2Faglxy-ageless-galaxy-comback-kid-capsule-collaboration-release-info-tw.jpg?w=1080&cbr=1&q=90&fit=max,AGLXY / Comeback Kid / Hypebeast,medium,Streetwear capsule tied to Comeback Kid's Wake the Dead anniversary; add brand-owned source if recovered.,2026-05-31
Q12026-090,Zales x Sweethearts Valentine's Day 2026 Charm Capsule,Zales,Sweethearts / Spangler Candy,confectionery IP / brand,jewelry; accessories,2026-02-03,2026-02-04,United States; online,United States,3,49.99,49.99,USD,Zales.com,https://www.businesswire.com/news/home/20260203969786/en/,https://www.businesswire.com/news/home/20260203969786/en/,https://mms.businesswire.com/media/20260203969786/en/2711031/22/ZAL_SWTHRT_PRCrops_HeroImage19x16.jpg,Zales / Sweethearts,high,"Limited-edition 10K gold charm capsule officially launching February 3, 2026.",2026-05-31
Q12026-091,Weekend Max Mara x Sebago A Weekend with Sebago SS2026,Weekend Max Mara,Sebago,footwear brand,footwear,2026-03-23,2026-03-23,Weekend Max Mara boutiques; online,Italy; United States,4,319,319,EUR,Weekend Max Mara boutiques; Weekend Max Mara e-shop,https://fashionunited.fr/actualite/mode/weekend-max-mara-et-sebago-lultime-escale-de-leur-collaboration-pour-lete-2026/2026032341121,https://fashionunited.fr/actualite/mode/weekend-max-mara-et-sebago-lultime-escale-de-leur-collaboration-pour-lete-2026/2026032341121,https://r.fashionunited.com/bML0q0trYQa_riGX45Ql3vgfRlHsoKSjq-cqcmnG6OQ/resize:fit:1200:630:0/gravity:ce/quality:70/aHR0cHM6Ly9mYXNoaW9udW5pdGVkLmNvbS9pbWcvdXBsb2FkLzIwMjYvMDMvMjMvNTUyMTAxNjQwNjAwMi1hY2Nlc3Nvcmllcy1kZXRhaWwtMS0xNDEwMzMyMS1pbGF2MGc1YS0yMDI2LTAzLTIzLmpwZWc.jpeg,Weekend Max Mara / Sebago / FashionUnited,high,Third and final A Weekend with Sebago chapter; source states it is already available in boutiques and e-shop.,2026-05-31
Q12026-092,Fred Perry x Kris Van Assche Uniform of Youth,Fred Perry,Kris Van Assche,designer,apparel; tailoring,2026-02-19,2026-02-23,global,United Kingdom; Belgium,13,,,,Fred Perry global channels; selected retailers,https://fashionunited.uk/tags/fred-perry,https://fashionunited.uk/tags/fred-perry,,Fred Perry / Kris Van Assche / FashionUnited,high,"FashionUnited archive states the 13-piece capsule launches globally on February 19, 2026.",2026-05-31
Q12026-093,Albaray x Anna Unwin Limited-Edition Collection,Albaray,Anna Unwin,interior stylist,womenswear; apparel,2026-03-12,2026-03-17,United Kingdom; online,United Kingdom,11,,,GBP,Albaray.co.uk; selected retail partners,https://milled.com/albaray.co.uk/albaray-x-anna-unwin-SPgTT6vtpMk9kta-,https://milled.com/albaray.co.uk/albaray-x-anna-unwin-SPgTT6vtpMk9kta- | https://www.theindustry.fashion/albaray-launches-clothing-collaboration-with-interior-stylist-anna-unwin/page/3/,https://www.theindustry.fashion/wp-content/uploads/2026/03/Untitled-design-2026-03-17T104921.213.png,Albaray / Anna Unwin,high,Brand email says the limited-edition collection is here on March 12; trade source confirms 11-piece collaboration.,2026-05-31
Q12026-094,Primark Presents Rita Ora Every Move Counts Activewear Capsule,Primark,Rita Ora,artist / brand ambassador,activewear; athleisure; accessories,2026-01-05,2026-01-06,global Primark stores; click and collect markets,Ireland; United Kingdom,,4.5,,USD,Primark stores; Primark click and collect,https://corporate.primark.com/en-us/a/news/corporate-news/primarks-biggest-activewear-launch-proves-premium-fabrics-fit-and-style-can-be-affordable-and-accessible-to-everyone,https://corporate.primark.com/en-us/a/news/corporate-news/primarks-biggest-activewear-launch-proves-premium-fabrics-fit-and-style-can-be-affordable-and-accessible-to-everyone | https://www.primark.com/en-gb/a/inspiration/fashion-trends/rita-ora-x-primark,,Primark / Rita Ora,high,Official Primark release says the range launches worldwide in stores from January 5 and includes Rita Ora's activewear capsule.,2026-05-31
Q12026-095,Macy's Bar III x Khoboso Nale Knitwear Capsule,Macy's Bar III,Khoboso Nale,designer,knitwear; womenswear; apparel,2026-03-11,2026-03-16,United States; Macy's Herald Square; select stores; online,United States; Lesotho/United States,,,,USD,Macy's Herald Square; select Macy's stores; Macys.com,https://news.fitnyc.edu/2026/03/16/macys-launches-capsule-collection-of-knitwear-designer-khoboso-nale/,https://news.fitnyc.edu/2026/03/16/macys-launches-capsule-collection-of-knitwear-designer-khoboso-nale/,https://news.fitnyc.edu/wp-content/uploads/2026/03/macys-khaboso-feat.png,Macy's / FIT Newsroom,high,FIT Newsroom reports the Bar III capsule nearly sold out during its March 11 launch and is available in store and online.,2026-05-31
Q12026-096,Champion x UNDERCOVER Spring/Summer 2026,Champion,UNDERCOVER,designer brand,apparel; sportswear,2026-02-14,2026-02-13,Japan; online; select global retailers,United States; Japan,,,,,UNDERCOVER; Champion; select retailers,https://hypebeast.com/2026/2/champion-x-undercover-spring-summer-2026-collaboration,https://hypebeast.com/2026/2/champion-x-undercover-spring-summer-2026-collaboration,,Champion / UNDERCOVER / Hypebeast,medium,Hypebeast reports the drop releases February 14; add official retail page in next pass.,2026-05-31
Q12026-097,BAPE x New Era Spring/Summer 2026,A Bathing Ape (BAPE),New Era,headwear brand,headwear; apparel; accessories,2026-02-07,2026-02-05,global BAPE channels; selected New Era channels,Japan; United States,,,,,BAPE; New Era; selected retailers,https://hypebeast.com/2026/2/bape-new-era-ss26-collaboration,https://hypebeast.com/2026/2/bape-new-era-ss26-collaboration,,BAPE / New Era / Hypebeast,medium,Release-media record for SS26 BAPE x New Era capsule; official source still needed.,2026-05-31
Q12026-098,OUR LEGACY WORK SHOP x Goldwin,OUR LEGACY WORK SHOP,Goldwin,outdoor apparel brand,outerwear; apparel; accessories,2026-01-09,2026-01-08,online; select retail,Sweden; Japan,,,,,OUR LEGACY WORK SHOP; Goldwin; select retailers,https://hypebeast.com/2026/1/our-legacy-work-shop-goldwin-collaboration-release-info,https://hypebeast.com/2026/1/our-legacy-work-shop-goldwin-collaboration-release-info,,OUR LEGACY WORK SHOP / Goldwin / Hypebeast,medium,Hypebeast reports the collaboration releases January 9; next pass should recover brand-owned launch page.,2026-05-31
Q12026-099,CLOT x adidas Lunar New Year 2026 Collection,CLOT,adidas,sportswear brand,footwear; apparel,2026-01-31,2026-01-27,global selected retail; online,Hong Kong; Germany,,,,,adidas; CLOT; selected retailers,https://hypebeast.com/2026/1/clot-adidas-lunar-new-year-2026-release-info,https://hypebeast.com/2026/1/clot-adidas-lunar-new-year-2026-release-info,,CLOT / adidas / Hypebeast,medium,Lunar New Year capsule with footwear and apparel; Hypebeast states January 31 release.,2026-05-31
Q12026-100,Kazuki Kuraishi x BAPE Performance All Weather,A Bathing Ape (BAPE),Kazuki Kuraishi,designer,apparel; outerwear; accessories,2026-03-08,2026-03-07,BAPE channels; online,Japan,,,,,BAPE; selected online retailers,https://hypebeast.com/2026/3/best-drops-march-week-1-kazuki-kuraishi-bape,https://hypebeast.com/2026/3/best-drops-march-week-1-kazuki-kuraishi-bape,,BAPE / Kazuki Kuraishi / Hypebeast,medium,Release date taken from Hypebeast weekly drop listing for the Performance All Weather collection.,2026-05-31
Q12026-101,UNDERCOVER x Dickies Spring/Summer 2026,UNDERCOVER,Dickies,workwear brand,apparel; workwear,2026-03-05,2026-03-05,UNDERCOVER channels; online,Japan; United States,,,,,UNDERCOVER; selected retailers,https://hypebeast.com/2026/3/undercover-dickies-spring-summer-2026-collection,https://hypebeast.com/2026/3/undercover-dickies-spring-summer-2026-collection,,UNDERCOVER / Dickies / Hypebeast,medium,Observed availability from Hypebeast publication; official release date should be confirmed.,2026-05-31
Q12026-102,Palace x San Francisco Giants,Palace Skateboards,San Francisco Giants,sports team,apparel; headwear; accessories,2026-02-13,2026-02-12,Palace stores; online; selected regions,United Kingdom; United States,,,,,Palace stores; Palace webstore,https://hypebeast.com/2026/2/best-drops-february-week-2-palace-san-francisco-giants,https://hypebeast.com/2026/2/best-drops-february-week-2-palace-san-francisco-giants,,Palace / San Francisco Giants / Hypebeast,medium,Weekly drop listing includes Palace's San Francisco Giants collaboration for February week 2.,2026-05-31
Q12026-103,Fred Perry x Craig Green Third Collaboration,Fred Perry,Craig Green,designer,apparel; menswear,2026-03-19,2026-03-18,global,United Kingdom,,,,,Fred Perry; selected retailers,https://hypebeast.com/2026/3/craig-green-fred-perry-third-collaboration-release-info,https://hypebeast.com/2026/3/craig-green-fred-perry-third-collaboration-release-info,,Fred Perry / Craig Green / Hypebeast,medium,Hypebeast states the third collaboration drops globally on March 19.,2026-05-31
Q12026-104,MU:DS x BTS Artist-Made Collection,MU:DS,BTS,music artist / group,apparel; caps; accessories,2026-03-20,2026-03-18,online; Korea; global fans,South Korea,14,,,,MU:DS official store; National Museum Foundation of Korea channels,https://hypebeast.com/2026/3/bts-artist-made-collection-release-info,https://hypebeast.com/2026/3/bts-artist-made-collection-release-info,,MU:DS / BTS / Hypebeast,medium,"Collection includes T-shirts, caps and keyrings; A-side treated as official merchandise/apparel brand.",2026-05-31
Q12026-105,Holiday x Call of Duty Capsule Collection,Holiday,Call of Duty / Activision,game IP,apparel; streetwear,2026-03-20,2026-03-18,New York in-store; online,United States,,,,,Holiday store; online store,https://hypebeast.com/2026/3/call-of-duty-holiday-capsule-collection-release-info,https://hypebeast.com/2026/3/call-of-duty-holiday-capsule-collection-release-info,,Holiday / Call of Duty / Hypebeast,medium,Hypebeast lists New York release followed by online drop on March 20.,2026-05-31
Q12026-106,NEIGHBORHOOD x Team Ikuzawa Spring/Summer 2026,NEIGHBORHOOD,Team Ikuzawa,motorsport heritage brand,apparel; accessories,2026-02-21,2026-02-19,online; Japan; selected retail,Japan,,,,,NEIGHBORHOOD; Team Ikuzawa; select retailers,https://hypebeast.com/2026/2/neighborhood-team-ikuzawa-spring-summer-2026-collaboration-release-info,https://hypebeast.com/2026/2/neighborhood-team-ikuzawa-spring-summer-2026-collaboration-release-info,,NEIGHBORHOOD / Team Ikuzawa / Hypebeast,medium,Hypebeast reports a February 21 release for the third collaboration.,2026-05-31
Q12026-107,Anti Social Social Club x G-SHOCK Collaboration,Anti Social Social Club,G-SHOCK,watch / accessories brand,accessories; apparel,2026-02-21,2026-02-20,United States; online,United States; Japan,,,,,Anti Social Social Club online,https://hypebeast.com/2026/2/best-drops-february-week-3-anti-social-social-club-g-shock,https://hypebeast.com/2026/2/best-drops-february-week-3-anti-social-social-club-g-shock,,Anti Social Social Club / G-SHOCK / Hypebeast,medium,Release-media availability record; treated as accessories collaboration because G-SHOCK is the B-side.,2026-05-31
Q12026-108,Dickies x thisisneverthat Spring/Summer 2026,Dickies,thisisneverthat,streetwear brand,workwear; apparel,2026-01-17,2026-01-16,global selected retail; online,United States; South Korea,,,,,Dickies; thisisneverthat; selected retailers,https://hypebeast.com/2026/1/dickies-thisisneverthat-spring-summer-2026-collaboration,https://hypebeast.com/2026/1/dickies-thisisneverthat-spring-summer-2026-collaboration,,Dickies / thisisneverthat / Hypebeast,medium,Hypebeast reports January 17 release of the ongoing workwear collaboration.,2026-05-31
Q12026-109,New Era x Doraemon Collection,New Era,Doraemon,anime / character IP,headwear; apparel; accessories,2026-01-15,2026-01-15,online; selected New Era channels,United States; Japan,30+,,,,New Era channels; selected retailers,https://hypebeast.com/2026/1/new-era-doraemon-collection-collaboration-release-info,https://hypebeast.com/2026/1/new-era-doraemon-collection-collaboration-release-info,,New Era / Doraemon / Hypebeast,medium,More than 30 styles across caps and apparel; Hypebeast reports availability from January 15.,2026-05-31
Q12026-110,WILDSIDE Yohji Yamamoto x NEEDLES,WILDSIDE Yohji Yamamoto,NEEDLES,fashion brand,apparel; tracksuits,2026-01-15,2026-01-14,Japan; online; selected retail,Japan,4,,,,WILDSIDE Yohji Yamamoto; NEEDLES; selected retailers,https://hypebeast.com/2026/1/wildside-yohji-yamamoto-needles-collaboration-release-info,https://hypebeast.com/2026/1/wildside-yohji-yamamoto-needles-collaboration-release-info,,WILDSIDE Yohji Yamamoto / NEEDLES / Hypebeast,medium,Four-piece monochrome tracksuit capsule; Hypebeast reports January 15 release.,2026-05-31
Q12026-111,Barbour x Feng Chen Wang Year of the Horse Capsule,Barbour,Feng Chen Wang,designer,outerwear; apparel,2026-01-10,2026-01-10,Barbour webstore; selected retail,United Kingdom; China/United Kingdom,,,,,Barbour webstore; selected retailers,https://hypebeast.com/2026/1/barbour-feng-chen-wang-year-of-the-horse-capsule-release-info,https://hypebeast.com/2026/1/barbour-feng-chen-wang-year-of-the-horse-capsule-release-info,,Barbour / Feng Chen Wang / Hypebeast,medium,Hypebeast reports the capsule is available via Barbour's webstore; exact first-sale day uses publication date.,2026-05-31
Q12026-112,Paper Planes x NFL Super Bowl 2026 Capsule,Paper Planes,Roc Nation; National Football League (NFL),music company; sports league,apparel; headwear; accessories,2026-02-05,2026-02-05,United States; online; Super Bowl retail,United States,,,,USD,Paper Planes; Fanatics/NFL channels; event retail,https://hypebeast.com/2026/2/roc-nation-paper-planes-nfl-super-bowl-lx-capsule-collection-release-info,https://hypebeast.com/2026/2/roc-nation-paper-planes-nfl-super-bowl-lx-capsule-collection-release-info,,Paper Planes / NFL / Roc Nation / Hypebeast,medium,Super Bowl capsule from Roc Nation's Paper Planes brand and the NFL; verify exact retail channels next pass.,2026-05-31
Q12026-113,Converse x Hello Kitty and Friends with Swarovski,Converse,Hello Kitty and Friends; Swarovski,character IP; crystal brand,footwear; accessories,2026-01-20,2026-01-17,global selected retail; online,United States; Japan; Austria,,,,,Converse; selected retailers,https://hypebeast.com/2026/1/converse-hello-kitty-and-friends-swarovski-collaboration-release-info,https://hypebeast.com/2026/1/converse-hello-kitty-and-friends-swarovski-collaboration-release-info,,Converse / Sanrio / Swarovski / Hypebeast,medium,Hypebeast reports the crystal-covered Converse collaboration launches January 20.,2026-05-31
Q12026-114,Alice + Olivia x PQ Swim Spring Break Capsule,Alice + Olivia,PQ Swim,swimwear brand,swimwear; coverups; apparel,2026-03-03,2026-03-03,online; selected retail,United States,,,,USD,Alice + Olivia; PQ Swim; selected retailers,https://fashionweekdaily.com/alice-olivia-pq-swim-spring-break-collaboration/,https://fashionweekdaily.com/alice-olivia-pq-swim-spring-break-collaboration/,,Alice + Olivia / PQ Swim / Daily Front Row,medium,Fashion-media source reports the spring break capsule launch; official product URL should be added if available.,2026-05-31
Q12026-115,NikeCraft x Tom Sachs ISRU Uniform,NikeCraft,Tom Sachs,artist,apparel; footwear; accessories,2026-02-20,2026-02-19,online; selected retail,United States,,,,USD,NikeCraft / Nike channels; selected retailers,https://hypebeast.com/2026/2/tom-sachs-nikecraft-isru-uniform-release-info,https://hypebeast.com/2026/2/tom-sachs-nikecraft-isru-uniform-release-info,,NikeCraft / Tom Sachs / Hypebeast,medium,Release-media source for apparel/footwear uniform; exact Nike product page should be recovered for high confidence.,2026-05-31
