image_id,collab_id,series_name,thumbnail_url,source_page_url,image_credit,rights_note,link_status
Q12026-001-IMG-001,Q12026-001,BALENCIAGA I NBA Collaboration,https://www.balenciaga.com/on/demandware.static/Sites-BAL-R-INTL-Site/-/default/dw1c432bb9/images/thumbnail-social.png,https://www.balenciaga.com/en-en/balenciaga-%7C-nba-collaboration,Balenciaga / NBA,Internal research index only; do not republish without checking source rights/licensing.,meta image found
Q12026-002-IMG-001,Q12026-002,Red Wing x HUMAN MADE The Future Is in the Past,https://www.ramp.space/assets/image-cache/x-byarcessang1.e2bfb6d3.fcad5607.jpg,https://www.humanmade.jp/en/news/human-made-red-wing-2025-dec.html,Red Wing Heritage / HUMAN MADE,Internal research index only; do not republish without checking source rights/licensing.,meta image found
Q12026-003-IMG-001,Q12026-003,Stella McCartney x Jeff Koons Limited-Edition Capsule,"https://hips.hearstapps.com/hmg-prod/images/a9aa8cdc-44b6-4209-8e2e-9602c7446c19.jpg?crop=1xw:0.888888888889xh;center,top&resize=1200:*",https://www.stellamccartney.com/us/en/women/stella-mccartney-x-jeff-koons,Stella McCartney / Jeff Koons,Internal research index only; do not republish without checking source rights/licensing.,meta image found
Q12026-004-IMG-001,Q12026-004,SKIMS x Team USA Milano Cortina 2026 Capsule,"https://hips.hearstapps.com/hmg-prod/images/a9aa8cdc-44b6-4209-8e2e-9602c7446c19.jpg?crop=1xw:0.888888888889xh;center,top&resize=1200:*",https://skims.com/collections/skims-for-team-usa,SKIMS / Team USA,Internal research index only; do not republish without checking source rights/licensing.,meta image found
Q12026-005-IMG-001,Q12026-005,Snow Goose by Haider Ackermann x Canada Goose Drop 2,"https://hips.hearstapps.com/hmg-prod/images/a9aa8cdc-44b6-4209-8e2e-9602c7446c19.jpg?crop=1xw:0.888888888889xh;center,top&resize=1200:*",https://www.elle.com/fashion/a69947238/best-fashion-launches-january-2026/,Canada Goose / ELLE,Internal research index only; do not republish without checking source rights/licensing.,meta image found
Q12026-006-IMG-001,Q12026-006,Moncler + Rick Owens Spring/Summer 2026,https://imgix.bustle.com/uploads/image/2026/5/21/4f05eb78/zara-playa_0037.jpg?w=1200&h=630&fit=crop&crop=focalpoint&fm=jpg&fp-x=0.5415&fp-y=0.369,https://us.fashionnetwork.com/news/Moncler-and-rick-owens-launch-first-summer-collection%2C1798281.html,Moncler x Rick Owens / FashionNetwork,Internal research index only; do not republish without checking source rights/licensing.,meta image found
Q12026-007-IMG-001,Q12026-007,Alpha Industries x Cecilie Bahnsen Icons in Transformation,https://www.designscene.net/wp-content/uploads/2026/01/Alpha-Industries-x-Cecilie-Behnsen-00.webp,https://www.designscene.net/2026/01/alpha-industries-x-cecilie-bahnsen-icons.html,Alpha Industries x Cecilie Bahnsen / Design Scene,Internal research index only; do not republish without checking source rights/licensing.,meta image found
Q12026-008-IMG-001,Q12026-008,Nike x NIGO Air Force 3 Final Chapter,https://media.about.nike.com/img/2f03d126-c130-4d66-817d-d46d59006cf1/nike-x-nigo-campaign-1.jpg?m=eyJlZGl0cyI6eyJqcGVnIjp7InF1YWxpdHkiOjEwMH0sIndlYnAiOnsicXVhbGl0eSI6MTAwfSwiZXh0cmFjdCI6eyJsZWZ0IjowLCJ0b3AiOjAsIndpZHRoIjozMjAwLCJoZWlnaHQiOjIxMzJ9LCJyZXNpemUiOnsid2lkdGgiOjkwMH19fQ%3D%3D&s=2d283d2e771826ed64aed5aba2bcd159e20fdc55babf9f0d73a168943c552e46,https://about.nike.com/en-GB/newsroom/releases/nike-x-nigo-partnership-launches-with-exclusive-air-force-iii-and-apparel-collection,Nike / NIGO,Internal research index only; do not republish without checking source rights/licensing.,meta image found
Q12026-009-IMG-001,Q12026-009,Jordan Brand x Levi's Air Jordan 3 and Apparel Collection,"https://static.nike.com/a/images/w_1920,c_limit/wzrqsjqpg6pslrevtkpl/image.png",https://www.nike.com/a/jordan-levis-release-info,Jordan Brand / Levi's,Internal research index only; do not republish without checking source rights/licensing.,meta image found
Q12026-010-IMG-001,Q12026-010,PUMA x McLaren Racing Lifestyle Collection,https://about.puma.com/sites/default/files/media/news/images/26ss-pr-ms-mclaren-race-louder-03-16x9-1920x1080px.jpg,https://about.puma.com/en/newsroom/corporate-news/2026/20-01-2026-mclaren-racing-and-puma-unite-performance-and-style-new,PUMA / McLaren Racing,Internal research index only; do not republish without checking source rights/licensing.,meta image found
Q12026-011-IMG-001,Q12026-011,Aqua x Wuthering Heights Collection,,https://ww.fashionnetwork.com/news/Bloomingdale-s-launches-new-retail-experience-inspired-by-wuthering-heights-%2C1798311.html,Bloomingdale's / Aqua / Warner Bros. Discovery,Internal research index only; do not republish without checking source rights/licensing.,source page only
Q12026-012-IMG-001,Q12026-012,Kith Loyalty Exclusive Collection with ASICS and New Era,https://selectabisso.com/wp-content/uploads/2026/01/IMG_9980.jpeg,https://selectabisso.com/en/Kith-Loyalty-Exclusive-Collection%3A-An-exclusive-capsule-collection-with-Asics-and-New-Era/,Kith / ASICS / New Era,Internal research index only; do not republish without checking source rights/licensing.,meta image found
Q12026-013-IMG-001,Q12026-013,Solebox x BAPE STA Tokyo Lights,https://selectabisso.com/wp-content/uploads/2026/01/solebox-bape-bapesta-tokyo-lights-2.jpg,https://selectabisso.com/en/solebox-x-bape-sta-tokyo-lights-une-exclusivite-parisienne-entre-heritage-et-eclat-nocturne/,Solebox / BAPE,Internal research index only; do not republish without checking source rights/licensing.,meta image found
Q12026-014-IMG-001,Q12026-014,Anti Social Social Club x NFL Super Bowl Collection,http://static1.squarespace.com/static/532313ece4b08487acaec7a2/58659f84d1758e4aacc02021/697a37fe66448473a5195087/1769617496189/624223595_18554085826055864_4957461133251326599_n.jpg?format=1500w,https://www.sneakershouts.com/fashion/2026/1/28/now-available-anti-social-social-club-x-nfl-super-bowl-collection,Anti Social Social Club / NFL,Internal research index only; do not republish without checking source rights/licensing.,meta image found
Q12026-015-IMG-001,Q12026-015,Pandora x Bridgerton Collection,https://cdn.mos.cms.futurecdn.net/qnE3ZY75vPKbzMjMLBYT7-1200-80.png,https://www.marieclaire.co.uk/fashion/fashion-industry-news,Pandora / Bridgerton,Internal research index only; do not republish without checking source rights/licensing.,meta image found
Q12026-016-IMG-001,Q12026-016,BAPE x adidas World Cup Pack,,https://sneakernews.com/2025/08/11/bape-adidas-world-cup-2026/,BAPE / adidas,Internal research index only; do not republish without checking source rights/licensing.,source page only
Q12026-017-IMG-001,Q12026-017,Just Don x BAPE Collection,,https://sneakernews.com/2026/02/05/just-don-bape-sta-2026/,BAPE / Just Don,Internal research index only; do not republish without checking source rights/licensing.,source page only
Q12026-018-IMG-001,Q12026-018,Fast & Furious x PUMA Basketball Collection,https://www.licensingmagazine.com/wp-content/uploads/2026/02/PUMA-Basketball-x-Fast-and-Furious.png,https://www.licensingmagazine.com/2026/02/02/puma-basketball-launches-fast-furious-sneakers/,PUMA / Universal Pictures,Internal research index only; do not republish without checking source rights/licensing.,meta image found
Q12026-019-IMG-001,Q12026-019,adidas x Entire Studios SS26,,https://news.adidas.com/partnerships/adidas-and-entire-studios-introduce-a-new-expression-of-modern-sport-style--built-for-movement/s/167c4b9b-c8b5-4f0d-a373-65bcfd0b495d,adidas / Entire Studios,Internal research index only; do not republish without checking source rights/licensing.,source page only
Q12026-020-IMG-001,Q12026-020,sacai x Carhartt WIP Spring/Summer 2026,https://cdn.sanity.io/images/hue6jiar/shared-assets_production/8e6ada9528a5db548da6f401a9f0315df1446e11-1360x1020.jpg?rect=0%2C0%2C1360%2C880&w=1200&h=630&fit=crop,https://www.carhartt-wip.com/en-gb/e/sacai-x-carhartt-wip-spring-summer-2026,sacai / Carhartt WIP,Internal research index only; do not republish without checking source rights/licensing.,meta image found
Q12026-021-IMG-001,Q12026-021,UNIQLO : C Spring/Summer 2026,"https://www.insidehook.com/wp-content/uploads/2026/02/UniqloC-Hero.jpg?resize=1200,800",https://www.insidehook.com/style/uniqlo-c-spring-summer-2026-collection,UNIQLO,Internal research index only; do not republish without checking source rights/licensing.,meta image found
Q12026-022-IMG-001,Q12026-022,UNIQLO and JW ANDERSON Spring/Summer 2026,,https://alvinology.com/2026/02/16/uniqlo-and-jw-anderson-unveil-2026-spring-summer-collection-with-modern-preppy-twist/,UNIQLO / JW ANDERSON,Internal research index only; do not republish without checking source rights/licensing.,source page only
Q12026-023-IMG-001,Q12026-023,adidas x Audi Revolut F1 Team Collection,,https://www.audi-mediacenter.com/en/press-releases/global-launch-of-adidas-x-audi-revolut-f1-team-collection-17014/download,adidas / Audi Revolut F1 Team,Internal research index only; do not republish without checking source rights/licensing.,source page only
Q12026-024-IMG-001,Q12026-024,J.Crew Rollneck Remix,"https://www.insidehook.com/wp-content/uploads/2026/02/J.Crew-Rollneck-Remix-Hero.png?resize=1200,800",https://www.insidehook.com/style/j-crew-rollneck-remix-2026,J.Crew,Internal research index only; do not republish without checking source rights/licensing.,meta image found
Q12026-025-IMG-001,Q12026-025,Jimmy Choo x noir kei ninomiya Spring/Summer 2026,https://images-prod.anothermag.com/676/0-348-676-450/azure/another-prod/460/9/469449.JPG,https://www.anothermag.com/fashion-beauty/16964/jimmy-choo-noir-kei-ninomiya,Jimmy Choo / noir kei ninomiya,Internal research index only; do not republish without checking source rights/licensing.,meta image found
Q12026-026-IMG-001,Q12026-026,Harlem's Fashion Row x Gap,http://static1.squarespace.com/static/532313ece4b08487acaec7a2/58659f84d1758e4aacc02021/6995389adbe118200801dc4f/1771387106461/cn61831776.png?format=1500w,https://www.sneakershouts.com/fashion/2026/2/17/now-available-harlem-fashion-row-x-gap-collection,Gap / Harlem's Fashion Row,Internal research index only; do not republish without checking source rights/licensing.,meta image found
Q12026-027-IMG-001,Q12026-027,Paul Smith Loves Barbour Spring/Summer 2026,https://www.apparelgroup.com/en/wp-content/uploads/2023/01/ag-stack-logo.jpeg,https://www.apparelgroup.com/en/news/apparel-group-introduces-paul-smith-loves-barbour-spring-summer-2026-collection/,Barbour / Paul Smith,Internal research index only; do not republish without checking source rights/licensing.,meta image found
Q12026-028-IMG-001,Q12026-028,Frame x Amelia Gray Collaboration Restock and Expansion,"https://hips.hearstapps.com/hmg-prod/images/ff802966-5df2-4379-8c77-1df9adf13f84.jpeg?crop=1xw:0.38xh;0xw,0.274xh&resize=1200:*",https://www.elle.com/fashion/a70201790/best-fashion-launches-february-2026/,Frame / ELLE,Internal research index only; do not republish without checking source rights/licensing.,meta image found
Q12026-029-IMG-001,Q12026-029,Ray-Ban by A$AP Rocky Metal Eyewear Collection,"https://hips.hearstapps.com/hmg-prod/images/ff802966-5df2-4379-8c77-1df9adf13f84.jpeg?crop=1xw:0.38xh;0xw,0.274xh&resize=1200:*",https://www.elle.com/fashion/a70201790/best-fashion-launches-february-2026/,Ray-Ban / ELLE,Internal research index only; do not republish without checking source rights/licensing.,meta image found
Q12026-030-IMG-001,Q12026-030,La Ligne x Steve McQueen Estate Capsule,"https://hips.hearstapps.com/hmg-prod/images/ff802966-5df2-4379-8c77-1df9adf13f84.jpeg?crop=1xw:0.38xh;0xw,0.274xh&resize=1200:*",https://www.elle.com/fashion/a70201790/best-fashion-launches-february-2026/,La Ligne / Steve McQueen Estate,Internal research index only; do not republish without checking source rights/licensing.,meta image found
Q12026-031-IMG-001,Q12026-031,On x Sky High Farm Goods SS26,https://cdn.mos.cms.futurecdn.net/AFiU7pkz8otbtgWS9tT8oK-2560-80.jpg,https://www.t3.com/active/running/on-and-sky-high-farm-goods-are-back-with-a-wildflower-inspired-trainer-drop-for-ss26,On / Sky High Farm Goods,Internal research index only; do not republish without checking source rights/licensing.,meta image found
Q12026-032-IMG-001,Q12026-032,Moschino x Snoop Dogg Winter Capsule,https://www.designscene.net/wp-content/uploads/2026/02/Moschino-x-Snoop-Dogg-f.webp,https://www.designscene.net/2026/02/moschino-x-snoop-dogg-collaboration.html,Moschino,Internal research index only; do not republish without checking source rights/licensing.,meta image found
Q12026-033-IMG-001,Q12026-033,AMERICANA for SALON 26SS,https://assets.hldycdn.com/505d1a7c-72c9-4260-a30c-8122ec5752f4.jpeg,https://www.haveagood-holiday.com/en/articles/americana-salon-adam-et-rope-26ss-capsule-collection,SALON adam et rope / AMERICANA,Internal research index only; do not republish without checking source rights/licensing.,meta image found
Q12026-034-IMG-001,Q12026-034,NEWYORKER WOMEN x Artisan & Artist Spring 2026,https://assets.hldycdn.com/c9903c98-565a-4c8c-888b-2b9b1598c79f.jpeg,https://www.haveagood-holiday.com/en/articles/newyorker-artisan-artist-2026-spring-collaboration-pouches,NEWYORKER WOMEN / Artisan & Artist,Internal research index only; do not republish without checking source rights/licensing.,meta image found
Q12026-035-IMG-001,Q12026-035,Cupshe x Jessie James Decker Casa del Sol,,https://www.streetinsider.com/Press%2BReleases/Cupshe%2BLaunches%2BCasa%2Bdel%2BSol%2C%2Ba%2BTwo-Part%2BCollection%2BCo-Designed%2Bwith%2BJessie%2BJames%2BDecker%2Band%2BEric%2BDecker/26067493.html,Cupshe,Internal research index only; do not republish without checking source rights/licensing.,source page only
Q12026-036-IMG-001,Q12026-036,Marchesa Mini x Gymboree,https://static.stocktitan.net/company-logo/plce-lg.png?v=c7bc8ddbd5,https://www.stocktitan.net/news/PLCE/gymboree-and-marchesa-introduce-marchesa-mini-x-gymboree-a-9j4kcpqbwo0o.html,Gymboree / Marchesa Mini,Internal research index only; do not republish without checking source rights/licensing.,meta image found
Q12026-037-IMG-001,Q12026-037,JOURNAL STANDARD x Technics SL-1200 Capsule,,https://selectabisso.com/en/Technics-x-Journal-Standard%3A-a-fashion-capsule-collection-paying-homage-to-the-legendary-SL-1200/,JOURNAL STANDARD / Technics,Internal research index only; do not republish without checking source rights/licensing.,source page only
Q12026-038-IMG-001,Q12026-038,Aimé Leon Dore x New Balance SS26 Activewear Capsule,https://modernnotoriety.com/wp-content/uploads/2026/02/aime-leon-dore-ss-26-release-date.jpg,https://modernnotoriety.com/aime-leon-dore-spring-summer-2026-collection-release-date/,Aimé Leon Dore / New Balance,Internal research index only; do not republish without checking source rights/licensing.,meta image found
Q12026-039-IMG-001,Q12026-039,RAEN SS26 Ambassador Collaborations,,https://shop-eat-surf-outdoor.com/press-releases/raen-introduces-its-spring-summer-2026-collection/616930/,RAEN,Internal research index only; do not republish without checking source rights/licensing.,source page only
Q12026-040-IMG-001,Q12026-040,Converse x Oshi no Ko Collection,https://media.assettype.com/outlook-respawn/2026-02-10/h1dats10/74055-730-55f32d26b2.imresizer.jpg,https://respawn.outlookindia.com/pop-culture/pop-culture-news/converse-collabs-with-oshi-no-ko-for-an-anime-inspired-collection,Converse / Oshi no Ko,Internal research index only; do not republish without checking source rights/licensing.,meta image found
Q12026-041-IMG-001,Q12026-041,The Whitaker Group x adidas Capsule,,https://sneakernews.com/2026/02/19/the-whitaker-group-adidas-2026/,The Whitaker Group / adidas,Internal research index only; do not republish without checking source rights/licensing.,source page only
Q12026-042-IMG-001,Q12026-042,Cactus Plant Flea Market x Nike ACG Spring 2026,,https://sneakernews.com/2026/02/26/cactus-plant-flea-market-nike-acg/,CPFM / Nike ACG,Internal research index only; do not republish without checking source rights/licensing.,source page only
Q12026-043-IMG-001,Q12026-043,Rakeem Miles x K-Swiss Drop 3,,https://sneakernews.com/2026/02/23/rakeem-miles-k-swiss-court-tie-break/,K-Swiss / Rakeem Miles,Internal research index only; do not republish without checking source rights/licensing.,source page only
Q12026-044-IMG-001,Q12026-044,The North Face x Cecilie Bahnsen Third Collaboration,https://footwearmagazine.com/wp-content/uploads/2026/03/f2nzgxym.jpg,https://footwearmagazine.com/the-north-face-cecilie-bahnsen-third-collab/,The North Face / Cecilie Bahnsen,Internal research index only; do not republish without checking source rights/licensing.,meta image found
Q12026-045-IMG-001,Q12026-045,Kith x On Running K-Tech,,https://sneakernews.com/2026/02/27/kith-on-running-k-tech-2026/,Kith / On Running,Internal research index only; do not republish without checking source rights/licensing.,source page only
Q12026-046-IMG-001,Q12026-046,Thom Browne x ASICS GEL-KAYANO 14,https://footwearmagazine.com/wp-content/uploads/2026/03/gsywbft9.jpg,https://footwearmagazine.com/asics-thom-browne-super-bowl-gel-kayano-14/,Thom Browne / ASICS,Internal research index only; do not republish without checking source rights/licensing.,meta image found
Q12026-047-IMG-001,Q12026-047,MOTHER x Merci Capsule,"https://hips.hearstapps.com/hmg-prod/images/e4985f8b-df19-49a3-beb1-6d4de8f554fd.jpeg?crop=1xw:0.72xh;0xw,0.216xh&resize=1200:*",https://www.elle.com/fashion/a70574295/best-fashion-launches-march-2026/,MOTHER / Merci / ELLE,Internal research index only; do not republish without checking source rights/licensing.,meta image found
Q12026-048-IMG-001,Q12026-048,Dôen x Garrett Leight Sunglasses,"https://hips.hearstapps.com/hmg-prod/images/e4985f8b-df19-49a3-beb1-6d4de8f554fd.jpeg?crop=1xw:0.72xh;0xw,0.216xh&resize=1200:*",https://www.elle.com/fashion/a70574295/best-fashion-launches-march-2026/,Dôen / Garrett Leight / ELLE,Internal research index only; do not republish without checking source rights/licensing.,meta image found
Q12026-049-IMG-001,Q12026-049,Sperry x Monse Spring/Summer 2026,https://theimpression.com/wp-content/uploads/2026/03/Sperry-x-Monse-Spring-2025-News-The-Impression-001-low-resolution-v2-2x-faceai-v2-scaled.jpeg,https://theimpression.com/monse-and-sperry-launch-first-footwear-collaboration/,Sperry / Monse,Internal research index only; do not republish without checking source rights/licensing.,meta image found
Q12026-050-IMG-001,Q12026-050,Repetto x Kaia Gerber In Bloom,https://floradress.com/wp-content/uploads/2026/03/repetto-kaia-gerber-in-bloom-collection-2026.jpg,https://floradress.com/repetto-kaia-gerber-in-bloom-collection-2026-2/,Repetto / Kaia Gerber,Internal research index only; do not republish without checking source rights/licensing.,meta image found
Q12026-051-IMG-001,Q12026-051,AGOLDE x Maria McManus Capsule,https://s.yimg.com/lo/mysterio/api/845b13332a737256421391d1c3b046875cf0a20d70bb10f17caaf80988638cf7/lightyear_networkapi/resizefill_w1200;quality_80;format_webp/https:%2F%2Fmedia.zenfs.com%2Fen%2Felle_570%2F5e7250a379a57d02baa150f2793da563,https://shopping.yahoo.com/style/shoes/articles/thom-browne-drops-sneaker-asics-172953501.html,AGOLDE / Maria McManus,Internal research index only; do not republish without checking source rights/licensing.,meta image found
Q12026-052-IMG-001,Q12026-052,Tory Burch x The Explorers Club Women in Exploration,"https://hips.hearstapps.com/hmg-prod/images/e4985f8b-df19-49a3-beb1-6d4de8f554fd.jpeg?crop=1xw:0.72xh;0xw,0.216xh&resize=1200:*",https://www.elle.com/fashion/a70574295/best-fashion-launches-march-2026/,Tory Burch / The Explorers Club,Internal research index only; do not republish without checking source rights/licensing.,meta image found
Q12026-053-IMG-001,Q12026-053,Loeffler Randall x Underwater Weaving Basket Tote,"https://hips.hearstapps.com/hmg-prod/images/e4985f8b-df19-49a3-beb1-6d4de8f554fd.jpeg?crop=1xw:0.72xh;0xw,0.216xh&resize=1200:*",https://www.elle.com/fashion/a70574295/best-fashion-launches-march-2026/,Loeffler Randall / Underwater Weaving,Internal research index only; do not republish without checking source rights/licensing.,meta image found
Q12026-054-IMG-001,Q12026-054,Stetson & THE GREAT. Western Collection,https://s.yimg.com/lo/mysterio/api/7303697edcb4cc4ca97a9d70a468eb331725ad9185b004353e4d00598d59b903/lightyear_networkapi/resizefill_w1200;quality_80;format_webp/https:%2F%2Fmedia.zenfs.com%2Fen%2Fwwd_409%2Ff7c86811a5f1d81375df726264fdef2b,https://shopping.yahoo.com/style/clothing/articles/stetson-great-partner-western-inspired-050100083.html,Stetson / THE GREAT.,Internal research index only; do not republish without checking source rights/licensing.,meta image found
Q12026-055-IMG-001,Q12026-055,Burberry x Royal Collection Trust,https://www.burberryplc.com/content/dam/burberryplc/corporate/images/newsroom/brand/2026/rct-collection/RCT-collection-4.jpg/_jcr_content/renditions/cq5dam.thumbnail.640.640.png,https://www.burberryplc.com/news/brand/2026/burberry-presents-a-new-capsule-collection-created-in-collaboration-with-royal-collection-trust,Burberry / Royal Collection Trust,Internal research index only; do not republish without checking source rights/licensing.,meta image found
Q12026-056-IMG-001,Q12026-056,Topshop x Tolu Coker DOORS,,https://www.asosplc.com/news-and-media/latest-news/topshop-launches-capsule-collection-with-celebrated-designer-tolu-coker/,Topshop / Tolu Coker,Internal research index only; do not republish without checking source rights/licensing.,source page only
Q12026-057-IMG-001,Q12026-057,Express x bebe Y2K Capsule,https://r.fashionunited.com/9_58BD9EqC07lJ_XeVShSctJWFtLM_eDTNMG6lg_Bak/resize:fit:1200:630:0/gravity:ce/quality:70/aHR0cHM6Ly9mYXNoaW9udW5pdGVkLmNvbS9pbWcvdXBsb2FkLzIwMjYvMDMvMjQvZXhwcmVzc3hiZWJlLW1hcmNoMjYtZTEydDY2ZGstMjAyNi0wMy0yNC5qcGVn.jpeg,https://fashionunited.com/news/fashion/express-teams-up-with-bebe-for-y2k-inspired-collection/2026032471369,Express / bebe,Internal research index only; do not republish without checking source rights/licensing.,meta image found
Q12026-058-IMG-001,Q12026-058,TOGA x Umbro First Capsule Collection,https://snkrdunk.s3.ap-northeast-1.amazonaws.com/en/magazine/wp-content/uploads/2026/03/19110116/311a5811-14bb-478c-86d3-1886406c1e7f.jpg,https://snkrdunk.com/en/magazine/2026/03/19/toga-x-umbro-first-capsule-collection-19th-march-2026/,TOGA / Umbro,Internal research index only; do not republish without checking source rights/licensing.,meta image found
Q12026-059-IMG-001,Q12026-059,FURFUR x Peanuts Weekend Slow,https://assets.hldycdn.com/39386474-5677-4354-8ad3-a56fa178498e.jpeg,https://www.haveagood-holiday.com/en/articles/furfur-peanuts-capsule-collection-2026,FURFUR / Peanuts,Internal research index only; do not republish without checking source rights/licensing.,meta image found
Q12026-060-IMG-001,Q12026-060,Barehands x Lim Shi-An Analogue,https://cassette.sphdigital.com.sg/image/straitstimes/8546f5265f325600fd5290a2b4c09cf72c016dc331f6cc6f6d76b848531c7316,https://www.straitstimes.com/life/style/clothing-label-barehands-launches-retro-print-capsule-collection-with-actress-lim-shi-an,Barehands / The Straits Times,Internal research index only; do not republish without checking source rights/licensing.,meta image found
Q12026-061-IMG-001,Q12026-061,Crew Clothing x Henley Royal Regatta 2026 Regatta Range,https://www.henleyherald.com/wp-content/uploads/2026/03/image001.jpg,https://www.henleyherald.com/2026/03/19/crew-clothing-launches-2026-regatta-range/,Crew Clothing / Henley Royal Regatta,Internal research index only; do not republish without checking source rights/licensing.,meta image found
Q12026-062-IMG-001,Q12026-062,Disney | BLACKPINK Collection by Complex,https://d.ibtimes.com.au/en/full/1845554/blackpink-selena-gomez.jpg,https://www.ibtimes.com.au/blackpink-launches-punk-inspired-disney-capsule-collection-collaboration-complex-1862746,Disney / BLACKPINK / Complex,Internal research index only; do not republish without checking source rights/licensing.,meta image found
Q12026-063-IMG-001,Q12026-063,Montce x Elsa Hosk Capsule Collection,https://cdn.mos.cms.futurecdn.net/iq4nrsCLHPyDaqS3qMLpHY-1200-80.jpg,https://www.whowhatwear.com/fashion/swimwear/montce-x-elsa-hosk-capsule-collection-2026,Montce / Elsa Hosk / Who What Wear,Internal research index only; do not republish without checking source rights/licensing.,meta image found
Q12026-064-IMG-001,Q12026-064,66°North x Laufey Capsule Collection,https://cdn.mos.cms.futurecdn.net/Wzx2GT3iivEfckQPaiwRtg-1920-80.jpg,https://www.t3.com/active/outerwear/66north-laufey-capsule-collection-launc-0326,66°North / Laufey,Internal research index only; do not republish without checking source rights/licensing.,meta image found
Q12026-065-IMG-001,Q12026-065,Studio Nicholson x Perfumer H Soap Collection,https://cdn.mos.cms.futurecdn.net/DTwhSHSeUGtyEZ7ha9Qc8P-1539-80.jpg,https://www.wallpaper.com/fashion-beauty/fragrance/perfumer-h-studio-nicholson-soap-fragrance-collaboration,Studio Nicholson / Perfumer H,Internal research index only; do not republish without checking source rights/licensing.,meta image found
Q12026-066-IMG-001,Q12026-066,Kith x The Matrix Monday Program,https://image-cdn.hypb.st/https%3A%2F%2Fhypebeast.com%2Fimage%2F2026%2F03%2F25%2Fbest-drops-march-week-4-palace-evisu-kith-tw.jpg?w=1080&cbr=1&q=90&fit=max,https://selectabisso.com/en/kith-x-the-matrix--a-cyberpunk-capsule-that-merges-fashion-and-cinema/,Kith / The Matrix,Internal research index only; do not republish without checking source rights/licensing.,meta image found
Q12026-067-IMG-001,Q12026-067,A.P.C. x Topologie Second Capsule,,https://selectabisso.com/en/APCX-Topology%3A-A-second-capsule-collection-blending-iconic-denim-and-technical-design/,A.P.C. / Topologie,Internal research index only; do not republish without checking source rights/licensing.,source page only
Q12026-068-IMG-001,Q12026-068,Aman Tennis Club x The Webster,https://hype.my/wp-content/uploads/2026/03/aman-tennis-club-x-the-webster.webp,https://hype.my/centre-court-chic-aman-tennis-club-launches-capsule-collection-with-the-webster,Aman Tennis Club / The Webster,Internal research index only; do not republish without checking source rights/licensing.,meta image found
Q12026-069-IMG-001,Q12026-069,Target x Roller Rabbit Spring Getaway Collection,https://mma.prnewswire.com/media/2918781/Roller_Rabbit_X_Target.jpg?p=facebook,https://www.prnewswire.com/news-releases/target-and-roller-rabbit-debut-an-exclusive-spring-getaway-collection-302697146.html,Target / Roller Rabbit,Internal research index only; do not republish without checking source rights/licensing.,meta image found
Q12026-070-IMG-001,Q12026-070,Halara x Smiley Spring/Summer 2026,https://mma.prnewswire.com/media/2945078/DSC07095.jpg?p=facebook,https://www.prnewswire.com/news-releases/halara-launches-first-ever-global-ip-collaboration-with-smiley-302728188.html,Halara / Smiley,Internal research index only; do not republish without checking source rights/licensing.,meta image found
Q12026-071-IMG-001,Q12026-071,American Eagle & Aerie x Smiley,https://www.licensingmagazine.com/wp-content/uploads/2026/03/AE-Aerie-x-Smiley-The-Feel-Good-Summer-Collection-Launches.png,https://www.licensingmagazine.com/2026/03/20/ae-aerie-x-smiley-the-feel-good-summer-collection-launches/,American Eagle / Aerie / Smiley,Internal research index only; do not republish without checking source rights/licensing.,meta image found
Q12026-072-IMG-001,Q12026-072,Subtitle x JUJUTSU KAISEN,https://animetv-jp.net/wp-content/uploads/2026/03/Subtitle-JJK-Campaign-11-1.jpg,https://animetv-jp.net/news/subtitle-launches-jujutsu-kaisen-collection/,Subtitle / TOHO International,Internal research index only; do not republish without checking source rights/licensing.,meta image found
Q12026-073-IMG-001,Q12026-073,John Lewis x Labrum SS26 Drop Two,https://www.theindustry.fashion/wp-content/uploads/2026/03/Untitled-design-2026-03-19T100848.760.png,https://www.theindustry.fashion/in-pictures-john-lewis-launches-second-collaboration-with-labrum-for-ss26/,John Lewis / Labrum,Internal research index only; do not republish without checking source rights/licensing.,meta image found
Q12026-074-IMG-001,Q12026-074,Supreme x MM6 Maison Margiela Spring 2026,https://image-cdn.hypb.st/https%3A%2F%2Fhypebeast.com%2Fimage%2F2026%2F03%2F16%2Ftwmm6-maison-margiela-supreme-spring-2026-collaboration-collection-release-info.jpg?w=1080&cbr=1&q=90&fit=max,https://hypebeast.com/2026/3/mm6-maison-margiela-supreme-spring-2026-collaboration-collection-release-info,Supreme / MM6 Maison Margiela,Internal research index only; do not republish without checking source rights/licensing.,meta image found
Q12026-075-IMG-001,Q12026-075,SP5DER x adidas Superstar Collection,"https://images.soleretriever.com/blog/863ebec6927fda72ffa3eee9cc34a5fcf4db5614-620x380.png?rect=0,27,620,326&w=1200&h=630&fit=fill&auto=format",https://www.soleretriever.com/news/sp5der-adidas-superstars-collection-release-date-march-2026,SP5DER / adidas,Internal research index only; do not republish without checking source rights/licensing.,meta image found
Q12026-076-IMG-001,Q12026-076,Palace x World Industries Spring 2026,https://www.finallyoffline.com/og-home.png,https://www.finallyoffline.com/article/palace-x-world-industries-collab-drops-march-14-mmjg2w73,Palace / World Industries,Internal research index only; do not republish without checking source rights/licensing.,meta image found
Q12026-077-IMG-001,Q12026-077,Gap x Awake NY Streetwear Collection,https://floradress.com/wp-content/uploads/2026/03/gap-x-awake-ny-collection-2026.webp,https://floradress.com/gap-awake-ny-collection-2026/,Gap / Awake NY,Internal research index only; do not republish without checking source rights/licensing.,meta image found
Q12026-078-IMG-001,Q12026-078,HOODRICH x Eastman Group U.S. Footwear Debut,https://inxmedia.blob.core.windows.net/iconixbrandnew-blob/2026/03/HOODRICH_News_032026.jpg,https://iconixbrand.com/hoodrich-enters-u-s-footwear-market-for-the-first-time-in-partnership-with-eastman-group/,HOODRICH / Eastman Group / JD Sports,Internal research index only; do not republish without checking source rights/licensing.,meta image found
Q12026-079-IMG-001,Q12026-079,Bad Bunny x adidas BadBo 1.0 Rise Apparel Capsule,,https://sneakernews.com/2026/03/17/adidas-badbo-1-0-rise-js3886-release-date/,adidas / Bad Bunny,Internal research index only; do not republish without checking source rights/licensing.,source page only
Q12026-080-IMG-001,Q12026-080,Thug Club x adidas Spring 2026,,https://sneakernews.com/2026/03/13/thug-club-adidas-spring-2026/,Thug Club / adidas,Internal research index only; do not republish without checking source rights/licensing.,source page only
Q12026-081-IMG-001,Q12026-081,Pharrell x adidas adiZero EVO SL HUMANRACE Mars,,https://sneakernews.com/2025/11/03/pharrell-adidas-evo-sl-preloved-brown-kj8809/,adidas / Pharrell HUMANRACE,Internal research index only; do not republish without checking source rights/licensing.,source page only
Q12026-082-IMG-001,Q12026-082,Brazil x Jordan Brand Away Kit and Lifestyle Collection,,https://sneakernews.com/2026/03/12/jordan-brand-brazil-world-cup-2026/,Jordan Brand / Brazilian Football Confederation,Internal research index only; do not republish without checking source rights/licensing.,source page only
Q12026-083-IMG-001,Q12026-083,Palace x EVISU 35th Anniversary Capsule,https://image-cdn.hypb.st/https%3A%2F%2Fhypebeast.com%2Fimage%2F2026%2F03%2F25%2Fbest-drops-march-week-4-palace-evisu-kith-tw.jpg?w=1080&cbr=1&q=90&fit=max,https://hypebeast.com/2026/3/best-drops-march-week-4-palace-evisu-kith,Palace / EVISU,Internal research index only; do not republish without checking source rights/licensing.,meta image found
Q12026-084-IMG-001,Q12026-084,Pacsun x LAFC 2026 Season Opener Drop,https://mma.prnewswire.com/media/2916603/Pacsun_x_LAFC_2026.jpg?p=facebook,https://www.prnewswire.com/news-releases/pacsun-and-lafc-celebrate-historic-opening-day-at-the-coliseum-with-first-2026-capsule-collection-302692515.html,Pacsun / LAFC,Internal research index only; do not republish without checking source rights/licensing.,meta image found
Q12026-085-IMG-001,Q12026-085,Carter's x Once Upon a Farm Limited-Edition Capsule,https://mms.businesswire.com/media/20260119053966/en/2696016/22/HERO_Carter%E2%80%99s_x_Once_Upon_a_Farm_2.jpg,https://ir.carters.com/news-releases/news-release-details/carters-and-once-upon-farm-launch-limited-edition-apparel,Carter's / Once Upon a Farm,Internal research index only; do not republish without checking source rights/licensing.,meta image found
Q12026-086-IMG-001,Q12026-086,BAPE x CLOT Collection,"https://images.soleretriever.com/blog/40b85eaf43a323e44f917b0012e3efa817bf7393-620x380.png?rect=0,27,620,326&w=1200&h=630&fit=fill&auto=format",https://www.soleretriever.com/news/articles/bape-clot-collection-release-date-january-2026,BAPE / CLOT / Sole Retriever,Internal research index only; do not republish without checking source rights/licensing.,meta image found
Q12026-087-IMG-001,Q12026-087,"LIFE TIME x EVEREVE Sporty, Styled Up Capsule",https://mma.prnewswire.com/media/2862967/Life_Time_x_EVEREVE.jpg?p=facebook,https://www.prnewswire.com/news-releases/sporty-styled-up-category-leaders-life-time-and-evereve-unveil-exclusive-capsule-collection-designed-for-real-life-available-january-22-302662786.html,Life Time / EVEREVE,Internal research index only; do not republish without checking source rights/licensing.,meta image found
Q12026-088-IMG-001,Q12026-088,Madhappy x PUMA Second Capsule Collection,https://image-cdn.hypb.st/https%3A%2F%2Fhypebeast.com%2Fimage%2F2026%2F03%2F02%2Fmadhappy-puma-capsule-collaboration-release-info-tw.jpg?w=1080&cbr=1&q=90&fit=max,https://hypebeast.com/2026/3/madhappy-puma-capsule-collaboration-release-info,Madhappy / PUMA / Hypebeast,Internal research index only; do not republish without checking source rights/licensing.,meta image found
Q12026-089-IMG-001,Q12026-089,AGLXY x Comeback Kid Capsule,https://image-cdn.hypb.st/https%3A%2F%2Fhypebeast.com%2Fimage%2F2026%2F01%2F21%2Faglxy-ageless-galaxy-comback-kid-capsule-collaboration-release-info-tw.jpg?w=1080&cbr=1&q=90&fit=max,https://hypebeast.com/2026/1/aglxy-ageless-galaxy-comback-kid-capsule-collaboration-release-info,AGLXY / Comeback Kid / Hypebeast,Internal research index only; do not republish without checking source rights/licensing.,meta image found
Q12026-090-IMG-001,Q12026-090,Zales x Sweethearts Valentine's Day 2026 Charm Capsule,https://mms.businesswire.com/media/20260203969786/en/2711031/22/ZAL_SWTHRT_PRCrops_HeroImage19x16.jpg,https://www.businesswire.com/news/home/20260203969786/en/,Zales / Sweethearts,Internal research index only; do not republish without checking source rights/licensing.,meta image found
Q12026-091-IMG-001,Q12026-091,Weekend Max Mara x Sebago A Weekend with Sebago SS2026,https://r.fashionunited.com/bML0q0trYQa_riGX45Ql3vgfRlHsoKSjq-cqcmnG6OQ/resize:fit:1200:630:0/gravity:ce/quality:70/aHR0cHM6Ly9mYXNoaW9udW5pdGVkLmNvbS9pbWcvdXBsb2FkLzIwMjYvMDMvMjMvNTUyMTAxNjQwNjAwMi1hY2Nlc3Nvcmllcy1kZXRhaWwtMS0xNDEwMzMyMS1pbGF2MGc1YS0yMDI2LTAzLTIzLmpwZWc.jpeg,https://fashionunited.fr/actualite/mode/weekend-max-mara-et-sebago-lultime-escale-de-leur-collaboration-pour-lete-2026/2026032341121,Weekend Max Mara / Sebago / FashionUnited,Internal research index only; do not republish without checking source rights/licensing.,meta image found
Q12026-092-IMG-001,Q12026-092,Fred Perry x Kris Van Assche Uniform of Youth,,https://fashionunited.uk/tags/fred-perry,Fred Perry / Kris Van Assche / FashionUnited,Internal research index only; do not republish without checking source rights/licensing.,source page only
Q12026-093-IMG-001,Q12026-093,Albaray x Anna Unwin Limited-Edition Collection,https://www.theindustry.fashion/wp-content/uploads/2026/03/Untitled-design-2026-03-17T104921.213.png,https://milled.com/albaray.co.uk/albaray-x-anna-unwin-SPgTT6vtpMk9kta-,Albaray / Anna Unwin,Internal research index only; do not republish without checking source rights/licensing.,meta image found
Q12026-094-IMG-001,Q12026-094,Primark Presents Rita Ora Every Move Counts Activewear Capsule,,https://corporate.primark.com/en-us/a/news/corporate-news/primarks-biggest-activewear-launch-proves-premium-fabrics-fit-and-style-can-be-affordable-and-accessible-to-everyone,Primark / Rita Ora,Internal research index only; do not republish without checking source rights/licensing.,source page only
Q12026-095-IMG-001,Q12026-095,Macy's Bar III x Khoboso Nale Knitwear Capsule,https://news.fitnyc.edu/wp-content/uploads/2026/03/macys-khaboso-feat.png,https://news.fitnyc.edu/2026/03/16/macys-launches-capsule-collection-of-knitwear-designer-khoboso-nale/,Macy's / FIT Newsroom,Internal research index only; do not republish without checking source rights/licensing.,meta image found
Q12026-096-IMG-001,Q12026-096,Champion x UNDERCOVER Spring/Summer 2026,,https://hypebeast.com/2026/2/champion-x-undercover-spring-summer-2026-collaboration,Champion / UNDERCOVER / Hypebeast,Internal research index only; do not republish without checking source rights/licensing.,source page only
Q12026-097-IMG-001,Q12026-097,BAPE x New Era Spring/Summer 2026,,https://hypebeast.com/2026/2/bape-new-era-ss26-collaboration,BAPE / New Era / Hypebeast,Internal research index only; do not republish without checking source rights/licensing.,source page only
Q12026-098-IMG-001,Q12026-098,OUR LEGACY WORK SHOP x Goldwin,,https://hypebeast.com/2026/1/our-legacy-work-shop-goldwin-collaboration-release-info,OUR LEGACY WORK SHOP / Goldwin / Hypebeast,Internal research index only; do not republish without checking source rights/licensing.,source page only
Q12026-099-IMG-001,Q12026-099,CLOT x adidas Lunar New Year 2026 Collection,,https://hypebeast.com/2026/1/clot-adidas-lunar-new-year-2026-release-info,CLOT / adidas / Hypebeast,Internal research index only; do not republish without checking source rights/licensing.,source page only
Q12026-100-IMG-001,Q12026-100,Kazuki Kuraishi x BAPE Performance All Weather,,https://hypebeast.com/2026/3/best-drops-march-week-1-kazuki-kuraishi-bape,BAPE / Kazuki Kuraishi / Hypebeast,Internal research index only; do not republish without checking source rights/licensing.,source page only
Q12026-101-IMG-001,Q12026-101,UNDERCOVER x Dickies Spring/Summer 2026,,https://hypebeast.com/2026/3/undercover-dickies-spring-summer-2026-collection,UNDERCOVER / Dickies / Hypebeast,Internal research index only; do not republish without checking source rights/licensing.,source page only
Q12026-102-IMG-001,Q12026-102,Palace x San Francisco Giants,,https://hypebeast.com/2026/2/best-drops-february-week-2-palace-san-francisco-giants,Palace / San Francisco Giants / Hypebeast,Internal research index only; do not republish without checking source rights/licensing.,source page only
Q12026-103-IMG-001,Q12026-103,Fred Perry x Craig Green Third Collaboration,,https://hypebeast.com/2026/3/craig-green-fred-perry-third-collaboration-release-info,Fred Perry / Craig Green / Hypebeast,Internal research index only; do not republish without checking source rights/licensing.,source page only
Q12026-104-IMG-001,Q12026-104,MU:DS x BTS Artist-Made Collection,,https://hypebeast.com/2026/3/bts-artist-made-collection-release-info,MU:DS / BTS / Hypebeast,Internal research index only; do not republish without checking source rights/licensing.,source page only
Q12026-105-IMG-001,Q12026-105,Holiday x Call of Duty Capsule Collection,,https://hypebeast.com/2026/3/call-of-duty-holiday-capsule-collection-release-info,Holiday / Call of Duty / Hypebeast,Internal research index only; do not republish without checking source rights/licensing.,source page only
Q12026-106-IMG-001,Q12026-106,NEIGHBORHOOD x Team Ikuzawa Spring/Summer 2026,,https://hypebeast.com/2026/2/neighborhood-team-ikuzawa-spring-summer-2026-collaboration-release-info,NEIGHBORHOOD / Team Ikuzawa / Hypebeast,Internal research index only; do not republish without checking source rights/licensing.,source page only
Q12026-107-IMG-001,Q12026-107,Anti Social Social Club x G-SHOCK Collaboration,,https://hypebeast.com/2026/2/best-drops-february-week-3-anti-social-social-club-g-shock,Anti Social Social Club / G-SHOCK / Hypebeast,Internal research index only; do not republish without checking source rights/licensing.,source page only
Q12026-108-IMG-001,Q12026-108,Dickies x thisisneverthat Spring/Summer 2026,,https://hypebeast.com/2026/1/dickies-thisisneverthat-spring-summer-2026-collaboration,Dickies / thisisneverthat / Hypebeast,Internal research index only; do not republish without checking source rights/licensing.,source page only
Q12026-109-IMG-001,Q12026-109,New Era x Doraemon Collection,,https://hypebeast.com/2026/1/new-era-doraemon-collection-collaboration-release-info,New Era / Doraemon / Hypebeast,Internal research index only; do not republish without checking source rights/licensing.,source page only
Q12026-110-IMG-001,Q12026-110,WILDSIDE Yohji Yamamoto x NEEDLES,,https://hypebeast.com/2026/1/wildside-yohji-yamamoto-needles-collaboration-release-info,WILDSIDE Yohji Yamamoto / NEEDLES / Hypebeast,Internal research index only; do not republish without checking source rights/licensing.,source page only
Q12026-111-IMG-001,Q12026-111,Barbour x Feng Chen Wang Year of the Horse Capsule,,https://hypebeast.com/2026/1/barbour-feng-chen-wang-year-of-the-horse-capsule-release-info,Barbour / Feng Chen Wang / Hypebeast,Internal research index only; do not republish without checking source rights/licensing.,source page only
Q12026-112-IMG-001,Q12026-112,Paper Planes x NFL Super Bowl 2026 Capsule,,https://hypebeast.com/2026/2/roc-nation-paper-planes-nfl-super-bowl-lx-capsule-collection-release-info,Paper Planes / NFL / Roc Nation / Hypebeast,Internal research index only; do not republish without checking source rights/licensing.,source page only
Q12026-113-IMG-001,Q12026-113,Converse x Hello Kitty and Friends with Swarovski,,https://hypebeast.com/2026/1/converse-hello-kitty-and-friends-swarovski-collaboration-release-info,Converse / Sanrio / Swarovski / Hypebeast,Internal research index only; do not republish without checking source rights/licensing.,source page only
Q12026-114-IMG-001,Q12026-114,Alice + Olivia x PQ Swim Spring Break Capsule,,https://fashionweekdaily.com/alice-olivia-pq-swim-spring-break-collaboration/,Alice + Olivia / PQ Swim / Daily Front Row,Internal research index only; do not republish without checking source rights/licensing.,source page only
Q12026-115-IMG-001,Q12026-115,NikeCraft x Tom Sachs ISRU Uniform,,https://hypebeast.com/2026/2/tom-sachs-nikecraft-isru-uniform-release-info,NikeCraft / Tom Sachs / Hypebeast,Internal research index only; do not republish without checking source rights/licensing.,source page only
