candidate,reason,source_url
Gap x Victoria Beckham,"Q2 release; launches 2026-04-24, outside Q1 cutoff.",https://www.wmagazine.com/fashion/best-fashion-collaborations-launches-capsules-2026
H&M x Stella McCartney,Q2 release; scheduled 2026-05-07.,https://www.wmagazine.com/fashion/best-fashion-collaborations-launches-capsules-2026
Burberry x Hunza G,"Summer 2026 release, outside Q1 cutoff.",https://fashionunited.com/tags/collaboration
Isabel Marant x Havaianas,Q2 release; launches 2026-05-22.,https://www.wmagazine.com/fashion/best-fashion-collaborations-launches-capsules-2026
Bad Bunny x Zara Benito Antonio,Available by late May 2026; outside Q1.,https://www.wmagazine.com/fashion/best-fashion-collaborations-launches-capsules-2026
Jacques Marie Mage x Haider Ackermann,Q2 release; available from 2026-05-06.,https://hypebeast.com/2026/5/jacques-marie-mage-haider-ackermann-new-eyewear-collaboration-collection-release-info
Aspiga x RHS,Q2 release; launches 2026-04-24.,https://www.productsofchange.com/rhs-launches-fashion-collection-with-aspiga/
Klutch Athletics x New Balance AC Runner,"Apparel wave available in Q1, but headline shoe releases 2026-04-02; hold for SKU-level review.",https://sneakernews.com/2026/03/12/klutch-athletics-new-balance-ac-runner-release-date/
Coach x The Sims 4,Digital-only wearable drop; excluded from physical fashion/accessory scope for v1.,https://www.mynewsdesk.com/uk/swipe-right/pressreleases/coach-launches-open-access-collection-in-the-sims-4-3425655
