source_key,source_name,source_group,source_type,region_focus,coverage_focus,discovery_use,url,query_template,priority,notes
official_brand_newsroom,Brand newsrooms / press rooms,official,official,global,"A-side apparel, footwear, bags, accessories brands","Highest-confidence confirmation of A/B, dates, channels, product scope and image credits.",https://www.nike.com/newsroom/,"site:{brand_domain} (collaboration OR capsule OR ""x"") (""January"" OR ""February"" OR ""March"") ""2026""",P0,Use brand-owned article/product pages first; add one official source for every high-confidence main row when possible.
official_retail_product_pages,Retailer product / collection landing pages,official,official,global,"release date, current availability, prices, sales channels",Confirms Q1 purchase availability when media only reports announcement.,https://www.pacsun.com/,"site:{retailer_domain} (""collaboration"" OR ""capsule"" OR ""limited-edition"") ""2026""",P0,"Often short-lived; archive page title, URL, date checked and image credit immediately."
businesswire_fashion,Business Wire,press_wires,press_release,US / global,"brand press releases, launch dates, multimedia links",Search press releases for exact launch wording and multimedia image pages.,https://www.businesswire.com/,"site:businesswire.com/news/home/2026 (""capsule collection"" OR collaboration) (fashion OR apparel OR footwear OR eyewear)",P0,"Strong for mass retail, licensing and public-company brands."
prnewswire_fashion,PRNewswire,press_wires,press_release,US / global,"retail partnerships, sports/fanwear, licensing, celebrity capsules",Use for candidate harvesting because launch date and channels are usually explicit.,https://www.prnewswire.com/news-releases/,"site:prnewswire.com/news-releases (""capsule collection"" OR collaboration) (""available"" OR launches) ""2026""",P0,Good A/B expansion source; normalize publisher to originating brand when possible.
prtimes_jp,PR TIMES Japan,press_wires,press_release,Japan,"Japanese brand collaborations, anime/IP, retailer capsules","Run Japanese terms コラボ, 別注, 発売 across Q1 date windows.",https://prtimes.jp/,site:prtimes.jp (コラボ OR 別注 OR カプセルコレクション) (発売 OR 販売開始) 2026,P0,Key gap for Japanese apparel and accessories; pair with Fashionsnap/WWD Japan.
fashionunited,FashionUnited,industry_media,industry_media,global,fashion collaborations with release and retail context,Trade-media validation after candidate discovery.,https://fashionunited.com/news/fashion/,"site:fashionunited.com/news/fashion collaboration capsule ""2026""",P1,Useful for Europe/US high-street and designer collaborations.
fashionnetwork,FashionNetwork,industry_media,industry_media,global,"fashion launches, retail capsules, luxury and mass market",Second trade source for triangulating announcement vs availability.,https://us.fashionnetwork.com/,"site:fashionnetwork.com/news (""collaboration"" OR ""capsule"") ""2026""",P1,Often syndicates launch context across regions.
wwd,WWD,industry_media,industry_media,global,"designer, luxury, retail and licensing launches",Use for luxury/fashion gaps; may require paywall-friendly snippets.,https://wwd.com/,"site:wwd.com ""collaboration"" ""capsule"" ""2026"" fashion",P1,"High authority, but access can be partial."
drapers,Drapers,industry_media,industry_media,UK / Europe,UK fashion retail collaborations,Use for UK brand and retailer A-side expansion.,https://www.drapersonline.com/,site:drapersonline.com collaboration capsule fashion 2026,P1,Potential paywall; still useful for lead generation.
theindustry_fashion,TheIndustry.fashion,industry_media,industry_media,UK,"UK high-street, department store and designer collaborations","Good for UK retail drops like John Lewis, M&S, Gap UK.",https://www.theindustry.fashion/,"site:theindustry.fashion collaboration capsule ""2026""",P1,"Use alongside ASOS plc, John Lewis and retailer press rooms."
licensing_magazine,Licensing Magazine,industry_media,industry_media,global,"IP, entertainment and brand licensing fashion capsules","B-side IP discovery for anime, entertainment, sports and character collaborations.",https://www.licensingmagazine.com/,site:licensingmagazine.com fashion collaboration capsule 2026,P1,Useful for IP-driven B-side not always covered by fashion press.
hypebeast,Hypebeast,release_media,release_media,global,"streetwear, sneakers, luxury capsules, drop dates",Fast discovery of drop dates; verify with official/retail where possible.,https://hypebeast.com/,"site:hypebeast.com/2026 (""capsule"" OR collaboration) (""release"" OR ""releasing"")",P1,Good candidate generator; not always enough alone for high confidence.
highsnobiety,Highsnobiety,release_media,release_media,global,"streetwear, luxury, sneaker and culture collaborations",Complement Hypebeast for fashion/culture crossovers.,https://www.highsnobiety.com/,"site:highsnobiety.com ""collaboration"" ""2026"" fashion",P2,Use as secondary validation and image/source lead.
sneaker_news,Sneaker News,release_media,release_media,global,sneaker and sportswear collaborations,Best current coverage for sneaker-heavy A-side records.,https://sneakernews.com/,"site:sneakernews.com/2026 (""releases"" OR ""drops"") (""collaboration"" OR capsule)",P1,Existing dataset is overweight here; keep but balance with non-sneaker sources.
snkrdunk,SNKRDUNK Magazine,release_media,release_media,Japan / global,"sneaker, streetwear and Japanese brand drops",Good for Japanese release dates and where-to-buy details.,https://snkrdunk.com/en/magazine/,site:snkrdunk.com/en/magazine/2026 collaboration capsule release,P1,Pair with Japanese-language official pages.
sole_retriever,Sole Retriever,release_media,release_media,global,sneaker and streetwear drop dates,"Useful for BAPE, adidas, Nike, ASICS, New Balance and boutique collabs.",https://www.soleretriever.com/news/,"site:soleretriever.com/news/articles ""2026"" ""collection"" ""release date""",P1,Good for release-date extraction; still seek official source.
fashionsnap,FASHIONSNAP,regional_media,release_media,Japan,"Japanese fashion news, collaborations and retail launches",Japanese A-side coverage not indexed well by English searches.,https://www.fashionsnap.com/,site:fashionsnap.com/article 2026 コラボ 発売 ファッション,P1,Important next-source for Japan completeness.
wwd_japan,WWD Japan,regional_media,industry_media,Japan,Japanese fashion and retail collaborations,Validate Japanese candidates found through PR Times or brand pages.,https://www.wwdjapan.com/,site:wwdjapan.com 2026 コラボ ファッション 発売,P1,May be paywalled; use as lead and citation when accessible.
korea_fashionbiz,Fashionbiz Korea,regional_media,industry_media,Korea,"Korean fashion brands, K-pop/character collaborations","Run Korean terms 협업, 콜라보, 출시 for Q1.",https://fashionbiz.co.kr/,site:fashionbiz.co.kr 2026 협업 콜라보 출시 패션,P2,Use when expanding Korea coverage.
xiaohongshu_brand_official,Xiaohongshu brand official accounts,social_official,official_social,China,"Chinese launches, retail teasers, pop-ups, localized collabs",Search A/B terms and verify against official store or brand account.,https://www.xiaohongshu.com/,"""联名"" ""发售"" ""2026"" ""{brand}""",P2,Use only as lead unless account is verified; archive post URL and screenshot metadata if available.
weibo_brand_official,Weibo brand official accounts,social_official,official_social,China,China market official launch posts,Official-social support for China-exclusive collaborations.,https://weibo.com/,"""联名"" ""发售"" ""2026"" site:weibo.com ""{brand}""",P2,Use with retail/Tmall confirmation for main-table promotion.
