source_id,title,publisher,source_type,source_date,url,fetched_status,meta_image_url,fetch_note
SRC-025,adidas and Entire Studios Introduce a New Expression of Modern Sport Style,adidas,official,2026-01-29,https://news.adidas.com/partnerships/adidas-and-entire-studios-introduce-a-new-expression-of-modern-sport-style--built-for-movement/s/167c4b9b-c8b5-4f0d-a373-65bcfd0b495d,202,,
SRC-102,Albaray x Anna Unwin,Albaray via Milled,official,2026-03-12,https://milled.com/albaray.co.uk/albaray-x-anna-unwin-SPgTT6vtpMk9kta-,403,,http 403
SRC-061,Topshop announces capsule collection with designer Tolu Coker,ASOS plc,official,2026-02-19,https://www.asosplc.com/news-and-media/latest-news/topshop-announces-capsule-collection-with-designer-tolu-coker-with-preview-revealed-during-tolu-coker-s-defining-london-fashion-week-show/,200,,
SRC-060,Topshop launches capsule collection with celebrated designer Tolu Coker,ASOS plc,official,2026-03-02,https://www.asosplc.com/news-and-media/latest-news/topshop-launches-capsule-collection-with-celebrated-designer-tolu-coker/,200,,
SRC-029,Global launch of adidas x Audi Revolut F1 Team collection,Audi MediaCenter,official,2026-02-18,https://www.audi-mediacenter.com/en/press-releases/global-launch-of-adidas-x-audi-revolut-f1-team-collection-17014/download,200,,non-html
SRC-001,Balenciaga I NBA Collaboration,Balenciaga,official,2026-01-15,https://www.balenciaga.com/en-en/balenciaga-%7C-nba-collaboration,200,https://www.balenciaga.com/on/demandware.static/Sites-BAL-R-INTL-Site/-/default/dw1c432bb9/images/thumbnail-social.png,
SRC-059,Burberry presents a new capsule collection created in collaboration with Royal Collection Trust,Burberry plc,official,2026-03-12,https://www.burberryplc.com/news/brand/2026/burberry-presents-a-new-capsule-collection-created-in-collaboration-with-royal-collection-trust,200,https://www.burberryplc.com/content/dam/burberryplc/corporate/images/newsroom/brand/2026/rct-collection/RCT-collection-4.jpg/_jcr_content/renditions/cq5dam.thumbnail.640.640.png,
SRC-026,sacai x Carhartt WIP Spring/Summer 2026,Carhartt WIP,official,2026-02-06,https://www.carhartt-wip.com/en-gb/e/sacai-x-carhartt-wip-spring-summer-2026,200,https://cdn.sanity.io/images/hue6jiar/shared-assets_production/8e6ada9528a5db548da6f401a9f0315df1446e11-1360x1020.jpg?rect=0%2C0%2C1360%2C880&w=1200&h=630&fit=crop,
SRC-093,Carter's and Once Upon a Farm Launch Limited-Edition Apparel Collection,Carter's Inc.,official,2026-01-20,https://ir.carters.com/news-releases/news-release-details/carters-and-once-upon-farm-launch-limited-edition-apparel,200,,
SRC-002,HUMAN MADE x RED WING Collaboration Items,HUMAN MADE,official,2025-12-30,https://www.humanmade.jp/en/news/human-made-red-wing-2025-dec.html,403,,http 403
SRC-003,HUMAN MADE x RED WING コラボレーションアイテム発売のお知らせ,HUMAN MADE,official,2025-12-30,https://humanmade.jp/blogs/news/human-made-red-wing-2025-dec,403,,http 403
SRC-087,HOODRICH Enters U.S. Footwear Market for the First Time in Partnership with Eastman Group,Iconix International,official,2026-03-20,https://iconixbrand.com/hoodrich-enters-u-s-footwear-market-for-the-first-time-in-partnership-with-eastman-group/,200,https://inxmedia.blob.core.windows.net/iconixbrandnew-blob/2026/03/HOODRICH_News_032026.jpg,
SRC-015,Levi's x Jordan Collection,Levi's,official,2026-01-01,https://www.levi.com/US/en_US/blog/article/levis-x-jordan-collection,200,"https://lscoglobal.scene7.com/is/image/lscoglobal/26_H1_LEVIS_JORDAN_GLOBAL_BLOG_DSKTP-1?fmt=jpeg&qlt=70&resMode=sharp2&fit=crop,1&op_usm=0.6,0.6,8&wid=1200&hei=630",
SRC-014,Jordan Brand and Levi's Partner to Launch New Air Jordan 3 Styles and Apparel Collection,Nike,official,2026-02-10,https://www.nike.com/a/jordan-levis-release-info,200,"https://static.nike.com/a/images/w_1920,c_limit/wzrqsjqpg6pslrevtkpl/image.png",
SRC-013,Nike x Nigo Unveil Final Chapter in Years-Long Air Force 3 Journey,Nike,official,2026-01-23,https://about.nike.com/en-GB/newsroom/releases/nike-x-nigo-partnership-launches-with-exclusive-air-force-iii-and-apparel-collection,200,https://media.about.nike.com/img/2f03d126-c130-4d66-817d-d46d59006cf1/nike-x-nigo-campaign-1.jpg?m=eyJlZGl0cyI6eyJqcGVnIjp7InF1YWxpdHkiOjEwMH0sIndlYnAiOnsicXVhbGl0eSI6MTAwfSwiZXh0cmFjdCI6eyJsZWZ0IjowLCJ0b3AiOjAsIndpZHRoIjozMjAwLCJoZWlnaHQiOjIxMzJ9LCJyZXNpemUiOnsid2lkdGgiOjkwMH19fQ%3D%3D&s=2d283d2e771826ed64aed5aba2bcd159e20fdc55babf9f0d73a168943c552e46,
SRC-104,"Primark's biggest ever activewear launch proves premium fabrics, fit and style can be affordable",Primark,official,2026-01-06,https://corporate.primark.com/en-us/a/news/corporate-news/primarks-biggest-activewear-launch-proves-premium-fabrics-fit-and-style-can-be-affordable-and-accessible-to-everyone,200,,
SRC-105,Primark Presents Rita Ora,Primark UK,official,2026-01-06,https://www.primark.com/en-gb/a/inspiration/fashion-trends/rita-ora-x-primark,200,,
SRC-016,McLaren Racing and PUMA unite on performance and style,PUMA,official,2026-01-20,https://about.puma.com/en/newsroom/corporate-news/2026/20-01-2026-mclaren-racing-and-puma-unite-performance-and-style-new,200,https://about.puma.com/sites/default/files/media/news/images/26ss-pr-ms-mclaren-race-louder-03-16x9-1920x1080px.jpg,
SRC-008,SKIMS For Team USA,SKIMS,official,2026-01-26,https://skims.com/collections/skims-for-team-usa,200,,
SRC-009,SKIMS For Team USA (regional storefront),SKIMS,official,2026-01-26,https://skims.com/en-sg/collections/skims-for-team-usa,200,,
SRC-006,Stella McCartney x Jeff Koons,Stella McCartney,official,2026-01-26,https://www.stellamccartney.com/us/en/women/stella-mccartney-x-jeff-koons,200,,
SRC-094,Carter's and Once Upon a Farm Launch Limited-Edition Apparel Collection,Business Wire,press_release,2026-01-20,https://www.businesswire.com/news/home/20260119053966/en/,200,https://mms.businesswire.com/media/20260119053966/en/2696016/22/HERO_Carter%E2%80%99s_x_Once_Upon_a_Farm_2.jpg,
SRC-063,Express x bebe Reimagines Y2K Style in Curated Capsule Collection,Business Wire,press_release,2026-03-24,https://www.businesswire.com/news/home/20260324254550/en/Express-x-bebe-Reimagines-Y2K-Style-in-Curated-Capsule-Collection,200,https://mms.businesswire.com/media/20260324254550/en/2755372/22/Expressxbebe_GoldBandageDress.jpg,
SRC-099,Zales Unveils Zales x Sweethearts for Valentine's Day 2026,Business Wire,press_release,2026-02-04,https://www.businesswire.com/news/home/20260203969786/en/,200,https://mms.businesswire.com/media/20260203969786/en/2711031/22/ZAL_SWTHRT_PRCrops_HeroImage19x16.jpg,
SRC-078,HALARA LAUNCHES FIRST-EVER GLOBAL IP COLLABORATION WITH SMILEY,PRNewswire,press_release,2026-03-30,https://www.prnewswire.com/news-releases/halara-launches-first-ever-global-ip-collaboration-with-smiley-302728188.html,200,https://mma.prnewswire.com/media/2945078/DSC07095.jpg?p=facebook,
SRC-092,Pacsun and LAFC Celebrate Historic Opening Day at the Coliseum with First 2026 Capsule Collection,PRNewswire,press_release,2026-02-19,https://www.prnewswire.com/news-releases/pacsun-and-lafc-celebrate-historic-opening-day-at-the-coliseum-with-first-2026-capsule-collection-302692515.html,200,https://mma.prnewswire.com/media/2916603/Pacsun_x_LAFC_2026.jpg?p=facebook,
SRC-096,"Sporty, Styled Up: Life Time and EVEREVE Unveil Exclusive Capsule Collection",PRNewswire,press_release,2026-01-15,https://www.prnewswire.com/news-releases/sporty-styled-up-category-leaders-life-time-and-evereve-unveil-exclusive-capsule-collection-designed-for-real-life-available-january-22-302662786.html,200,https://mma.prnewswire.com/media/2862967/Life_Time_x_EVEREVE.jpg?p=facebook,
SRC-077,Target and Roller Rabbit Debut an Exclusive Spring Getaway Collection,PRNewswire,press_release,2026-02-26,https://www.prnewswire.com/news-releases/target-and-roller-rabbit-debut-an-exclusive-spring-getaway-collection-302697146.html,200,https://mma.prnewswire.com/media/2918781/Roller_Rabbit_X_Target.jpg?p=facebook,
SRC-041,Cupshe Launches Casa del Sol,PRNewswire via StreetInsider,press_release,2026-02-26,https://www.streetinsider.com/Press%2BReleases/Cupshe%2BLaunches%2BCasa%2Bdel%2BSol%2C%2Ba%2BTwo-Part%2BCollection%2BCo-Designed%2Bwith%2BJessie%2BJames%2BDecker%2Band%2BEric%2BDecker/26067493.html,403,,http 403
SRC-046,RAEN Introduces Its Spring/Summer 2026 Collection,Shop Eat Surf Outdoor,press_release,2026-02-26,https://shop-eat-surf-outdoor.com/press-releases/raen-introduces-its-spring-summer-2026-collection/616930/,403,,http 403
SRC-042,Gymboree and Marchesa introduce Marchesa Mini x Gymboree,StockTitan,press_release,2026-02-19,https://www.stocktitan.net/news/PLCE/gymboree-and-marchesa-introduce-marchesa-mini-x-gymboree-a-9j4kcpqbwo0o.html,200,https://static.stocktitan.net/company-logo/plce-lg.png?v=c7bc8ddbd5,
SRC-034,Apparel Group Introduces Paul Smith Loves Barbour Spring/Summer 2026 Collection,Apparel Group,industry_media,2026-04-01,https://www.apparelgroup.com/en/news/apparel-group-introduces-paul-smith-loves-barbour-spring-summer-2026-collection/,200,https://www.apparelgroup.com/en/wp-content/uploads/2023/01/ag-stack-logo.jpeg,
SRC-017,Bloomingdale's launches new retail experience inspired by Wuthering Heights,FashionNetwork,industry_media,2026-01-16,https://ww.fashionnetwork.com/news/Bloomingdale-s-launches-new-retail-experience-inspired-by-wuthering-heights-%2C1798311.html,403,,http 403
SRC-010,Moncler and Rick Owens launch first summer collection,FashionNetwork,industry_media,2026-01-16,https://us.fashionnetwork.com/news/Moncler-and-rick-owens-launch-first-summer-collection%2C1798281.html,403,,http 403
SRC-062,Express teams up with Bebe for Y2K-inspired collection,FashionUnited,industry_media,2026-03-24,https://fashionunited.com/news/fashion/express-teams-up-with-bebe-for-y2k-inspired-collection/2026032471369,200,https://r.fashionunited.com/9_58BD9EqC07lJ_XeVShSctJWFtLM_eDTNMG6lg_Bak/resize:fit:1200:630:0/gravity:ce/quality:70/aHR0cHM6Ly9mYXNoaW9udW5pdGVkLmNvbS9pbWcvdXBsb2FkLzIwMjYvMDMvMjQvZXhwcmVzc3hiZWJlLW1hcmNoMjYtZTEydDY2ZGstMjAyNi0wMy0yNC5qcGVn.jpeg,
SRC-100,Weekend Max Mara et Sebago: l'ultime escale de leur collaboration pour l'été 2026,FashionUnited France,industry_media,2026-03-23,https://fashionunited.fr/actualite/mode/weekend-max-mara-et-sebago-lultime-escale-de-leur-collaboration-pour-lete-2026/2026032341121,200,https://r.fashionunited.com/bML0q0trYQa_riGX45Ql3vgfRlHsoKSjq-cqcmnG6OQ/resize:fit:1200:630:0/gravity:ce/quality:70/aHR0cHM6Ly9mYXNoaW9udW5pdGVkLmNvbS9pbWcvdXBsb2FkLzIwMjYvMDMvMjMvNTUyMTAxNjQwNjAwMi1hY2Nlc3Nvcmllcy1kZXRhaWwtMS0xNDEwMzMyMS1pbGF2MGc1YS0yMDI2LTAzLTIzLmpwZWc.jpeg,
SRC-101,Fred Perry x Kris Van Assche: Reinventing the Uniform of Youth,FashionUnited UK,industry_media,2026-02-23,https://fashionunited.uk/tags/fred-perry,200,,
SRC-106,Macy's Launches Capsule Collection by Knitwear Designer Khoboso Nale,FIT Newsroom,industry_media,2026-03-16,https://news.fitnyc.edu/2026/03/16/macys-launches-capsule-collection-of-knitwear-designer-khoboso-nale/,200,https://news.fitnyc.edu/wp-content/uploads/2026/03/macys-khaboso-feat.png,
SRC-068,Crew Clothing launches 2026 Regatta range,Henley Herald,industry_media,2026-03-19,https://www.henleyherald.com/2026/03/19/crew-clothing-launches-2026-regatta-range/,200,https://www.henleyherald.com/wp-content/uploads/2026/03/image001.jpg,
SRC-079,AE & Aerie x Smiley: The Feel-Good Summer Collection Launches,Licensing Magazine,industry_media,2026-03-20,https://www.licensingmagazine.com/2026/03/20/ae-aerie-x-smiley-the-feel-good-summer-collection-launches/,200,https://www.licensingmagazine.com/wp-content/uploads/2026/03/AE-Aerie-x-Smiley-The-Feel-Good-Summer-Collection-Launches.png,
SRC-024,PUMA Basketball Launches Fast & Furious Sneakers,Licensing Magazine,industry_media,2026-02-02,https://www.licensingmagazine.com/2026/02/02/puma-basketball-launches-fast-furious-sneakers/,200,https://www.licensingmagazine.com/wp-content/uploads/2026/02/PUMA-Basketball-x-Fast-and-Furious.png,
SRC-004,Red Wing x Human Made: Exclusive collection,ramp.space,industry_media,2026-01-03,https://www.ramp.space/en/artikel-blog/red-wing-x-human-made-exclusive-collection/,200,https://www.ramp.space/assets/image-cache/x-byarcessang1.e2bfb6d3.fcad5607.jpg,
SRC-103,Albaray launches clothing collaboration with interior stylist Anna Unwin,TheIndustry.fashion,industry_media,2026-03-17,https://www.theindustry.fashion/albaray-launches-clothing-collaboration-with-interior-stylist-anna-unwin/page/3/,200,https://www.theindustry.fashion/wp-content/uploads/2026/03/Untitled-design-2026-03-17T104921.213.png,
SRC-081,In Pictures: John Lewis launches second collaboration with Labrum for SS26,TheIndustry.fashion,industry_media,2026-03-19,https://www.theindustry.fashion/in-pictures-john-lewis-launches-second-collaboration-with-labrum-for-ss26/,200,https://www.theindustry.fashion/wp-content/uploads/2026/03/Untitled-design-2026-03-19T100848.760.png,
SRC-028,UNIQLO and JW ANDERSON Unveil 2026 Spring/Summer Collection,Alvinology,fashion_media,2026-02-16,https://alvinology.com/2026/02/16/uniqlo-and-jw-anderson-unveil-2026-spring-summer-collection-with-modern-preppy-twist/,403,,http 403
SRC-032,AnOther Loves: A Collaboration Without Boundaries,AnOther,fashion_media,2026-02-13,https://www.anothermag.com/fashion-beauty/16964/jimmy-choo-noir-kei-ninomiya,200,https://images-prod.anothermag.com/676/0-348-676-450/azure/another-prod/460/9/469449.JPG,
SRC-125,Alice + Olivia and PQ Swim Team Up on Spring Break-Ready Capsule,Daily Front Row,fashion_media,2026-03-03,https://fashionweekdaily.com/alice-olivia-pq-swim-spring-break-collaboration/,404,,http 404
SRC-012,Alpha Industries x Cecilie Bahnsen: Icons in Transformation,Design Scene,fashion_media,2026-01-12,https://www.designscene.net/2026/01/alpha-industries-x-cecilie-bahnsen-icons.html,200,https://www.designscene.net/wp-content/uploads/2026/01/Alpha-Industries-x-Cecilie-Behnsen-00.webp,
SRC-038,Moschino and Snoop Dogg Connect for a Limited Winter Collaboration,Design Scene,fashion_media,2026-02-06,https://www.designscene.net/2026/02/moschino-x-snoop-dogg-collaboration.html,200,https://www.designscene.net/wp-content/uploads/2026/02/Moschino-x-Snoop-Dogg-f.webp,
SRC-035,The Launch: Fashion News to Know This February,ELLE,fashion_media,2026-02-25,https://www.elle.com/fashion/a70201790/best-fashion-launches-february-2026/,200,"https://hips.hearstapps.com/hmg-prod/images/ff802966-5df2-4379-8c77-1df9adf13f84.jpeg?crop=1xw:0.38xh;0xw,0.274xh&resize=1200:*",
SRC-007,The Launch: Fashion News to Know This January,ELLE,fashion_media,2026-01-26,https://www.elle.com/fashion/a69947238/best-fashion-launches-january-2026/,200,"https://hips.hearstapps.com/hmg-prod/images/a9aa8cdc-44b6-4209-8e2e-9602c7446c19.jpg?crop=1xw:0.888888888889xh;center,top&resize=1200:*",
SRC-052,The Launch: Fashion News to Know This March,ELLE,fashion_media,2026-03-26,https://www.elle.com/fashion/a70574295/best-fashion-launches-march-2026/,200,"https://hips.hearstapps.com/hmg-prod/images/e4985f8b-df19-49a3-beb1-6d4de8f554fd.jpeg?crop=1xw:0.72xh;0xw,0.216xh&resize=1200:*",
SRC-076,Centre-Court Chic: Aman Tennis Club Launches Capsule Collection With The Webster,Hype Malaysia,fashion_media,2026-03-27,https://hype.my/centre-court-chic-aman-tennis-club-launches-capsule-collection-with-the-webster,200,https://hype.my/wp-content/uploads/2026/03/aman-tennis-club-x-the-webster.webp,
SRC-030,J.Crew Just Remixed Its Most Iconic Sweater,InsideHook,fashion_media,2026-02-12,https://www.insidehook.com/style/j-crew-rollneck-remix-2026,200,"https://www.insidehook.com/wp-content/uploads/2026/02/J.Crew-Rollneck-Remix-Hero.png?resize=1200,800",
SRC-027,No One Is Doing Designer Basics Better Than Uniqlo?,InsideHook,fashion_media,2026-02-06,https://www.insidehook.com/style/uniqlo-c-spring-summer-2026-collection,200,"https://www.insidehook.com/wp-content/uploads/2026/02/UniqloC-Hero.jpg?resize=1200,800",
SRC-069,Blackpink Launches Punk-Inspired Disney Capsule Collection in Collaboration with Complex,International Business Times Australia,fashion_media,2026-03-06,https://www.ibtimes.com.au/blackpink-launches-punk-inspired-disney-capsule-collection-collaboration-complex-1862746,200,https://d.ibtimes.com.au/en/full/1845554/blackpink-selena-gomez.jpg,
SRC-005,Red Wing launches HUMAN MADE collaboration in the UK,LDNFASHION,fashion_media,2026-01-28,https://www.ldnfashion.com/news/red-wing-launches-human-made-collaboration-in-the-uk/,200,https://i0.wp.com/www.ldnfashion.com/wp-content/uploads/2026/01/redwing-humanmade.jpg?fit=1500%2C1000&ssl=1,
SRC-021,"The Low-Down: All the Fashion Industry News you Need to Know, Now",Marie Claire UK,fashion_media,2026-04-27,https://www.marieclaire.co.uk/fashion/fashion-industry-news,200,https://cdn.mos.cms.futurecdn.net/qnE3ZY75vPKbzMjMLBYT7-1200-80.png,
SRC-036,On and Sky High Farm Goods are back with a wildflower-inspired trainer drop for SS26,T3,fashion_media,2026-02-01,https://www.t3.com/active/running/on-and-sky-high-farm-goods-are-back-with-a-wildflower-inspired-trainer-drop-for-ss26,200,https://cdn.mos.cms.futurecdn.net/AFiU7pkz8otbtgWS9tT8oK-2560-80.jpg,
SRC-071,This Icelandic outerwear brand just made Arc'teryx look a little less cool,T3,fashion_media,2026-03-10,https://www.t3.com/active/outerwear/66north-laufey-capsule-collection-launc-0326,200,https://cdn.mos.cms.futurecdn.net/Wzx2GT3iivEfckQPaiwRtg-1920-80.jpg,
SRC-055,Monse and Sperry Launch First Footwear Collaboration,The Impression,fashion_media,2026-03-19,https://theimpression.com/monse-and-sperry-launch-first-footwear-collaboration/,200,https://theimpression.com/wp-content/uploads/2026/03/Sperry-x-Monse-Spring-2025-News-The-Impression-001-low-resolution-v2-2x-faceai-v2-scaled.jpeg,
SRC-067,Clothing label Barehands launches capsule collection with actress Lim Shi-An,The Straits Times,fashion_media,2026-03-06,https://www.straitstimes.com/life/style/clothing-label-barehands-launches-retro-print-capsule-collection-with-actress-lim-shi-an,200,https://cassette.sphdigital.com.sg/image/straitstimes/8546f5265f325600fd5290a2b4c09cf72c016dc331f6cc6f6d76b848531c7316,
SRC-031,J.Crew Asked Five Emerging Designers to Reimagine Its Famous Rollneck Sweater,Town & Country,fashion_media,2026-02-10,https://www.townandcountrymag.com/g70247115/jcrew-rollneck-sweater-capsule-collection-2026/,200,"https://hips.hearstapps.com/hmg-prod/images/tcx-jcrewcollabs-2x1b-1-698a61368429a.jpg?crop=1.00xw:1.00xh;0,0&resize=1200:*",
SRC-011,"Best Fashion Collaborations, Launches, and Capsules 2026",W Magazine,fashion_media,2026-01-15,https://www.wmagazine.com/fashion/best-fashion-collaborations-launches-capsules-2026,200,https://imgix.bustle.com/uploads/image/2026/5/21/4f05eb78/zara-playa_0037.jpg?w=1200&h=630&fit=crop&crop=focalpoint&fm=jpg&fp-x=0.5415&fp-y=0.369,
SRC-072,Perfumer H and Studio Nicholson's scent is made to smell like slipping on a clean shirt,Wallpaper,fashion_media,2026-02-04,https://www.wallpaper.com/fashion-beauty/fragrance/perfumer-h-studio-nicholson-soap-fragrance-collaboration,200,https://cdn.mos.cms.futurecdn.net/DTwhSHSeUGtyEZ7ha9Qc8P-1539-80.jpg,
SRC-070,Pack Like Elsa Hosk in 2026,Who What Wear,fashion_media,2026-03-02,https://www.whowhatwear.com/fashion/swimwear/montce-x-elsa-hosk-capsule-collection-2026,200,https://cdn.mos.cms.futurecdn.net/iq4nrsCLHPyDaqS3qMLpHY-1200-80.jpg,
SRC-037,Meet the Fashion East AW26 lineup,Wonderland,fashion_media,2026-02-06,https://www.wonderlandmagazine.com/2026/02/06/meet-the-fashion-east-aw26-lineup/,200,https://media.wonderlandmagazine.com/uploads/2026/02/SnapInsta.to_571027546_18537740266046360_3122185740324672697_n.jpg,
SRC-058,Stetson and The Great Partner on Western-inspired Apparel and Accessories Collection,Yahoo Shopping,fashion_media,2026-03-05,https://shopping.yahoo.com/style/clothing/articles/stetson-great-partner-western-inspired-050100083.html,200,https://s.yimg.com/lo/mysterio/api/7303697edcb4cc4ca97a9d70a468eb331725ad9185b004353e4d00598d59b903/lightyear_networkapi/resizefill_w1200;quality_80;format_webp/https:%2F%2Fmedia.zenfs.com%2Fen%2Fwwd_409%2Ff7c86811a5f1d81375df726264fdef2b,
SRC-057,Agolde and Maria McManus Launch a Chic New Capsule,Yahoo Shopping / ELLE,fashion_media,2026-03-11,https://shopping.yahoo.com/style/shoes/articles/thom-browne-drops-sneaker-asics-172953501.html,200,https://s.yimg.com/lo/mysterio/api/845b13332a737256421391d1c3b046875cf0a20d70bb10f17caaf80988638cf7/lightyear_networkapi/resizefill_w1200;quality_80;format_webp/https:%2F%2Fmedia.zenfs.com%2Fen%2Felle_570%2F5e7250a379a57d02baa150f2793da563,
SRC-080,Subtitle Launches JUJUTSU KAISEN Collection,AnimeTV,release_media,2026-03-17,https://animetv-jp.net/news/subtitle-launches-jujutsu-kaisen-collection/,200,https://animetv-jp.net/wp-content/uploads/2026/03/Subtitle-JJK-Campaign-11-1.jpg,
SRC-045,Aimé Leon Dore SS26 Drops with New Balance,Finally Offline,release_media,2026-02-25,https://www.finallyoffline.com/article/aime-leon-dore-ss26-drops-with-new-balance,200,https://www.finallyoffline.com/og-home.png,
SRC-085,Palace x World Industries Collab Drops March 14,Finally Offline,release_media,2026-03-09,https://www.finallyoffline.com/article/palace-x-world-industries-collab-drops-march-14-mmjg2w73,200,https://www.finallyoffline.com/og-home.png,
SRC-086,Gap x Awake NY Streetwear Collection Drops March 27,FloraDress,release_media,2026-03-27,https://floradress.com/gap-awake-ny-collection-2026/,200,https://floradress.com/wp-content/uploads/2026/03/gap-x-awake-ny-collection-2026.webp,
SRC-056,Repetto x Kaia Gerber In Bloom Collection Launches March 2026,FloraDress,release_media,2026-03-26,https://floradress.com/repetto-kaia-gerber-in-bloom-collection-2026-2/,200,https://floradress.com/wp-content/uploads/2026/03/repetto-kaia-gerber-in-bloom-collection-2026.jpg,
SRC-054,ASICS x Thom Browne Make Super Bowl Debut Collab with GEL Kayano 14,Footwear Magazine,release_media,2026-03-01,https://footwearmagazine.com/asics-thom-browne-super-bowl-gel-kayano-14/,200,https://footwearmagazine.com/wp-content/uploads/2026/03/gsywbft9.jpg,
SRC-051,The North Face And Cecilie Bahnsen Drop Their Third Collab On March 26,Footwear Magazine,release_media,2026-03-25,https://footwearmagazine.com/the-north-face-cecilie-bahnsen-third-collab/,200,https://footwearmagazine.com/wp-content/uploads/2026/03/f2nzgxym.jpg,
SRC-039,AMERICANA x SALON adam et rope Launches 26SS Capsule Collection,Holiday Travel,release_media,2026-02-20,https://www.haveagood-holiday.com/en/articles/americana-salon-adam-et-rope-26ss-capsule-collection,200,https://assets.hldycdn.com/505d1a7c-72c9-4260-a30c-8122ec5752f4.jpeg,
SRC-066,FURFUR Launches Peanuts Capsule Collection Featuring Snoopy and Heart Motifs,Holiday Travel,release_media,2026-03-11,https://www.haveagood-holiday.com/en/articles/furfur-peanuts-capsule-collection-2026,200,https://assets.hldycdn.com/39386474-5677-4354-8ad3-a56fa178498e.jpeg,
SRC-040,NEWYORKER WOMEN Launches Spring 2026 Collaboration with Artisan & Artist,Holiday Travel,release_media,2026-02-19,https://www.haveagood-holiday.com/en/articles/newyorker-artisan-artist-2026-spring-collaboration-pouches,200,https://assets.hldycdn.com/c9903c98-565a-4c8c-888b-2b9b1598c79f.jpeg,
SRC-074,8 Drops You Don't Want to Miss This Week,Hypebeast,release_media,2026-03-27,https://hypebeast.com/2026/3/best-drops-march-week-4-palace-evisu-kith,200,https://image-cdn.hypb.st/https%3A%2F%2Fhypebeast.com%2Fimage%2F2026%2F03%2F25%2Fbest-drops-march-week-4-palace-evisu-kith-tw.jpg?w=1080&cbr=1&q=90&fit=max,
SRC-111,8 Drops You Don't Want to Miss This Week,Hypebeast,release_media,2026-03-07,https://hypebeast.com/2026/3/best-drops-march-week-1-kazuki-kuraishi-bape,404,,http 404
SRC-113,8 Drops You Don't Want to Miss This Week,Hypebeast,release_media,2026-02-12,https://hypebeast.com/2026/2/best-drops-february-week-2-palace-san-francisco-giants,404,,http 404
SRC-118,8 Drops You Don't Want to Miss This Week,Hypebeast,release_media,2026-02-20,https://hypebeast.com/2026/2/best-drops-february-week-3-anti-social-social-club-g-shock,404,,http 404
SRC-098,AGLXY x Comeback Kid Capsule Collaboration Release Info,Hypebeast,release_media,2026-01-26,https://hypebeast.com/2026/1/aglxy-ageless-galaxy-comback-kid-capsule-collaboration-release-info,200,https://image-cdn.hypb.st/https%3A%2F%2Fhypebeast.com%2Fimage%2F2026%2F01%2F21%2Faglxy-ageless-galaxy-comback-kid-capsule-collaboration-release-info-tw.jpg?w=1080&cbr=1&q=90&fit=max,
SRC-108,BAPE and New Era Reconnect for SS26,Hypebeast,release_media,2026-02-05,https://hypebeast.com/2026/2/bape-new-era-ss26-collaboration,404,,http 404
SRC-122,Barbour and Feng Chen Wang Celebrate the Year of the Horse,Hypebeast,release_media,2026-01-10,https://hypebeast.com/2026/1/barbour-feng-chen-wang-year-of-the-horse-capsule-release-info,404,,http 404
SRC-115,BTS' 'Artist-Made Collection' Brings Museum-Quality Merch to Fans,Hypebeast,release_media,2026-03-18,https://hypebeast.com/2026/3/bts-artist-made-collection-release-info,404,,http 404
SRC-107,Champion x UNDERCOVER Spring/Summer 2026 Collaboration,Hypebeast,release_media,2026-02-13,https://hypebeast.com/2026/2/champion-x-undercover-spring-summer-2026-collaboration,404,,http 404
SRC-110,CLOT and adidas Celebrate Lunar New Year With New Collection,Hypebeast,release_media,2026-01-27,https://hypebeast.com/2026/1/clot-adidas-lunar-new-year-2026-release-info,404,,http 404
SRC-114,Craig Green's Third Collaboration With Fred Perry Is a Nostalgic Tribute to British Subculture,Hypebeast,release_media,2026-03-18,https://hypebeast.com/2026/3/craig-green-fred-perry-third-collaboration-release-info,404,,http 404
SRC-119,Dickies and thisisneverthat Present the Latest Chapter of Their Ongoing Collaboration,Hypebeast,release_media,2026-01-16,https://hypebeast.com/2026/1/dickies-thisisneverthat-spring-summer-2026-collaboration,404,,http 404
SRC-124,Hello Kitty and Friends Decorate Converse Sneakers With Swarovski Crystals,Hypebeast,release_media,2026-01-17,https://hypebeast.com/2026/1/converse-hello-kitty-and-friends-swarovski-collaboration-release-info,404,,http 404
SRC-116,Holiday Joins Forces With Call of Duty for a New Capsule Collection,Hypebeast,release_media,2026-03-18,https://hypebeast.com/2026/3/call-of-duty-holiday-capsule-collection-release-info,404,,http 404
SRC-117,NEIGHBORHOOD and Team Ikuzawa Reunite for a Third Collaboration,Hypebeast,release_media,2026-02-19,https://hypebeast.com/2026/2/neighborhood-team-ikuzawa-spring-summer-2026-collaboration-release-info,404,,http 404
SRC-120,New Era Reveals Whimsical Doraemon Collection,Hypebeast,release_media,2026-01-15,https://hypebeast.com/2026/1/new-era-doraemon-collection-collaboration-release-info,404,,http 404
SRC-109,OUR LEGACY WORK SHOP and Goldwin Bridge City and Mountain,Hypebeast,release_media,2026-01-08,https://hypebeast.com/2026/1/our-legacy-work-shop-goldwin-collaboration-release-info,404,,http 404
SRC-123,Roc Nation's Paper Planes and the NFL Launch Super Bowl Capsule,Hypebeast,release_media,2026-02-05,https://hypebeast.com/2026/2/roc-nation-paper-planes-nfl-super-bowl-lx-capsule-collection-release-info,404,,http 404
SRC-097,Sport Meets Softness in Madhappy x PUMA's Second Capsule Collection,Hypebeast,release_media,2026-03-01,https://hypebeast.com/2026/3/madhappy-puma-capsule-collaboration-release-info,200,https://image-cdn.hypb.st/https%3A%2F%2Fhypebeast.com%2Fimage%2F2026%2F03%2F02%2Fmadhappy-puma-capsule-collaboration-release-info-tw.jpg?w=1080&cbr=1&q=90&fit=max,
SRC-082,Supreme x MM6 Maison Margiela Spring 2026 Collaboration,Hypebeast,release_media,2026-03-16,https://hypebeast.com/2026/3/mm6-maison-margiela-supreme-spring-2026-collaboration-collection-release-info,200,https://image-cdn.hypb.st/https%3A%2F%2Fhypebeast.com%2Fimage%2F2026%2F03%2F16%2Ftwmm6-maison-margiela-supreme-spring-2026-collaboration-collection-release-info.jpg?w=1080&cbr=1&q=90&fit=max,
SRC-126,Tom Sachs' NikeCraft ISRU Uniform Is Ready for Launch,Hypebeast,release_media,2026-02-19,https://hypebeast.com/2026/2/tom-sachs-nikecraft-isru-uniform-release-info,404,,http 404
SRC-112,UNDERCOVER x Dickies Spring/Summer 2026 Collection,Hypebeast,release_media,2026-03-05,https://hypebeast.com/2026/3/undercover-dickies-spring-summer-2026-collection,404,,http 404
SRC-121,WILDSIDE Yohji Yamamoto and NEEDLES Rejoin for a Monochromatic Capsule,Hypebeast,release_media,2026-01-14,https://hypebeast.com/2026/1/wildside-yohji-yamamoto-needles-collaboration-release-info,404,,http 404
SRC-044,Aimé Leon Dore Launches Spring/Summer 2026 Collection,Modern Notoriety,release_media,2026-02-19,https://modernnotoriety.com/aime-leon-dore-spring-summer-2026-collection-release-date/,200,https://modernnotoriety.com/wp-content/uploads/2026/02/aime-leon-dore-ss-26-release-date.jpg,
SRC-047,Converse Collabs With Oshi No Ko for an Anime-Inspired Collection,Outlook Respawn,release_media,2026-02-11,https://respawn.outlookindia.com/pop-culture/pop-culture-news/converse-collabs-with-oshi-no-ko-for-an-anime-inspired-collection,200,https://media.assettype.com/outlook-respawn/2026-02-10/h1dats10/74055-730-55f32d26b2.imresizer.jpg,
SRC-075,APC x Topologie: a second capsule collection blending iconic denim and technical design,SELECTA BISSO,release_media,2026-03-27,https://selectabisso.com/en/APCX-Topology%3A-A-second-capsule-collection-blending-iconic-denim-and-technical-design/,200,,
SRC-018,Kith Loyalty Exclusive Collection: an exclusive capsule collection with ASICS and New Era,SELECTA BISSO,release_media,2026-01-11,https://selectabisso.com/en/Kith-Loyalty-Exclusive-Collection%3A-An-exclusive-capsule-collection-with-Asics-and-New-Era/,200,https://selectabisso.com/wp-content/uploads/2026/01/IMG_9980.jpeg,
SRC-073,Kith x The Matrix: A Cyberpunk Capsule Merging Fashion and Cinema,SELECTA BISSO,release_media,2026-03-23,https://selectabisso.com/en/kith-x-the-matrix--a-cyberpunk-capsule-that-merges-fashion-and-cinema/,200,,
SRC-019,Solebox x BAPE Sta Tokyo Lights,SELECTA BISSO,release_media,2026-01-20,https://selectabisso.com/en/solebox-x-bape-sta-tokyo-lights-une-exclusivite-parisienne-entre-heritage-et-eclat-nocturne/,200,https://selectabisso.com/wp-content/uploads/2026/01/solebox-bape-bapesta-tokyo-lights-2.jpg,
SRC-043,Technics x JOURNAL STANDARD: a fashion capsule collection,SELECTA BISSO,release_media,2026-02-27,https://selectabisso.com/en/Technics-x-Journal-Standard%3A-a-fashion-capsule-collection-paying-homage-to-the-legendary-SL-1200/,200,,
SRC-088,Bad Bunny And adidas Announce The Badbo 1.0 Rise And First Apparel Collection,Sneaker News,release_media,2026-03-16,https://sneakernews.com/2026/03/17/adidas-badbo-1-0-rise-js3886-release-date/,403,,http 403
SRC-049,Cactus Plant Flea Market's Nike ACG Collection Is Available Now,Sneaker News,release_media,2026-02-27,https://sneakernews.com/2026/02/26/cactus-plant-flea-market-nike-acg/,403,,http 403
SRC-091,Jordan Brand Dives Into World Cup Fever With Footwear And Brazil Apparel,Sneaker News,release_media,2026-03-12,https://sneakernews.com/2026/03/12/jordan-brand-brazil-world-cup-2026/,403,,http 403
SRC-053,Kith Officially Unveils First On Running K-Tech Models,Sneaker News,release_media,2026-03-04,https://sneakernews.com/2026/02/27/kith-on-running-k-tech-2026/,403,,http 403
SRC-090,Pharrell's adidas EVO SL HUMANRACE Mars Releases March 21st,Sneaker News,release_media,2026-03-16,https://sneakernews.com/2025/11/03/pharrell-adidas-evo-sl-preloved-brown-kj8809/,403,,http 403
SRC-050,Rakeem Miles Hits Action Figure Mode For Third K-Swiss Collaboration,Sneaker News,release_media,2026-02-27,https://sneakernews.com/2026/02/23/rakeem-miles-k-swiss-court-tie-break/,403,,http 403
SRC-083,Supreme Money Boot MM6 Maison Margiela,Sneaker News,release_media,2026-03-16,https://sneakernews.com/2026/03/16/supreme-mm6-maison-margiela-timberland-money-boot/,403,,http 403
SRC-022,The BAPE x adidas World Cup Pack Launches On February 7th,Sneaker News,release_media,2026-02-02,https://sneakernews.com/2025/08/11/bape-adidas-world-cup-2026/,403,,http 403
SRC-023,The Just Don x Bape Collection Drops February 14th,Sneaker News,release_media,2026-02-09,https://sneakernews.com/2026/02/05/just-don-bape-sta-2026/,403,,http 403
SRC-048,The Whitaker Group Just Launched A Massive adidas Collection,Sneaker News,release_media,2026-02-20,https://sneakernews.com/2026/02/19/the-whitaker-group-adidas-2026/,403,,http 403
SRC-089,Thug Club Taps Jalen Williams To Debut Next adidas Capsule,Sneaker News,release_media,2026-03-18,https://sneakernews.com/2026/03/13/thug-club-adidas-spring-2026/,403,,http 403
SRC-020,Now Available: Anti-Social Social Club x NFL Super Bowl Collection,Sneaker Shouts,release_media,2026-01-28,https://www.sneakershouts.com/fashion/2026/1/28/now-available-anti-social-social-club-x-nfl-super-bowl-collection,200,http://static1.squarespace.com/static/532313ece4b08487acaec7a2/58659f84d1758e4aacc02021/697a37fe66448473a5195087/1769617496189/624223595_18554085826055864_4957461133251326599_n.jpg?format=1500w,
SRC-033,Now Available: Harlem Fashion Row x GAP Collection,Sneaker Shouts,release_media,2026-02-17,https://www.sneakershouts.com/fashion/2026/2/17/now-available-harlem-fashion-row-x-gap-collection,200,http://static1.squarespace.com/static/532313ece4b08487acaec7a2/58659f84d1758e4aacc02021/6995389adbe118200801dc4f/1771387106461/cn61831776.png?format=1500w,
SRC-064,TOGA x Umbro First Capsule Collection,SNKRDUNK Magazine,release_media,2026-03-19,https://snkrdunk.com/en/magazine/2026/03/19/toga-x-umbro-first-capsule-collection-19th-march-2026/,200,https://snkrdunk.s3.ap-northeast-1.amazonaws.com/en/magazine/wp-content/uploads/2026/03/19110116/311a5811-14bb-478c-86d3-1886406c1e7f.jpg,
SRC-065,TOGA x Umbro SS26 Release Date/Price/Where To Buy,SNKRDUNK Magazine,release_media,2025-07-21,https://snkrdunk.com/en/magazine/2025/07/21/toga-x-umbro-ss26-release-date-price-where-to-buy/,200,https://snkrdunk.s3.ap-northeast-1.amazonaws.com/en/magazine/wp-content/uploads/2025/07/21102159/TOGA-UMBRO-SS26-6.webp,
SRC-095,BAPE and CLOT Combine Forces for New Capsule Collection,Sole Retriever,release_media,2026-01-15,https://www.soleretriever.com/news/articles/bape-clot-collection-release-date-january-2026,200,"https://images.soleretriever.com/blog/40b85eaf43a323e44f917b0012e3efa817bf7393-620x380.png?rect=0,27,620,326&w=1200&h=630&fit=fill&auto=format",
SRC-084,SP5DER's Two adidas Superstars Drop Early March 2026,Sole Retriever,release_media,2026-02-27,https://www.soleretriever.com/news/sp5der-adidas-superstars-collection-release-date-march-2026,200,"https://images.soleretriever.com/blog/863ebec6927fda72ffa3eee9cc34a5fcf4db5614-620x380.png?rect=0,27,620,326&w=1200&h=630&fit=fill&auto=format",
